/*******************************************************************************
 * Size: 16 px
 * Bpp: 4
 * Opts: --no-compress --no-prefilter --bpp 4 --size 16 --font Montserrat-SemiBold.ttf -r 0x20-0x7F,0xA1-0x17F,0x2022 --font NotoSansSC-Medium.otf --symbols 、。一上下不中为么二产亮什仅从休估位住余佳使保信值充先入公写准出击分到剩加动勿匹协卡印即厂压发取可号名后向启和品喷嘴器回在地址型域备复外够失好安定密导将小尝就局屏已幕干并床度开式弱录径待态恢您我或戳户打扫找择持按换据接推描支放教数文料断新方无时是暂更最有未本机板极查标根检槽模次正此池没法测消添清温源满点烘热然版牌状用电留登的盘直看眠码确离种程稍空第等签算箱类线绑络继绪续维网置者能自般良色装观言认议设证试语误请读负败账足载较近返还这连退送适选通道邮配重量钟钥错长间除需靠颜，？ --format lvgl -o font_ui_bold_16.c --force-fast-kern-format
 ******************************************************************************/

#ifdef LV_LVGL_H_INCLUDE_SIMPLE
#include "lvgl.h"
#else
#include "lvgl/lvgl.h"
#endif

#ifndef FONT_UI_BOLD_16
#define FONT_UI_BOLD_16 1
#endif

#if FONT_UI_BOLD_16

/*-----------------
 *    BITMAPS
 *----------------*/

/*Store the image of the glyphs*/
static LV_ATTRIBUTE_LARGE_CONST const uint8_t glyph_bitmap[] = {
    /* U+0020 " " */

    /* U+0021 "!" */
    0xe, 0xf6, 0xd, 0xf5, 0xd, 0xf4, 0xc, 0xf3,
    0xb, 0xf3, 0xa, 0xf2, 0xa, 0xf1, 0x7, 0xd0,
    0x0, 0x0, 0x4, 0x80, 0xf, 0xf6, 0xb, 0xe3,

    /* U+0022 "\"" */
    0x1f, 0x90, 0xfb, 0x1f, 0x90, 0xfa, 0xf, 0x80,
    0xfa, 0xf, 0x80, 0xe9, 0x9, 0x40, 0x95,

    /* U+0023 "#" */
    0x0, 0x7, 0xf0, 0x5, 0xf2, 0x0, 0x0, 0x9,
    0xd0, 0x7, 0xf0, 0x0, 0x0, 0xb, 0xc0, 0x8,
    0xe0, 0x0, 0x1f, 0xff, 0xff, 0xff, 0xff, 0xf0,
    0x8, 0x8f, 0xc8, 0x8e, 0xd8, 0x80, 0x0, 0xf,
    0x60, 0xe, 0x80, 0x0, 0x0, 0x2f, 0x40, 0xf,
    0x60, 0x0, 0x58, 0xaf, 0x98, 0x9f, 0xa8, 0x30,
    0xaf, 0xff, 0xff, 0xff, 0xff, 0x70, 0x0, 0x8e,
    0x0, 0x5f, 0x10, 0x0, 0x0, 0xac, 0x0, 0x7f,
    0x0, 0x0, 0x0, 0xcb, 0x0, 0x9d, 0x0, 0x0,

    /* U+0024 "$" */
    0x0, 0x0, 0x58, 0x0, 0x0, 0x0, 0x0, 0x8c,
    0x0, 0x0, 0x0, 0x6c, 0xff, 0xeb, 0x40, 0x8,
    0xff, 0xff, 0xff, 0xd0, 0xf, 0xf4, 0x8c, 0x4,
    0x50, 0x2f, 0xe0, 0x8c, 0x0, 0x0, 0xf, 0xfa,
    0xac, 0x0, 0x0, 0x6, 0xff, 0xff, 0x93, 0x0,
    0x0, 0x29, 0xef, 0xff, 0x90, 0x0, 0x0, 0x8d,
    0x8f, 0xf4, 0x0, 0x0, 0x8c, 0x9, 0xf7, 0xc,
    0x50, 0x8c, 0x1d, 0xf5, 0x4f, 0xff, 0xef, 0xff,
    0xc0, 0x4, 0xae, 0xff, 0xe8, 0x0, 0x0, 0x0,
    0x8c, 0x0, 0x0, 0x0, 0x0, 0x8c, 0x0, 0x0,

    /* U+0025 "%" */
    0x5, 0xde, 0x90, 0x0, 0x6, 0xf2, 0x0, 0x1f,
    0x74, 0xe8, 0x0, 0x1e, 0x80, 0x0, 0x6e, 0x0,
    0x8c, 0x0, 0xad, 0x0, 0x0, 0x6e, 0x0, 0x7d,
    0x4, 0xf4, 0x0, 0x0, 0x2f, 0x41, 0xc9, 0xe,
    0x90, 0x0, 0x0, 0x7, 0xff, 0xc1, 0x9e, 0x10,
    0x0, 0x0, 0x0, 0x1, 0x3, 0xf5, 0x1b, 0xec,
    0x20, 0x0, 0x0, 0xd, 0xb0, 0xcb, 0x3a, 0xd0,
    0x0, 0x0, 0x8f, 0x10, 0xf3, 0x2, 0xf2, 0x0,
    0x2, 0xf6, 0x0, 0xf3, 0x2, 0xf2, 0x0, 0xc,
    0xc0, 0x0, 0xcb, 0x3a, 0xd0, 0x0, 0x6f, 0x20,
    0x0, 0x2b, 0xfc, 0x20,

    /* U+0026 "&" */
    0x0, 0x9, 0xef, 0xc3, 0x0, 0x0, 0x0, 0xaf,
    0xb8, 0xee, 0x0, 0x0, 0x0, 0xfe, 0x0, 0x8f,
    0x30, 0x0, 0x0, 0xef, 0x11, 0xdf, 0x10, 0x0,
    0x0, 0x6f, 0xde, 0xf6, 0x0, 0x0, 0x0, 0x2f,
    0xff, 0x40, 0x0, 0x0, 0x4, 0xfe, 0xbf, 0xc1,
    0x2c, 0x40, 0x1f, 0xe2, 0x9, 0xfc, 0x8f, 0x50,
    0x4f, 0xa0, 0x0, 0x9f, 0xfe, 0x0, 0x3f, 0xe1,
    0x0, 0x2e, 0xfd, 0x0, 0xb, 0xff, 0xcc, 0xff,
    0xcf, 0xb0, 0x0, 0x8d, 0xfe, 0xb4, 0x9, 0x50,
    0x0, 0x0, 0x0, 0x0, 0x0, 0x0,

    /* U+0027 "'" */
    0x1f, 0x91, 0xf9, 0xf, 0x80, 0xf8, 0x9, 0x40,

    /* U+0028 "(" */
    0x0, 0xee, 0x0, 0x7f, 0x70, 0xd, 0xf1, 0x2,
    0xfc, 0x0, 0x5f, 0x90, 0x8, 0xf6, 0x0, 0x9f,
    0x50, 0xa, 0xf5, 0x0, 0x9f, 0x50, 0x8, 0xf6,
    0x0, 0x5f, 0x90, 0x2, 0xfc, 0x0, 0xd, 0xf1,
    0x0, 0x7f, 0x70, 0x0, 0xee, 0x0,

    /* U+0029 ")" */
    0x6f, 0x80, 0x0, 0xef, 0x10, 0x8, 0xf6, 0x0,
    0x3f, 0xb0, 0x0, 0xfe, 0x0, 0xe, 0xf1, 0x0,
    0xcf, 0x20, 0xc, 0xf3, 0x0, 0xcf, 0x20, 0xe,
    0xf1, 0x0, 0xfe, 0x0, 0x3f, 0xb0, 0x8, 0xf6,
    0x0, 0xef, 0x10, 0x6f, 0x80, 0x0,

    /* U+002A "*" */
    0x0, 0x4e, 0x0, 0x6, 0x95, 0xe3, 0xc1, 0x4d,
    0xff, 0xfa, 0x10, 0x7f, 0xfe, 0x40, 0x8e, 0xaf,
    0x9f, 0x31, 0x14, 0xe0, 0x20, 0x0, 0x15, 0x0,
    0x0,

    /* U+002B "+" */
    0x0, 0x18, 0x40, 0x0, 0x0, 0x2f, 0x90, 0x0,
    0x0, 0x2f, 0x90, 0x0, 0xaa, 0xbf, 0xda, 0xa4,
    0xff, 0xff, 0xff, 0xf6, 0x0, 0x2f, 0x90, 0x0,
    0x0, 0x2f, 0x90, 0x0, 0x0, 0x2f, 0x90, 0x0,

    /* U+002C "," */
    0x1, 0x0, 0x2f, 0xe1, 0x3f, 0xf3, 0xb, 0xe0,
    0xd, 0x90, 0x1f, 0x40,

    /* U+002D "-" */
    0x1b, 0xbb, 0xb3, 0x2f, 0xff, 0xf4,

    /* U+002E "." */
    0xa, 0x90, 0x5f, 0xf3, 0x1d, 0xd0,

    /* U+002F "/" */
    0x0, 0x0, 0x2, 0x84, 0x0, 0x0, 0x8, 0xf4,
    0x0, 0x0, 0xe, 0xe0, 0x0, 0x0, 0x3f, 0x90,
    0x0, 0x0, 0x9f, 0x30, 0x0, 0x0, 0xee, 0x0,
    0x0, 0x3, 0xf8, 0x0, 0x0, 0x9, 0xf3, 0x0,
    0x0, 0xe, 0xd0, 0x0, 0x0, 0x4f, 0x80, 0x0,
    0x0, 0x9f, 0x20, 0x0, 0x0, 0xed, 0x0, 0x0,
    0x4, 0xf8, 0x0, 0x0, 0xa, 0xf2, 0x0, 0x0,
    0xf, 0xd0, 0x0, 0x0, 0x5f, 0x70, 0x0, 0x0,

    /* U+0030 "0" */
    0x0, 0x8, 0xdf, 0xd6, 0x0, 0x0, 0xc, 0xff,
    0xff, 0xf9, 0x0, 0x8, 0xfd, 0x20, 0x4e, 0xf4,
    0x0, 0xef, 0x30, 0x0, 0x7f, 0xa0, 0x2f, 0xe0,
    0x0, 0x2, 0xfe, 0x4, 0xfd, 0x0, 0x0, 0xf,
    0xf0, 0x4f, 0xd0, 0x0, 0x0, 0xff, 0x2, 0xfe,
    0x0, 0x0, 0x2f, 0xe0, 0xe, 0xf3, 0x0, 0x7,
    0xfa, 0x0, 0x8f, 0xd2, 0x4, 0xff, 0x40, 0x0,
    0xcf, 0xff, 0xff, 0x90, 0x0, 0x0, 0x8e, 0xfd,
    0x60, 0x0,

    /* U+0031 "1" */
    0xef, 0xff, 0x9b, 0xde, 0xf9, 0x0, 0x8f, 0x90,
    0x8, 0xf9, 0x0, 0x8f, 0x90, 0x8, 0xf9, 0x0,
    0x8f, 0x90, 0x8, 0xf9, 0x0, 0x8f, 0x90, 0x8,
    0xf9, 0x0, 0x8f, 0x90, 0x8, 0xf9,

    /* U+0032 "2" */
    0x3, 0xae, 0xfd, 0x80, 0x7, 0xff, 0xfe, 0xff,
    0xc0, 0x4e, 0x50, 0x3, 0xff, 0x30, 0x0, 0x0,
    0xc, 0xf5, 0x0, 0x0, 0x0, 0xef, 0x30, 0x0,
    0x0, 0x8f, 0xd0, 0x0, 0x0, 0x6f, 0xf2, 0x0,
    0x0, 0x6f, 0xf3, 0x0, 0x0, 0x6f, 0xf3, 0x0,
    0x0, 0x6f, 0xf3, 0x0, 0x0, 0x4f, 0xfe, 0xdd,
    0xdd, 0xa7, 0xff, 0xff, 0xff, 0xfd,

    /* U+0033 "3" */
    0x7f, 0xff, 0xff, 0xff, 0x35, 0xdd, 0xdd, 0xef,
    0xf1, 0x0, 0x0, 0xd, 0xf5, 0x0, 0x0, 0xa,
    0xf9, 0x0, 0x0, 0x7, 0xfc, 0x0, 0x0, 0x0,
    0xef, 0xfd, 0x40, 0x0, 0x7, 0x9c, 0xff, 0x20,
    0x0, 0x0, 0xb, 0xf8, 0x0, 0x0, 0x0, 0x7f,
    0x96, 0xa2, 0x0, 0x2e, 0xf6, 0xcf, 0xff, 0xef,
    0xfd, 0x1, 0x7c, 0xff, 0xd8, 0x0,

    /* U+0034 "4" */
    0x0, 0x0, 0x4, 0xfd, 0x0, 0x0, 0x0, 0x1,
    0xef, 0x30, 0x0, 0x0, 0x0, 0xcf, 0x70, 0x0,
    0x0, 0x0, 0x8f, 0xb0, 0x0, 0x0, 0x0, 0x4f,
    0xe1, 0x2, 0x10, 0x0, 0x1e, 0xf4, 0x4, 0xfb,
    0x0, 0xb, 0xf9, 0x0, 0x4f, 0xb0, 0x5, 0xff,
    0xdd, 0xdd, 0xff, 0xd9, 0x7f, 0xff, 0xff, 0xff,
    0xff, 0xb0, 0x0, 0x0, 0x5, 0xfb, 0x0, 0x0,
    0x0, 0x0, 0x5f, 0xb0, 0x0, 0x0, 0x0, 0x5,
    0xfb, 0x0,

    /* U+0035 "5" */
    0x6, 0xff, 0xff, 0xff, 0x30, 0x8f, 0xed, 0xdd,
    0xd2, 0x9, 0xf5, 0x0, 0x0, 0x0, 0xaf, 0x30,
    0x0, 0x0, 0xc, 0xf2, 0x0, 0x0, 0x0, 0xdf,
    0xff, 0xea, 0x30, 0xc, 0xdd, 0xef, 0xff, 0x30,
    0x0, 0x0, 0x1b, 0xfb, 0x0, 0x0, 0x0, 0x4f,
    0xc2, 0xb3, 0x0, 0x1b, 0xfa, 0x9f, 0xff, 0xef,
    0xff, 0x20, 0x6b, 0xef, 0xea, 0x20,

    /* U+0036 "6" */
    0x0, 0x5, 0xbe, 0xfd, 0x80, 0x0, 0x9f, 0xfe,
    0xdf, 0xc0, 0x6, 0xfe, 0x40, 0x0, 0x10, 0xd,
    0xf4, 0x0, 0x0, 0x0, 0x1f, 0xf1, 0x8a, 0x95,
    0x0, 0x3f, 0xef, 0xff, 0xff, 0xa0, 0x4f, 0xfd,
    0x30, 0x4e, 0xf5, 0x3f, 0xf4, 0x0, 0x8, 0xf9,
    0xf, 0xf3, 0x0, 0x7, 0xf9, 0xa, 0xfa, 0x0,
    0xd, 0xf5, 0x1, 0xef, 0xeb, 0xef, 0xc0, 0x0,
    0x19, 0xef, 0xe8, 0x0,

    /* U+0037 "7" */
    0x8f, 0xff, 0xff, 0xff, 0xf2, 0x8f, 0xed, 0xdd,
    0xef, 0xf1, 0x8f, 0x60, 0x0, 0x7f, 0xb0, 0x7e,
    0x50, 0x0, 0xef, 0x40, 0x0, 0x0, 0x4, 0xfe,
    0x0, 0x0, 0x0, 0xb, 0xf7, 0x0, 0x0, 0x0,
    0x2f, 0xf1, 0x0, 0x0, 0x0, 0x8f, 0xa0, 0x0,
    0x0, 0x0, 0xef, 0x30, 0x0, 0x0, 0x6, 0xfd,
    0x0, 0x0, 0x0, 0xc, 0xf6, 0x0, 0x0, 0x0,
    0x3f, 0xf0, 0x0, 0x0,

    /* U+0038 "8" */
    0x0, 0x4b, 0xff, 0xd8, 0x0, 0x5, 0xff, 0xcb,
    0xff, 0xc0, 0xd, 0xf6, 0x0, 0x1e, 0xf4, 0xe,
    0xf2, 0x0, 0xb, 0xf5, 0xa, 0xfa, 0x10, 0x5f,
    0xf1, 0x1, 0xdf, 0xff, 0xff, 0x50, 0x9, 0xff,
    0xa9, 0xdf, 0xe1, 0x2f, 0xf1, 0x0, 0xa, 0xf9,
    0x5f, 0xc0, 0x0, 0x5, 0xfc, 0x2f, 0xf3, 0x0,
    0xb, 0xf9, 0xa, 0xff, 0xcb, 0xef, 0xe2, 0x0,
    0x6c, 0xff, 0xd9, 0x10,

    /* U+0039 "9" */
    0x0, 0x8d, 0xfe, 0x91, 0x0, 0xb, 0xfe, 0xbe,
    0xfe, 0x10, 0x5f, 0xd1, 0x0, 0x9f, 0xa0, 0x8f,
    0x70, 0x0, 0x2f, 0xf0, 0x8f, 0x80, 0x0, 0x3f,
    0xf3, 0x4f, 0xf4, 0x3, 0xdf, 0xf4, 0xa, 0xff,
    0xff, 0xfe, 0xf4, 0x0, 0x59, 0xa8, 0x2e, 0xf2,
    0x0, 0x0, 0x0, 0x3f, 0xd0, 0x1, 0x0, 0x4,
    0xef, 0x60, 0xb, 0xfd, 0xff, 0xf9, 0x0, 0x8,
    0xdf, 0xeb, 0x50, 0x0,

    /* U+003A ":" */
    0x1d, 0xc0, 0x5f, 0xf3, 0xa, 0x90, 0x0, 0x0,
    0x0, 0x0, 0x0, 0x0, 0xa, 0x90, 0x5f, 0xf3,
    0x1d, 0xd0,

    /* U+003B ";" */
    0x1d, 0xc0, 0x5f, 0xf3, 0xa, 0x90, 0x0, 0x0,
    0x0, 0x0, 0x0, 0x0, 0x1d, 0xd0, 0x4f, 0xf3,
    0xc, 0xf0, 0xc, 0xa0, 0xf, 0x40, 0x2, 0x0,

    /* U+003C "<" */
    0x0, 0x0, 0x0, 0x54, 0x0, 0x2, 0x8e, 0xf6,
    0x5, 0xbf, 0xfc, 0x60, 0xdf, 0xe8, 0x20, 0x0,
    0xff, 0x93, 0x0, 0x0, 0x3a, 0xff, 0xd6, 0x10,
    0x0, 0x17, 0xdf, 0xf5, 0x0, 0x0, 0x4, 0xa6,
    0x0, 0x0, 0x0, 0x0,

    /* U+003D "=" */
    0xff, 0xff, 0xff, 0xf6, 0xaa, 0xaa, 0xaa, 0xa4,
    0x0, 0x0, 0x0, 0x0, 0x0, 0x0, 0x0, 0x0,
    0xff, 0xff, 0xff, 0xf6, 0xaa, 0xaa, 0xaa, 0xa4,

    /* U+003E ">" */
    0x82, 0x0, 0x0, 0x0, 0xff, 0xb5, 0x0, 0x0,
    0x39, 0xff, 0xe8, 0x10, 0x0, 0x5, 0xcf, 0xf5,
    0x0, 0x1, 0x6e, 0xf6, 0x4, 0xaf, 0xfd, 0x71,
    0xdf, 0xfa, 0x30, 0x0, 0xc7, 0x10, 0x0, 0x0,
    0x0, 0x0, 0x0, 0x0,

    /* U+003F "?" */
    0x3, 0xbe, 0xfd, 0x81, 0x7, 0xff, 0xed, 0xff,
    0xd0, 0x5d, 0x40, 0x2, 0xff, 0x30, 0x0, 0x0,
    0xd, 0xf4, 0x0, 0x0, 0x4, 0xfe, 0x0, 0x0,
    0x4, 0xff, 0x40, 0x0, 0x1, 0xef, 0x40, 0x0,
    0x0, 0x6f, 0xa0, 0x0, 0x0, 0x0, 0x0, 0x0,
    0x0, 0x0, 0x18, 0x30, 0x0, 0x0, 0xa, 0xfc,
    0x0, 0x0, 0x0, 0x5f, 0x70, 0x0,

    /* U+0040 "@" */
    0x0, 0x0, 0x18, 0xce, 0xfe, 0xb5, 0x0, 0x0,
    0x0, 0x6, 0xff, 0xa7, 0x67, 0xbf, 0xd2, 0x0,
    0x0, 0x7f, 0x90, 0x0, 0x0, 0x2, 0xcf, 0x20,
    0x3, 0xf8, 0x0, 0x58, 0x83, 0x49, 0x3d, 0xc0,
    0xb, 0xd0, 0xb, 0xff, 0xff, 0xdf, 0x52, 0xf4,
    0xf, 0x70, 0x7f, 0xc2, 0x17, 0xff, 0x50, 0xc9,
    0x3f, 0x40, 0xdf, 0x10, 0x0, 0xaf, 0x50, 0x9c,
    0x4f, 0x30, 0xfe, 0x0, 0x0, 0x7f, 0x50, 0x8d,
    0x3f, 0x40, 0xef, 0x0, 0x0, 0x8f, 0x50, 0x9b,
    0xf, 0x70, 0x9f, 0x60, 0x1, 0xef, 0x50, 0xd8,
    0xb, 0xd0, 0x2f, 0xfb, 0xae, 0xdf, 0xdb, 0xf2,
    0x3, 0xf8, 0x2, 0xbf, 0xea, 0x19, 0xfe, 0x50,
    0x0, 0x8f, 0x90, 0x0, 0x0, 0x0, 0x0, 0x0,
    0x0, 0x7, 0xff, 0xa7, 0x67, 0xb8, 0x0, 0x0,
    0x0, 0x0, 0x18, 0xce, 0xfe, 0xa4, 0x0, 0x0,

    /* U+0041 "A" */
    0x0, 0x0, 0x4, 0xff, 0x30, 0x0, 0x0, 0x0,
    0x0, 0xa, 0xff, 0xa0, 0x0, 0x0, 0x0, 0x0,
    0x1f, 0xde, 0xf1, 0x0, 0x0, 0x0, 0x0, 0x8f,
    0x67, 0xf7, 0x0, 0x0, 0x0, 0x0, 0xef, 0x1,
    0xfe, 0x0, 0x0, 0x0, 0x5, 0xf9, 0x0, 0xaf,
    0x50, 0x0, 0x0, 0xc, 0xf3, 0x0, 0x4f, 0xb0,
    0x0, 0x0, 0x3f, 0xfb, 0xbb, 0xbf, 0xf2, 0x0,
    0x0, 0x9f, 0xff, 0xff, 0xff, 0xf9, 0x0, 0x1,
    0xff, 0x0, 0x0, 0x1, 0xff, 0x0, 0x7, 0xf9,
    0x0, 0x0, 0x0, 0xaf, 0x60, 0xd, 0xf3, 0x0,
    0x0, 0x0, 0x4f, 0xd0,

    /* U+0042 "B" */
    0x8f, 0xff, 0xff, 0xeb, 0x40, 0x8, 0xfd, 0xbb,
    0xbd, 0xff, 0x50, 0x8f, 0x90, 0x0, 0x9, 0xfc,
    0x8, 0xf9, 0x0, 0x0, 0x4f, 0xd0, 0x8f, 0x90,
    0x0, 0x8, 0xfa, 0x8, 0xfd, 0xbb, 0xbd, 0xfd,
    0x10, 0x8f, 0xff, 0xff, 0xff, 0xe5, 0x8, 0xf9,
    0x0, 0x0, 0x5f, 0xf2, 0x8f, 0x90, 0x0, 0x0,
    0xbf, 0x68, 0xf9, 0x0, 0x0, 0x1e, 0xf5, 0x8f,
    0xdb, 0xbb, 0xcf, 0xfe, 0x8, 0xff, 0xff, 0xff,
    0xe9, 0x10,

    /* U+0043 "C" */
    0x0, 0x2, 0x9d, 0xfe, 0xb5, 0x0, 0x0, 0x5f,
    0xff, 0xef, 0xff, 0xa0, 0x3, 0xff, 0x91, 0x0,
    0x4e, 0x80, 0xc, 0xf9, 0x0, 0x0, 0x1, 0x0,
    0x1f, 0xf1, 0x0, 0x0, 0x0, 0x0, 0x4f, 0xd0,
    0x0, 0x0, 0x0, 0x0, 0x4f, 0xd0, 0x0, 0x0,
    0x0, 0x0, 0x1f, 0xf1, 0x0, 0x0, 0x0, 0x0,
    0xc, 0xf9, 0x0, 0x0, 0x1, 0x0, 0x3, 0xff,
    0x91, 0x0, 0x5e, 0x90, 0x0, 0x5f, 0xff, 0xff,
    0xff, 0xa0, 0x0, 0x2, 0x9e, 0xfe, 0xb5, 0x0,

    /* U+0044 "D" */
    0x8f, 0xff, 0xff, 0xea, 0x40, 0x0, 0x8f, 0xed,
    0xdd, 0xff, 0xf9, 0x0, 0x8f, 0x90, 0x0, 0x6,
    0xff, 0x70, 0x8f, 0x90, 0x0, 0x0, 0x5f, 0xf0,
    0x8f, 0x90, 0x0, 0x0, 0xd, 0xf5, 0x8f, 0x90,
    0x0, 0x0, 0xa, 0xf7, 0x8f, 0x90, 0x0, 0x0,
    0xa, 0xf7, 0x8f, 0x90, 0x0, 0x0, 0xd, 0xf5,
    0x8f, 0x90, 0x0, 0x0, 0x4f, 0xf0, 0x8f, 0x90,
    0x0, 0x6, 0xff, 0x70, 0x8f, 0xed, 0xdd, 0xff,
    0xf9, 0x0, 0x8f, 0xff, 0xff, 0xea, 0x40, 0x0,

    /* U+0045 "E" */
    0x8f, 0xff, 0xff, 0xff, 0xb8, 0xfe, 0xdd, 0xdd,
    0xd9, 0x8f, 0x90, 0x0, 0x0, 0x8, 0xf9, 0x0,
    0x0, 0x0, 0x8f, 0x90, 0x0, 0x0, 0x8, 0xfe,
    0xcc, 0xcc, 0xc0, 0x8f, 0xff, 0xff, 0xff, 0x8,
    0xf9, 0x0, 0x0, 0x0, 0x8f, 0x90, 0x0, 0x0,
    0x8, 0xf9, 0x0, 0x0, 0x0, 0x8f, 0xed, 0xdd,
    0xdd, 0xb8, 0xff, 0xff, 0xff, 0xfe,

    /* U+0046 "F" */
    0x8f, 0xff, 0xff, 0xff, 0xb8, 0xfe, 0xdd, 0xdd,
    0xd9, 0x8f, 0x90, 0x0, 0x0, 0x8, 0xf9, 0x0,
    0x0, 0x0, 0x8f, 0x90, 0x0, 0x0, 0x8, 0xf9,
    0x0, 0x0, 0x0, 0x8f, 0xff, 0xff, 0xff, 0x8,
    0xfe, 0xdd, 0xdd, 0xd0, 0x8f, 0x90, 0x0, 0x0,
    0x8, 0xf9, 0x0, 0x0, 0x0, 0x8f, 0x90, 0x0,
    0x0, 0x8, 0xf9, 0x0, 0x0, 0x0,

    /* U+0047 "G" */
    0x0, 0x2, 0x9d, 0xfe, 0xc6, 0x0, 0x0, 0x5f,
    0xff, 0xef, 0xff, 0xc0, 0x3, 0xff, 0xa2, 0x0,
    0x3c, 0xa0, 0xc, 0xf9, 0x0, 0x0, 0x0, 0x0,
    0x1f, 0xf1, 0x0, 0x0, 0x0, 0x0, 0x4f, 0xd0,
    0x0, 0x0, 0x1, 0x20, 0x4f, 0xd0, 0x0, 0x0,
    0xd, 0xf2, 0x1f, 0xf1, 0x0, 0x0, 0xd, 0xf2,
    0xc, 0xf9, 0x0, 0x0, 0xd, 0xf2, 0x3, 0xff,
    0xa2, 0x0, 0x3e, 0xf2, 0x0, 0x5f, 0xff, 0xff,
    0xff, 0xe1, 0x0, 0x2, 0x9d, 0xff, 0xc7, 0x0,

    /* U+0048 "H" */
    0x8f, 0x90, 0x0, 0x0, 0xaf, 0x78, 0xf9, 0x0,
    0x0, 0xa, 0xf7, 0x8f, 0x90, 0x0, 0x0, 0xaf,
    0x78, 0xf9, 0x0, 0x0, 0xa, 0xf7, 0x8f, 0x90,
    0x0, 0x0, 0xaf, 0x78, 0xfe, 0xdd, 0xdd, 0xdf,
    0xf7, 0x8f, 0xff, 0xff, 0xff, 0xff, 0x78, 0xf9,
    0x0, 0x0, 0xa, 0xf7, 0x8f, 0x90, 0x0, 0x0,
    0xaf, 0x78, 0xf9, 0x0, 0x0, 0xa, 0xf7, 0x8f,
    0x90, 0x0, 0x0, 0xaf, 0x78, 0xf9, 0x0, 0x0,
    0xa, 0xf7,

    /* U+0049 "I" */
    0x8f, 0x98, 0xf9, 0x8f, 0x98, 0xf9, 0x8f, 0x98,
    0xf9, 0x8f, 0x98, 0xf9, 0x8f, 0x98, 0xf9, 0x8f,
    0x98, 0xf9,

    /* U+004A "J" */
    0x0, 0xff, 0xff, 0xff, 0x0, 0xd, 0xdd, 0xdf,
    0xf0, 0x0, 0x0, 0x1, 0xff, 0x0, 0x0, 0x0,
    0x1f, 0xf0, 0x0, 0x0, 0x1, 0xff, 0x0, 0x0,
    0x0, 0x1f, 0xf0, 0x0, 0x0, 0x1, 0xff, 0x0,
    0x0, 0x0, 0x1f, 0xf0, 0x0, 0x0, 0x1, 0xff,
    0x0, 0x99, 0x0, 0x8f, 0xd0, 0xe, 0xff, 0xef,
    0xf6, 0x0, 0x1a, 0xef, 0xd6, 0x0,

    /* U+004B "K" */
    0x8f, 0x90, 0x0, 0x5, 0xfe, 0x18, 0xf9, 0x0,
    0x4, 0xff, 0x30, 0x8f, 0x90, 0x2, 0xff, 0x40,
    0x8, 0xf9, 0x2, 0xef, 0x60, 0x0, 0x8f, 0x91,
    0xdf, 0x80, 0x0, 0x8, 0xf9, 0xcf, 0xe0, 0x0,
    0x0, 0x8f, 0xff, 0xff, 0x90, 0x0, 0x8, 0xff,
    0xd5, 0xff, 0x50, 0x0, 0x8f, 0xe1, 0x7, 0xff,
    0x20, 0x8, 0xf9, 0x0, 0xa, 0xfd, 0x0, 0x8f,
    0x90, 0x0, 0xd, 0xf9, 0x8, 0xf9, 0x0, 0x0,
    0x2f, 0xf5,

    /* U+004C "L" */
    0x8f, 0x90, 0x0, 0x0, 0x8, 0xf9, 0x0, 0x0,
    0x0, 0x8f, 0x90, 0x0, 0x0, 0x8, 0xf9, 0x0,
    0x0, 0x0, 0x8f, 0x90, 0x0, 0x0, 0x8, 0xf9,
    0x0, 0x0, 0x0, 0x8f, 0x90, 0x0, 0x0, 0x8,
    0xf9, 0x0, 0x0, 0x0, 0x8f, 0x90, 0x0, 0x0,
    0x8, 0xf9, 0x0, 0x0, 0x0, 0x8f, 0xed, 0xdd,
    0xdd, 0x58, 0xff, 0xff, 0xff, 0xf7,

    /* U+004D "M" */
    0x8f, 0x70, 0x0, 0x0, 0x0, 0x3f, 0xb8, 0xff,
    0x10, 0x0, 0x0, 0xc, 0xfc, 0x8f, 0xf9, 0x0,
    0x0, 0x5, 0xff, 0xc8, 0xff, 0xf2, 0x0, 0x0,
    0xdf, 0xfc, 0x8f, 0xcf, 0xb0, 0x0, 0x7f, 0xcf,
    0xc8, 0xf7, 0xcf, 0x40, 0x1e, 0xe4, 0xfc, 0x8f,
    0x73, 0xfd, 0x8, 0xf6, 0x3f, 0xc8, 0xf7, 0x9,
    0xf8, 0xfd, 0x3, 0xfc, 0x8f, 0x70, 0x1f, 0xff,
    0x40, 0x3f, 0xc8, 0xf7, 0x0, 0x7f, 0xb0, 0x3,
    0xfc, 0x8f, 0x70, 0x0, 0x92, 0x0, 0x3f, 0xc8,
    0xf7, 0x0, 0x0, 0x0, 0x3, 0xfc,

    /* U+004E "N" */
    0x8f, 0x90, 0x0, 0x0, 0x9f, 0x78, 0xff, 0x50,
    0x0, 0x9, 0xf7, 0x8f, 0xff, 0x20, 0x0, 0x9f,
    0x78, 0xff, 0xfd, 0x0, 0x9, 0xf7, 0x8f, 0xae,
    0xfa, 0x0, 0x9f, 0x78, 0xf9, 0x3f, 0xf6, 0x9,
    0xf7, 0x8f, 0x90, 0x7f, 0xf3, 0x9f, 0x78, 0xf9,
    0x0, 0xaf, 0xda, 0xf7, 0x8f, 0x90, 0x0, 0xdf,
    0xff, 0x78, 0xf9, 0x0, 0x3, 0xff, 0xf7, 0x8f,
    0x90, 0x0, 0x6, 0xff, 0x78, 0xf9, 0x0, 0x0,
    0xa, 0xf7,

    /* U+004F "O" */
    0x0, 0x2, 0x9d, 0xfe, 0xb5, 0x0, 0x0, 0x5,
    0xff, 0xfe, 0xff, 0xfb, 0x0, 0x3, 0xff, 0x91,
    0x0, 0x5e, 0xfa, 0x0, 0xcf, 0x90, 0x0, 0x0,
    0x2f, 0xf3, 0x1f, 0xf1, 0x0, 0x0, 0x0, 0x9f,
    0x94, 0xfd, 0x0, 0x0, 0x0, 0x6, 0xfb, 0x4f,
    0xd0, 0x0, 0x0, 0x0, 0x6f, 0xb1, 0xff, 0x10,
    0x0, 0x0, 0x9, 0xf9, 0xc, 0xf9, 0x0, 0x0,
    0x2, 0xff, 0x30, 0x3f, 0xf9, 0x10, 0x5, 0xef,
    0xa0, 0x0, 0x5f, 0xff, 0xff, 0xff, 0xb0, 0x0,
    0x0, 0x29, 0xdf, 0xeb, 0x50, 0x0,

    /* U+0050 "P" */
    0x8f, 0xff, 0xff, 0xd7, 0x0, 0x8f, 0xed, 0xde,
    0xff, 0xc0, 0x8f, 0x90, 0x0, 0x3e, 0xf7, 0x8f,
    0x90, 0x0, 0x6, 0xfc, 0x8f, 0x90, 0x0, 0x4,
    0xfd, 0x8f, 0x90, 0x0, 0x7, 0xfb, 0x8f, 0x90,
    0x1, 0x5f, 0xf6, 0x8f, 0xff, 0xff, 0xff, 0xa0,
    0x8f, 0xed, 0xdc, 0xa5, 0x0, 0x8f, 0x90, 0x0,
    0x0, 0x0, 0x8f, 0x90, 0x0, 0x0, 0x0, 0x8f,
    0x90, 0x0, 0x0, 0x0,

    /* U+0051 "Q" */
    0x0, 0x2, 0x9d, 0xfe, 0xb5, 0x0, 0x0, 0x0,
    0x5f, 0xff, 0xef, 0xff, 0xb0, 0x0, 0x3, 0xff,
    0x91, 0x0, 0x5e, 0xfa, 0x0, 0xc, 0xfa, 0x0,
    0x0, 0x3, 0xff, 0x30, 0x1f, 0xf1, 0x0, 0x0,
    0x0, 0xaf, 0x80, 0x3f, 0xd0, 0x0, 0x0, 0x0,
    0x6f, 0xb0, 0x4f, 0xd0, 0x0, 0x0, 0x0, 0x5f,
    0xb0, 0x2f, 0xf0, 0x0, 0x0, 0x0, 0x9f, 0x90,
    0xd, 0xf7, 0x0, 0x0, 0x1, 0xef, 0x40, 0x4,
    0xff, 0x60, 0x0, 0x2c, 0xfc, 0x0, 0x0, 0x7f,
    0xfe, 0xbc, 0xff, 0xe1, 0x0, 0x0, 0x4, 0xcf,
    0xff, 0xf9, 0x10, 0x0, 0x0, 0x0, 0x1, 0x9f,
    0xe4, 0x5, 0xa0, 0x0, 0x0, 0x0, 0x8, 0xff,
    0xff, 0xe1, 0x0, 0x0, 0x0, 0x0, 0x37, 0x97,
    0x10,

    /* U+0052 "R" */
    0x8f, 0xff, 0xff, 0xd8, 0x0, 0x8, 0xfe, 0xdd,
    0xef, 0xfd, 0x0, 0x8f, 0x90, 0x0, 0x3e, 0xf7,
    0x8, 0xf9, 0x0, 0x0, 0x6f, 0xc0, 0x8f, 0x90,
    0x0, 0x4, 0xfd, 0x8, 0xf9, 0x0, 0x0, 0x7f,
    0xb0, 0x8f, 0x90, 0x1, 0x5f, 0xf6, 0x8, 0xff,
    0xff, 0xff, 0xfa, 0x0, 0x8f, 0xec, 0xcd, 0xfb,
    0x0, 0x8, 0xf9, 0x0, 0xe, 0xf4, 0x0, 0x8f,
    0x90, 0x0, 0x3f, 0xe1, 0x8, 0xf9, 0x0, 0x0,
    0x8f, 0xb0,

    /* U+0053 "S" */
    0x0, 0x5b, 0xef, 0xea, 0x30, 0x7, 0xff, 0xed,
    0xff, 0xd0, 0xf, 0xf4, 0x0, 0x5, 0x50, 0x2f,
    0xe0, 0x0, 0x0, 0x0, 0xf, 0xfa, 0x20, 0x0,
    0x0, 0x5, 0xff, 0xfe, 0x93, 0x0, 0x0, 0x29,
    0xdf, 0xff, 0x90, 0x0, 0x0, 0x2, 0x8f, 0xf5,
    0x0, 0x0, 0x0, 0x9, 0xf7, 0xc, 0x50, 0x0,
    0x1d, 0xf5, 0x4f, 0xff, 0xdd, 0xff, 0xc0, 0x3,
    0x9d, 0xff, 0xd7, 0x0,

    /* U+0054 "T" */
    0xff, 0xff, 0xff, 0xff, 0xf9, 0xcd, 0xde, 0xff,
    0xdd, 0xd7, 0x0, 0x3, 0xfd, 0x0, 0x0, 0x0,
    0x3, 0xfd, 0x0, 0x0, 0x0, 0x3, 0xfd, 0x0,
    0x0, 0x0, 0x3, 0xfd, 0x0, 0x0, 0x0, 0x3,
    0xfd, 0x0, 0x0, 0x0, 0x3, 0xfd, 0x0, 0x0,
    0x0, 0x3, 0xfd, 0x0, 0x0, 0x0, 0x3, 0xfd,
    0x0, 0x0, 0x0, 0x3, 0xfd, 0x0, 0x0, 0x0,
    0x3, 0xfd, 0x0, 0x0,

    /* U+0055 "U" */
    0x9f, 0x70, 0x0, 0x0, 0xdf, 0x39, 0xf7, 0x0,
    0x0, 0xd, 0xf3, 0x9f, 0x70, 0x0, 0x0, 0xdf,
    0x39, 0xf7, 0x0, 0x0, 0xd, 0xf3, 0x9f, 0x70,
    0x0, 0x0, 0xdf, 0x39, 0xf7, 0x0, 0x0, 0xd,
    0xf3, 0x9f, 0x70, 0x0, 0x0, 0xdf, 0x38, 0xf9,
    0x0, 0x0, 0xe, 0xf2, 0x6f, 0xd0, 0x0, 0x2,
    0xff, 0x1, 0xff, 0x90, 0x2, 0xcf, 0xa0, 0x6,
    0xff, 0xff, 0xff, 0xe1, 0x0, 0x4, 0xbe, 0xfe,
    0x91, 0x0,

    /* U+0056 "V" */
    0xd, 0xf5, 0x0, 0x0, 0x0, 0x8f, 0x80, 0x7f,
    0xc0, 0x0, 0x0, 0xe, 0xf2, 0x1, 0xff, 0x20,
    0x0, 0x5, 0xfb, 0x0, 0xa, 0xf9, 0x0, 0x0,
    0xcf, 0x50, 0x0, 0x3f, 0xf0, 0x0, 0x2f, 0xe0,
    0x0, 0x0, 0xdf, 0x60, 0x9, 0xf8, 0x0, 0x0,
    0x6, 0xfc, 0x0, 0xff, 0x10, 0x0, 0x0, 0x1f,
    0xf3, 0x6f, 0xb0, 0x0, 0x0, 0x0, 0x9f, 0x9c,
    0xf4, 0x0, 0x0, 0x0, 0x3, 0xff, 0xfd, 0x0,
    0x0, 0x0, 0x0, 0xc, 0xff, 0x70, 0x0, 0x0,
    0x0, 0x0, 0x6f, 0xf1, 0x0, 0x0,

    /* U+0057 "W" */
    0x6f, 0xb0, 0x0, 0x0, 0xef, 0x50, 0x0, 0x4,
    0xfb, 0x1f, 0xf1, 0x0, 0x3, 0xff, 0xa0, 0x0,
    0x9, 0xf6, 0xc, 0xf5, 0x0, 0x8, 0xff, 0xf0,
    0x0, 0xe, 0xf1, 0x7, 0xfa, 0x0, 0xd, 0xfc,
    0xf4, 0x0, 0x3f, 0xc0, 0x2, 0xff, 0x0, 0x2f,
    0xc6, 0xf9, 0x0, 0x8f, 0x70, 0x0, 0xdf, 0x40,
    0x7f, 0x61, 0xfe, 0x0, 0xdf, 0x20, 0x0, 0x8f,
    0x90, 0xcf, 0x10, 0xcf, 0x32, 0xfd, 0x0, 0x0,
    0x4f, 0xe1, 0xfc, 0x0, 0x7f, 0x87, 0xf8, 0x0,
    0x0, 0xe, 0xf9, 0xf7, 0x0, 0x2f, 0xdc, 0xf3,
    0x0, 0x0, 0xa, 0xff, 0xf2, 0x0, 0xd, 0xff,
    0xe0, 0x0, 0x0, 0x5, 0xff, 0xd0, 0x0, 0x8,
    0xff, 0x90, 0x0, 0x0, 0x0, 0xff, 0x80, 0x0,
    0x3, 0xff, 0x40, 0x0,

    /* U+0058 "X" */
    0x4f, 0xf1, 0x0, 0x0, 0xdf, 0x50, 0x9f, 0xb0,
    0x0, 0x9f, 0xa0, 0x0, 0xef, 0x60, 0x4f, 0xe1,
    0x0, 0x4, 0xff, 0x2d, 0xf4, 0x0, 0x0, 0x9,
    0xff, 0xfa, 0x0, 0x0, 0x0, 0xe, 0xfe, 0x0,
    0x0, 0x0, 0x2, 0xff, 0xf3, 0x0, 0x0, 0x0,
    0xcf, 0xcf, 0xd0, 0x0, 0x0, 0x7f, 0xc0, 0xcf,
    0x90, 0x0, 0x3f, 0xf2, 0x2, 0xff, 0x40, 0xd,
    0xf8, 0x0, 0x7, 0xfe, 0x8, 0xfd, 0x0, 0x0,
    0xc, 0xf9,

    /* U+0059 "Y" */
    0xd, 0xf5, 0x0, 0x0, 0x9, 0xf6, 0x4, 0xfe,
    0x0, 0x0, 0x3f, 0xd0, 0x0, 0xbf, 0x70, 0x0,
    0xbf, 0x50, 0x0, 0x2f, 0xf1, 0x5, 0xfb, 0x0,
    0x0, 0x9, 0xf9, 0xd, 0xf3, 0x0, 0x0, 0x1,
    0xff, 0x9f, 0xa0, 0x0, 0x0, 0x0, 0x7f, 0xff,
    0x10, 0x0, 0x0, 0x0, 0xe, 0xf8, 0x0, 0x0,
    0x0, 0x0, 0xc, 0xf5, 0x0, 0x0, 0x0, 0x0,
    0xc, 0xf5, 0x0, 0x0, 0x0, 0x0, 0xc, 0xf5,
    0x0, 0x0, 0x0, 0x0, 0xc, 0xf5, 0x0, 0x0,

    /* U+005A "Z" */
    0x3f, 0xff, 0xff, 0xff, 0xff, 0x3, 0xdd, 0xdd,
    0xdd, 0xff, 0xe0, 0x0, 0x0, 0x0, 0x4f, 0xf3,
    0x0, 0x0, 0x0, 0x1e, 0xf7, 0x0, 0x0, 0x0,
    0xb, 0xfb, 0x0, 0x0, 0x0, 0x8, 0xfd, 0x10,
    0x0, 0x0, 0x4, 0xff, 0x30, 0x0, 0x0, 0x1,
    0xef, 0x60, 0x0, 0x0, 0x0, 0xcf, 0xa0, 0x0,
    0x0, 0x0, 0x8f, 0xd0, 0x0, 0x0, 0x0, 0x3f,
    0xfe, 0xdd, 0xdd, 0xdd, 0x25, 0xff, 0xff, 0xff,
    0xff, 0xf3,

    /* U+005B "[" */
    0x8f, 0xff, 0x58, 0xfd, 0xa3, 0x8f, 0x80, 0x8,
    0xf8, 0x0, 0x8f, 0x80, 0x8, 0xf8, 0x0, 0x8f,
    0x80, 0x8, 0xf8, 0x0, 0x8f, 0x80, 0x8, 0xf8,
    0x0, 0x8f, 0x80, 0x8, 0xf8, 0x0, 0x8f, 0x80,
    0x8, 0xfd, 0xa3, 0x8f, 0xff, 0x50,

    /* U+005C "\\" */
    0x48, 0x10, 0x0, 0x0, 0x4f, 0x70, 0x0, 0x0,
    0xe, 0xd0, 0x0, 0x0, 0x9, 0xf2, 0x0, 0x0,
    0x4, 0xf8, 0x0, 0x0, 0x0, 0xed, 0x0, 0x0,
    0x0, 0x9f, 0x30, 0x0, 0x0, 0x4f, 0x80, 0x0,
    0x0, 0xe, 0xe0, 0x0, 0x0, 0x9, 0xf3, 0x0,
    0x0, 0x3, 0xf8, 0x0, 0x0, 0x0, 0xee, 0x0,
    0x0, 0x0, 0x8f, 0x30, 0x0, 0x0, 0x3f, 0x90,
    0x0, 0x0, 0xd, 0xe0, 0x0, 0x0, 0x8, 0xf4,

    /* U+005D "]" */
    0xbf, 0xff, 0x17, 0xaf, 0xf1, 0x0, 0xef, 0x10,
    0xe, 0xf1, 0x0, 0xef, 0x10, 0xe, 0xf1, 0x0,
    0xef, 0x10, 0xe, 0xf1, 0x0, 0xef, 0x10, 0xe,
    0xf1, 0x0, 0xef, 0x10, 0xe, 0xf1, 0x0, 0xef,
    0x17, 0xaf, 0xf1, 0xbf, 0xff, 0x10,

    /* U+005E "^" */
    0x0, 0x4f, 0xb0, 0x0, 0x0, 0xbf, 0xf2, 0x0,
    0x1, 0xf6, 0xe9, 0x0, 0x8, 0xf0, 0x8e, 0x0,
    0xe, 0x90, 0x2f, 0x60, 0x5f, 0x30, 0xc, 0xc0,
    0xbd, 0x0, 0x5, 0xf3,

    /* U+005F "_" */
    0x0, 0x0, 0x0, 0x0, 0xff, 0xff, 0xff, 0xff,
    0x33, 0x33, 0x33, 0x33,

    /* U+0060 "`" */
    0x17, 0x71, 0x0, 0x4, 0xfc, 0x0, 0x0, 0x3e,
    0xb0,

    /* U+0061 "a" */
    0x3, 0xae, 0xfd, 0x91, 0x0, 0xdf, 0xec, 0xff,
    0xd0, 0x4, 0x30, 0x1, 0xef, 0x40, 0x0, 0x1,
    0x19, 0xf7, 0x4, 0xdf, 0xff, 0xff, 0x71, 0xff,
    0x64, 0x4a, 0xf7, 0x4f, 0xb0, 0x0, 0xbf, 0x71,
    0xef, 0xa8, 0xcf, 0xf7, 0x3, 0xbf, 0xfa, 0x8f,
    0x70,

    /* U+0062 "b" */
    0xbf, 0x50, 0x0, 0x0, 0x0, 0xbf, 0x50, 0x0,
    0x0, 0x0, 0xbf, 0x50, 0x0, 0x0, 0x0, 0xbf,
    0x6a, 0xff, 0xb4, 0x0, 0xbf, 0xff, 0xde, 0xff,
    0x50, 0xbf, 0xe2, 0x0, 0x7f, 0xe0, 0xbf, 0x70,
    0x0, 0xd, 0xf4, 0xbf, 0x40, 0x0, 0xa, 0xf5,
    0xbf, 0x70, 0x0, 0xd, 0xf4, 0xbf, 0xe2, 0x0,
    0x7f, 0xe0, 0xbf, 0xff, 0xde, 0xff, 0x50, 0xbf,
    0x5a, 0xff, 0xb4, 0x0,

    /* U+0063 "c" */
    0x0, 0x3a, 0xef, 0xc6, 0x0, 0x4f, 0xfe, 0xcf,
    0xf7, 0xe, 0xf7, 0x0, 0x2c, 0x44, 0xfd, 0x0,
    0x0, 0x0, 0x5f, 0xa0, 0x0, 0x0, 0x4, 0xfd,
    0x0, 0x0, 0x0, 0xe, 0xf7, 0x0, 0x2c, 0x40,
    0x4f, 0xfe, 0xdf, 0xf7, 0x0, 0x3a, 0xef, 0xc6,
    0x0,

    /* U+0064 "d" */
    0x0, 0x0, 0x0, 0x5, 0xfb, 0x0, 0x0, 0x0,
    0x5, 0xfb, 0x0, 0x0, 0x0, 0x5, 0xfb, 0x0,
    0x4b, 0xff, 0xa6, 0xfb, 0x5, 0xff, 0xed, 0xff,
    0xfb, 0xe, 0xf7, 0x0, 0x2e, 0xfb, 0x4f, 0xc0,
    0x0, 0x7, 0xfb, 0x5f, 0xa0, 0x0, 0x4, 0xfb,
    0x4f, 0xc0, 0x0, 0x7, 0xfb, 0xe, 0xf6, 0x0,
    0x2e, 0xfb, 0x5, 0xff, 0xed, 0xff, 0xfb, 0x0,
    0x4c, 0xff, 0xa5, 0xfb,

    /* U+0065 "e" */
    0x0, 0x3b, 0xef, 0xb3, 0x0, 0x5, 0xff, 0xcc,
    0xff, 0x40, 0xe, 0xf4, 0x0, 0x4f, 0xe0, 0x4f,
    0xc1, 0x11, 0x1b, 0xf3, 0x5f, 0xff, 0xff, 0xff,
    0xf5, 0x4f, 0xd4, 0x44, 0x44, 0x41, 0xe, 0xf6,
    0x0, 0x7, 0x0, 0x4, 0xff, 0xec, 0xff, 0x80,
    0x0, 0x3a, 0xef, 0xd8, 0x0,

    /* U+0066 "f" */
    0x0, 0x5d, 0xfd, 0x30, 0x2f, 0xfb, 0xc1, 0x6,
    0xf9, 0x0, 0xd, 0xff, 0xff, 0xe0, 0x8c, 0xfd,
    0xa9, 0x0, 0x6f, 0x90, 0x0, 0x6, 0xf9, 0x0,
    0x0, 0x6f, 0x90, 0x0, 0x6, 0xf9, 0x0, 0x0,
    0x6f, 0x90, 0x0, 0x6, 0xf9, 0x0, 0x0, 0x6f,
    0x90, 0x0,

    /* U+0067 "g" */
    0x0, 0x4b, 0xff, 0xb4, 0xfc, 0x5, 0xff, 0xed,
    0xff, 0xfc, 0xe, 0xf7, 0x0, 0x2e, 0xfc, 0x4f,
    0xd0, 0x0, 0x5, 0xfc, 0x5f, 0xa0, 0x0, 0x3,
    0xfc, 0x4f, 0xd0, 0x0, 0x6, 0xfc, 0xe, 0xf7,
    0x0, 0x2e, 0xfc, 0x5, 0xff, 0xed, 0xff, 0xfc,
    0x0, 0x4b, 0xff, 0xb6, 0xfb, 0x1, 0x30, 0x0,
    0xb, 0xf7, 0xb, 0xfe, 0xdc, 0xff, 0xd0, 0x1,
    0x8d, 0xff, 0xd9, 0x10,

    /* U+0068 "h" */
    0xbf, 0x50, 0x0, 0x0, 0xb, 0xf5, 0x0, 0x0,
    0x0, 0xbf, 0x50, 0x0, 0x0, 0xb, 0xf7, 0xae,
    0xfc, 0x30, 0xbf, 0xff, 0xdf, 0xff, 0x2b, 0xfe,
    0x20, 0xc, 0xf8, 0xbf, 0x70, 0x0, 0x5f, 0xbb,
    0xf5, 0x0, 0x4, 0xfb, 0xbf, 0x50, 0x0, 0x4f,
    0xbb, 0xf5, 0x0, 0x4, 0xfb, 0xbf, 0x50, 0x0,
    0x4f, 0xbb, 0xf5, 0x0, 0x4, 0xfb,

    /* U+0069 "i" */
    0x37, 0xe, 0xf8, 0x9f, 0x40, 0x0, 0xbf, 0x5b,
    0xf5, 0xbf, 0x5b, 0xf5, 0xbf, 0x5b, 0xf5, 0xbf,
    0x5b, 0xf5, 0xbf, 0x50,

    /* U+006A "j" */
    0x0, 0x2, 0x71, 0x0, 0xc, 0xf9, 0x0, 0x8,
    0xf5, 0x0, 0x0, 0x0, 0x0, 0x9, 0xf6, 0x0,
    0x9, 0xf6, 0x0, 0x9, 0xf6, 0x0, 0x9, 0xf6,
    0x0, 0x9, 0xf6, 0x0, 0x9, 0xf6, 0x0, 0x9,
    0xf6, 0x0, 0x9, 0xf6, 0x0, 0x9, 0xf6, 0x0,
    0xb, 0xf4, 0x1d, 0xcf, 0xe1, 0x3d, 0xfc, 0x30,

    /* U+006B "k" */
    0xbf, 0x50, 0x0, 0x0, 0x0, 0xbf, 0x50, 0x0,
    0x0, 0x0, 0xbf, 0x50, 0x0, 0x0, 0x0, 0xbf,
    0x50, 0x2, 0xef, 0x60, 0xbf, 0x50, 0x2e, 0xf7,
    0x0, 0xbf, 0x52, 0xef, 0x70, 0x0, 0xbf, 0x8e,
    0xf9, 0x0, 0x0, 0xbf, 0xff, 0xfc, 0x0, 0x0,
    0xbf, 0xf7, 0xdf, 0x90, 0x0, 0xbf, 0x80, 0x3f,
    0xf5, 0x0, 0xbf, 0x50, 0x6, 0xfe, 0x20, 0xbf,
    0x50, 0x0, 0x9f, 0xc0,

    /* U+006C "l" */
    0xbf, 0x5b, 0xf5, 0xbf, 0x5b, 0xf5, 0xbf, 0x5b,
    0xf5, 0xbf, 0x5b, 0xf5, 0xbf, 0x5b, 0xf5, 0xbf,
    0x5b, 0xf5,

    /* U+006D "m" */
    0xbf, 0x6b, 0xff, 0xb2, 0x3b, 0xfe, 0xb2, 0xb,
    0xff, 0xfc, 0xef, 0xef, 0xfc, 0xef, 0xe1, 0xbf,
    0xd1, 0x1, 0xef, 0xf2, 0x0, 0xdf, 0x6b, 0xf7,
    0x0, 0x9, 0xf9, 0x0, 0x7, 0xf9, 0xbf, 0x50,
    0x0, 0x8f, 0x70, 0x0, 0x6f, 0x9b, 0xf5, 0x0,
    0x8, 0xf7, 0x0, 0x6, 0xf9, 0xbf, 0x50, 0x0,
    0x8f, 0x70, 0x0, 0x6f, 0x9b, 0xf5, 0x0, 0x8,
    0xf7, 0x0, 0x6, 0xf9, 0xbf, 0x50, 0x0, 0x8f,
    0x70, 0x0, 0x6f, 0x90,

    /* U+006E "n" */
    0xbf, 0x5a, 0xef, 0xc3, 0xb, 0xff, 0xfc, 0xef,
    0xf2, 0xbf, 0xe1, 0x0, 0xbf, 0x8b, 0xf7, 0x0,
    0x5, 0xfb, 0xbf, 0x50, 0x0, 0x4f, 0xbb, 0xf5,
    0x0, 0x4, 0xfb, 0xbf, 0x50, 0x0, 0x4f, 0xbb,
    0xf5, 0x0, 0x4, 0xfb, 0xbf, 0x50, 0x0, 0x4f,
    0xb0,

    /* U+006F "o" */
    0x0, 0x3b, 0xef, 0xc6, 0x0, 0x4, 0xff, 0xed,
    0xff, 0x90, 0xe, 0xf6, 0x0, 0x3e, 0xf4, 0x4f,
    0xc0, 0x0, 0x7, 0xf9, 0x5f, 0xa0, 0x0, 0x5,
    0xfb, 0x4f, 0xc0, 0x0, 0x7, 0xf9, 0xe, 0xf6,
    0x0, 0x3f, 0xf4, 0x4, 0xff, 0xed, 0xff, 0x90,
    0x0, 0x3b, 0xef, 0xc6, 0x0,

    /* U+0070 "p" */
    0xbf, 0x5b, 0xff, 0xb4, 0x0, 0xbf, 0xff, 0xbc,
    0xff, 0x50, 0xbf, 0xe1, 0x0, 0x6f, 0xe0, 0xbf,
    0x60, 0x0, 0xc, 0xf4, 0xbf, 0x40, 0x0, 0xa,
    0xf5, 0xbf, 0x70, 0x0, 0xd, 0xf4, 0xbf, 0xe2,
    0x0, 0x7f, 0xe0, 0xbf, 0xff, 0xde, 0xff, 0x50,
    0xbf, 0x6a, 0xff, 0xb4, 0x0, 0xbf, 0x50, 0x0,
    0x0, 0x0, 0xbf, 0x50, 0x0, 0x0, 0x0, 0xbf,
    0x50, 0x0, 0x0, 0x0,

    /* U+0071 "q" */
    0x0, 0x4b, 0xff, 0xa5, 0xfa, 0x5, 0xff, 0xed,
    0xff, 0xfa, 0xe, 0xf6, 0x0, 0x3e, 0xfa, 0x4f,
    0xc0, 0x0, 0x7, 0xfa, 0x5f, 0xa0, 0x0, 0x5,
    0xfa, 0x4f, 0xc0, 0x0, 0x7, 0xfa, 0xe, 0xf6,
    0x0, 0x3e, 0xfa, 0x5, 0xff, 0xed, 0xff, 0xfa,
    0x0, 0x4c, 0xff, 0xa6, 0xfa, 0x0, 0x0, 0x0,
    0x5, 0xfa, 0x0, 0x0, 0x0, 0x5, 0xfa, 0x0,
    0x0, 0x0, 0x5, 0xfa,

    /* U+0072 "r" */
    0xbf, 0x5a, 0xe3, 0xbf, 0xff, 0xe3, 0xbf, 0xe3,
    0x0, 0xbf, 0x80, 0x0, 0xbf, 0x50, 0x0, 0xbf,
    0x50, 0x0, 0xbf, 0x50, 0x0, 0xbf, 0x50, 0x0,
    0xbf, 0x50, 0x0,

    /* U+0073 "s" */
    0x2, 0xae, 0xfd, 0xa2, 0x1f, 0xfc, 0xbd, 0xf3,
    0x5f, 0xa0, 0x0, 0x20, 0x4f, 0xe7, 0x41, 0x0,
    0x8, 0xff, 0xff, 0xa1, 0x0, 0x4, 0x7c, 0xfa,
    0x5, 0x0, 0x3, 0xfc, 0x6f, 0xec, 0xbe, 0xf7,
    0x29, 0xdf, 0xfc, 0x60,

    /* U+0074 "t" */
    0x6, 0xf9, 0x0, 0x0, 0x6f, 0x90, 0x0, 0xdf,
    0xff, 0xfe, 0x8, 0xcf, 0xda, 0x90, 0x6, 0xf9,
    0x0, 0x0, 0x6f, 0x90, 0x0, 0x6, 0xf9, 0x0,
    0x0, 0x6f, 0x90, 0x0, 0x5, 0xfb, 0x0, 0x0,
    0x1f, 0xfc, 0xd1, 0x0, 0x5d, 0xfd, 0x30,

    /* U+0075 "u" */
    0xcf, 0x40, 0x0, 0x6f, 0x9c, 0xf4, 0x0, 0x6,
    0xf9, 0xcf, 0x40, 0x0, 0x6f, 0x9c, 0xf4, 0x0,
    0x6, 0xf9, 0xcf, 0x40, 0x0, 0x7f, 0x9b, 0xf5,
    0x0, 0x9, 0xf9, 0x9f, 0xc0, 0x3, 0xff, 0x92,
    0xff, 0xfe, 0xff, 0xf9, 0x3, 0xbe, 0xfa, 0x6f,
    0x90,

    /* U+0076 "v" */
    0xd, 0xf3, 0x0, 0x0, 0xdf, 0x10, 0x7f, 0x90,
    0x0, 0x3f, 0xb0, 0x1, 0xff, 0x0, 0xa, 0xf4,
    0x0, 0xa, 0xf6, 0x1, 0xfd, 0x0, 0x0, 0x4f,
    0xc0, 0x7f, 0x70, 0x0, 0x0, 0xdf, 0x3d, 0xf1,
    0x0, 0x0, 0x7, 0xfd, 0xfa, 0x0, 0x0, 0x0,
    0x1f, 0xff, 0x40, 0x0, 0x0, 0x0, 0xaf, 0xd0,
    0x0, 0x0,

    /* U+0077 "w" */
    0xcf, 0x10, 0x0, 0x9f, 0x60, 0x0, 0x5f, 0x76,
    0xf7, 0x0, 0xf, 0xfc, 0x0, 0xa, 0xf1, 0x1f,
    0xc0, 0x5, 0xff, 0xf1, 0x0, 0xfc, 0x0, 0xbf,
    0x20, 0xaf, 0x7f, 0x70, 0x5f, 0x60, 0x5, 0xf7,
    0x1f, 0xb0, 0xfc, 0xb, 0xf1, 0x0, 0xf, 0xd6,
    0xf6, 0xa, 0xf3, 0xfb, 0x0, 0x0, 0xaf, 0xdf,
    0x0, 0x5f, 0xdf, 0x50, 0x0, 0x5, 0xff, 0xa0,
    0x0, 0xff, 0xf0, 0x0, 0x0, 0xf, 0xf4, 0x0,
    0x9, 0xfa, 0x0, 0x0,

    /* U+0078 "x" */
    0x5f, 0xd0, 0x0, 0xaf, 0x70, 0xa, 0xf9, 0x6,
    0xfc, 0x0, 0x0, 0xdf, 0x6f, 0xe1, 0x0, 0x0,
    0x3f, 0xff, 0x50, 0x0, 0x0, 0xb, 0xfd, 0x0,
    0x0, 0x0, 0x4f, 0xff, 0x70, 0x0, 0x1, 0xef,
    0x4e, 0xf3, 0x0, 0xc, 0xf6, 0x4, 0xfd, 0x0,
    0x7f, 0xb0, 0x0, 0x9f, 0xa0,

    /* U+0079 "y" */
    0xd, 0xf3, 0x0, 0x0, 0xdf, 0x10, 0x7f, 0x90,
    0x0, 0x3f, 0xa0, 0x0, 0xff, 0x10, 0xa, 0xf3,
    0x0, 0x9, 0xf7, 0x1, 0xfd, 0x0, 0x0, 0x2f,
    0xd0, 0x8f, 0x60, 0x0, 0x0, 0xbf, 0x5e, 0xe0,
    0x0, 0x0, 0x4, 0xfe, 0xf8, 0x0, 0x0, 0x0,
    0xd, 0xff, 0x20, 0x0, 0x0, 0x0, 0x7f, 0xb0,
    0x0, 0x0, 0x10, 0xb, 0xf4, 0x0, 0x0, 0xe,
    0xdd, 0xfb, 0x0, 0x0, 0x0, 0xae, 0xea, 0x0,
    0x0, 0x0,

    /* U+007A "z" */
    0x4f, 0xff, 0xff, 0xfd, 0x3a, 0xaa, 0xaf, 0xfa,
    0x0, 0x0, 0x5f, 0xd1, 0x0, 0x2, 0xff, 0x30,
    0x0, 0xd, 0xf5, 0x0, 0x0, 0xaf, 0x90, 0x0,
    0x7, 0xfc, 0x0, 0x0, 0x3f, 0xfc, 0xaa, 0xaa,
    0x6f, 0xff, 0xff, 0xff,

    /* U+007B "{" */
    0x0, 0x2b, 0xfa, 0x0, 0xaf, 0xe6, 0x0, 0xdf,
    0x30, 0x0, 0xef, 0x20, 0x0, 0xef, 0x20, 0x0,
    0xef, 0x10, 0x1c, 0xfd, 0x0, 0x2f, 0xfa, 0x0,
    0x1, 0xff, 0x10, 0x0, 0xef, 0x20, 0x0, 0xef,
    0x20, 0x0, 0xef, 0x20, 0x0, 0xdf, 0x30, 0x0,
    0xaf, 0xe7, 0x0, 0x1b, 0xfa,

    /* U+007C "|" */
    0x8f, 0x58, 0xf5, 0x8f, 0x58, 0xf5, 0x8f, 0x58,
    0xf5, 0x8f, 0x58, 0xf5, 0x8f, 0x58, 0xf5, 0x8f,
    0x58, 0xf5, 0x8f, 0x58, 0xf5, 0x8f, 0x50,

    /* U+007D "}" */
    0xbf, 0xb1, 0x0, 0x7e, 0xf9, 0x0, 0x4, 0xfc,
    0x0, 0x3, 0xfd, 0x0, 0x3, 0xfd, 0x0, 0x2,
    0xfd, 0x0, 0x0, 0xef, 0xb0, 0x0, 0xbf, 0xf1,
    0x2, 0xfe, 0x0, 0x3, 0xfd, 0x0, 0x3, 0xfd,
    0x0, 0x3, 0xfd, 0x0, 0x4, 0xfc, 0x0, 0x8e,
    0xf8, 0x0, 0xbf, 0xa1, 0x0,

    /* U+007E "~" */
    0x3, 0xde, 0x80, 0xc, 0x80, 0xdd, 0xbf, 0xda,
    0xf4, 0x1f, 0x30, 0x4c, 0xf9, 0x0,

    /* U+00A1 "¡" */
    0xb, 0xe3, 0xf, 0xf6, 0x4, 0x70, 0x0, 0x0,
    0x9, 0xf0, 0xa, 0xf1, 0xb, 0xf2, 0xb, 0xf3,
    0xc, 0xf4, 0xd, 0xf5, 0xe, 0xf5, 0x8, 0x93,

    /* U+00A2 "¢" */
    0x0, 0x0, 0x7a, 0x0, 0x0, 0x0, 0x8, 0xc0,
    0x0, 0x0, 0x3a, 0xff, 0xd6, 0x0, 0x4f, 0xff,
    0xff, 0xf7, 0xe, 0xf7, 0x8c, 0x3c, 0x44, 0xfd,
    0x8, 0xc0, 0x0, 0x5f, 0xa0, 0x8c, 0x0, 0x4,
    0xfc, 0x8, 0xc0, 0x0, 0xf, 0xf5, 0x8c, 0x2b,
    0x30, 0x5f, 0xff, 0xff, 0xf9, 0x0, 0x4c, 0xff,
    0xe8, 0x0, 0x0, 0x8, 0xc0, 0x0, 0x0, 0x0,
    0x8c, 0x0, 0x0,

    /* U+00A3 "£" */
    0x0, 0x0, 0x5c, 0xef, 0xd8, 0x10, 0x0, 0x9f,
    0xff, 0xff, 0xf0, 0x0, 0x4f, 0xf5, 0x0, 0x26,
    0x0, 0xa, 0xf8, 0x0, 0x0, 0x0, 0x0, 0xcf,
    0x40, 0x0, 0x0, 0x0, 0x1d, 0xf4, 0x11, 0x10,
    0x0, 0x8f, 0xff, 0xff, 0xff, 0x40, 0x2, 0x4e,
    0xf7, 0x44, 0x41, 0x0, 0x0, 0xdf, 0x30, 0x0,
    0x0, 0x0, 0xd, 0xf3, 0x0, 0x0, 0x0, 0x6d,
    0xff, 0xdd, 0xdd, 0xdd, 0x8, 0xff, 0xff, 0xff,
    0xff, 0xf0,

    /* U+00A4 "¤" */
    0x6, 0x0, 0x0, 0x0, 0x6, 0x4, 0xfa, 0x17,
    0xa8, 0x28, 0xf7, 0xa, 0xff, 0xff, 0xff, 0xfc,
    0x10, 0x1f, 0xe4, 0x2, 0xdf, 0x50, 0x7, 0xf3,
    0x0, 0x1, 0xfa, 0x0, 0xaf, 0x0, 0x0, 0xb,
    0xd0, 0x8, 0xf1, 0x0, 0x0, 0xdc, 0x0, 0x3f,
    0xb0, 0x0, 0x9f, 0x60, 0x5, 0xff, 0xeb, 0xdf,
    0xf7, 0x3, 0xfe, 0x7d, 0xfd, 0x8d, 0xf6, 0x1c,
    0x30, 0x0, 0x0, 0x1c, 0x20, 0x0, 0x0, 0x0,
    0x0, 0x0,

    /* U+00A5 "¥" */
    0xd, 0xf5, 0x0, 0x0, 0x0, 0xbf, 0x60, 0x3f,
    0xe1, 0x0, 0x0, 0x5f, 0xc0, 0x0, 0x9f, 0x90,
    0x0, 0xe, 0xf2, 0x0, 0x1, 0xef, 0x30, 0x9,
    0xf8, 0x0, 0x0, 0x5, 0xfd, 0x3, 0xfd, 0x0,
    0x0, 0x0, 0xb, 0xf7, 0xcf, 0x40, 0x0, 0x0,
    0x0, 0x2f, 0xff, 0xa0, 0x0, 0x0, 0x7, 0xff,
    0xff, 0xff, 0xff, 0x0, 0x0, 0x12, 0x26, 0xfd,
    0x22, 0x20, 0x0, 0x7, 0xff, 0xff, 0xff, 0xff,
    0x0, 0x0, 0x12, 0x26, 0xfd, 0x22, 0x20, 0x0,
    0x0, 0x0, 0x4f, 0xd0, 0x0, 0x0,

    /* U+00A6 "¦" */
    0x8f, 0x58, 0xf5, 0x8f, 0x58, 0xf5, 0x8f, 0x56,
    0xd4, 0x0, 0x0, 0x0, 0x0, 0x6, 0xd4, 0x8f,
    0x58, 0xf5, 0x8f, 0x58, 0xf5, 0x8f, 0x50,

    /* U+00A7 "§" */
    0x0, 0x8d, 0xfe, 0xb4, 0xb, 0xfc, 0x9b, 0xf8,
    0x1f, 0xb0, 0x0, 0x11, 0xf, 0xe4, 0x0, 0x0,
    0x9, 0xff, 0xfa, 0x30, 0x2f, 0xd7, 0xbf, 0xf3,
    0x7f, 0x40, 0x4, 0xf9, 0x5f, 0xb3, 0x4, 0xf8,
    0xa, 0xff, 0xef, 0xe1, 0x0, 0x37, 0xcf, 0xe0,
    0x0, 0x0, 0x9, 0xf4, 0x3a, 0x30, 0x1c, 0xf3,
    0x6f, 0xff, 0xff, 0x90, 0x2, 0x79, 0x84, 0x0,

    /* U+00A8 "¨" */
    0x0, 0x0, 0x0, 0x8e, 0x16, 0xf2, 0x8e, 0x16,
    0xe2,

    /* U+00A9 "©" */
    0x0, 0x2, 0x9d, 0xed, 0x80, 0x0, 0x0, 0x5d,
    0x51, 0x1, 0x7d, 0x20, 0x3, 0xd1, 0x0, 0x10,
    0x3, 0xd0, 0xc, 0x30, 0x7e, 0xfe, 0x60, 0x87,
    0x1d, 0x6, 0xf9, 0x5a, 0xb0, 0x2d, 0x4a, 0xc,
    0xc0, 0x0, 0x0, 0xe, 0x4a, 0xc, 0xc0, 0x0,
    0x0, 0xe, 0x1d, 0x8, 0xf6, 0x27, 0x90, 0x2c,
    0xc, 0x30, 0xbf, 0xff, 0x90, 0x87, 0x3, 0xd1,
    0x2, 0x42, 0x4, 0xd0, 0x0, 0x6d, 0x51, 0x1,
    0x8d, 0x20, 0x0, 0x2, 0x9d, 0xec, 0x70, 0x0,

    /* U+00AA "ª" */
    0x1a, 0xef, 0xa0, 0x5, 0x23, 0xf7, 0x1a, 0xdd,
    0xf9, 0x6f, 0x11, 0xe9, 0x1c, 0xec, 0xd8,

    /* U+00AB "«" */
    0x0, 0x17, 0x40, 0x66, 0x0, 0xb, 0xf2, 0x6f,
    0x60, 0x6, 0xf6, 0x2f, 0xb0, 0x2, 0xfc, 0xc,
    0xf1, 0x0, 0xc, 0xe1, 0x7f, 0x50, 0x0, 0x2f,
    0xb0, 0xce, 0x10, 0x0, 0x6f, 0x62, 0xfb, 0x0,

    /* U+00AC "¬" */
    0xaa, 0xaa, 0xaa, 0xa4, 0xff, 0xff, 0xff, 0xf6,
    0x0, 0x0, 0x4, 0xf6, 0x0, 0x0, 0x4, 0xf6,
    0x0, 0x0, 0x4, 0xf6,

    /* U+00AE "®" */
    0x0, 0x2, 0x9d, 0xed, 0x80, 0x0, 0x0, 0x5d,
    0x51, 0x1, 0x7d, 0x20, 0x3, 0xd1, 0x0, 0x0,
    0x3, 0xd0, 0xc, 0x30, 0xff, 0xfd, 0x60, 0x87,
    0x1d, 0x0, 0xf7, 0x27, 0xf2, 0x2d, 0x4a, 0x0,
    0xf5, 0x4, 0xf3, 0xe, 0x4a, 0x0, 0xff, 0xff,
    0x90, 0xe, 0x1d, 0x0, 0xf7, 0x3e, 0x50, 0x2c,
    0xc, 0x30, 0xf5, 0x6, 0xe0, 0x87, 0x3, 0xd1,
    0x41, 0x0, 0x45, 0xd0, 0x0, 0x6d, 0x51, 0x1,
    0x8d, 0x20, 0x0, 0x2, 0x9d, 0xec, 0x70, 0x0,

    /* U+00AF "¯" */
    0x0, 0x0, 0x0, 0xff, 0xff, 0xf9, 0x33, 0x33,
    0x31,

    /* U+00B0 "°" */
    0x3, 0xce, 0xa1, 0x1, 0xf6, 0x2a, 0xc0, 0x5c,
    0x0, 0x1f, 0x2, 0xf3, 0x7, 0xd0, 0x5, 0xff,
    0xd3, 0x0, 0x0, 0x10, 0x0,

    /* U+00B1 "±" */
    0x0, 0x4, 0x20, 0x0, 0x0, 0x2f, 0x90, 0x0,
    0x0, 0x2f, 0x90, 0x0, 0xaa, 0xbf, 0xda, 0xa4,
    0xff, 0xff, 0xff, 0xf6, 0x0, 0x2f, 0x90, 0x0,
    0x0, 0x2f, 0x90, 0x0, 0x0, 0x2f, 0x90, 0x0,
    0x0, 0x0, 0x0, 0x0, 0xaa, 0xaa, 0xaa, 0xa4,
    0xff, 0xff, 0xff, 0xf6,

    /* U+00B2 "²" */
    0x1a, 0xef, 0xb2, 0x4, 0xc5, 0x4d, 0xb0, 0x0,
    0x0, 0xbc, 0x0, 0x0, 0x7f, 0x40, 0x0, 0x8f,
    0x50, 0x0, 0xaf, 0x62, 0x20, 0x4f, 0xff, 0xff,
    0x20,

    /* U+00B3 "³" */
    0x6f, 0xff, 0xfd, 0x0, 0x22, 0x6f, 0x50, 0x0,
    0x3f, 0x70, 0x0, 0x7, 0xef, 0x90, 0x0, 0x0,
    0x5f, 0x24, 0xa5, 0x4a, 0xf1, 0x3b, 0xef, 0xc4,
    0x0,

    /* U+00B4 "´" */
    0x0, 0x48, 0x50, 0x4f, 0xc1, 0x2f, 0xb0, 0x0,

    /* U+00B5 "µ" */
    0xbf, 0x50, 0x0, 0x5f, 0xab, 0xf5, 0x0, 0x5,
    0xfa, 0xbf, 0x50, 0x0, 0x5f, 0xab, 0xf5, 0x0,
    0x5, 0xfa, 0xbf, 0x50, 0x0, 0x5f, 0xab, 0xf6,
    0x0, 0x7, 0xfa, 0xbf, 0xc0, 0x1, 0xef, 0xab,
    0xff, 0xec, 0xff, 0xfa, 0xbf, 0xad, 0xfc, 0x6f,
    0xab, 0xf5, 0x0, 0x0, 0x0, 0xbf, 0x50, 0x0,
    0x0, 0xb, 0xf5, 0x0, 0x0, 0x0,

    /* U+00B6 "¶" */
    0x4, 0xce, 0xff, 0xff, 0xf2, 0x3f, 0xff, 0xfa,
    0x9c, 0xf2, 0x9f, 0xff, 0xf4, 0x8, 0xf2, 0xaf,
    0xff, 0xf4, 0x8, 0xf2, 0x6f, 0xff, 0xf4, 0x8,
    0xf2, 0x8, 0xff, 0xf4, 0x8, 0xf2, 0x0, 0x7,
    0xf4, 0x8, 0xf2, 0x0, 0x6, 0xf4, 0x8, 0xf2,
    0x0, 0x6, 0xf4, 0x8, 0xf2, 0x0, 0x6, 0xf4,
    0x8, 0xf2, 0x0, 0x6, 0xf4, 0x8, 0xf2, 0x0,
    0x6, 0xf4, 0x8, 0xf2, 0x0, 0x6, 0xf4, 0x8,
    0xf2, 0x0, 0x6, 0xf4, 0x8, 0xf2, 0x0, 0x0,
    0x10, 0x0, 0x10,

    /* U+00B7 "·" */
    0x7, 0xb2, 0xf, 0xf8, 0xa, 0xe4,

    /* U+00B8 "¸" */
    0x0, 0x92, 0x0, 0xf, 0xa1, 0x1, 0x1f, 0x70,
    0xef, 0xe2, 0x0, 0x10, 0x0,

    /* U+00B9 "¹" */
    0xaf, 0xf7, 0x1, 0x2f, 0x70, 0x0, 0xf7, 0x0,
    0xf, 0x70, 0x0, 0xf7, 0x1, 0x2f, 0x82, 0xcf,
    0xff, 0xf0,

    /* U+00BA "º" */
    0x6, 0xdf, 0xc3, 0x4, 0xf7, 0x3a, 0xf1, 0x8d,
    0x0, 0x2f, 0x45, 0xf4, 0x7, 0xf1, 0x9, 0xff,
    0xf5, 0x0, 0x0, 0x20, 0x0,

    /* U+00BB "»" */
    0x27, 0x30, 0x75, 0x0, 0xd, 0xe1, 0x8f, 0x40,
    0x3, 0xfa, 0xd, 0xe1, 0x0, 0x8f, 0x53, 0xfa,
    0x0, 0xce, 0x17, 0xf6, 0x7, 0xf5, 0x2f, 0xa0,
    0x3f, 0xa0, 0xde, 0x10,

    /* U+00BC "¼" */
    0xaf, 0xf7, 0x0, 0x0, 0x1, 0xe9, 0x0, 0x0,
    0x13, 0xf7, 0x0, 0x0, 0x9, 0xe0, 0x0, 0x0,
    0x0, 0xf7, 0x0, 0x0, 0x4f, 0x40, 0x0, 0x0,
    0x0, 0xf7, 0x0, 0x0, 0xe9, 0x0, 0x0, 0x0,
    0x0, 0xf7, 0x0, 0x9, 0xe1, 0x0, 0x0, 0x0,
    0x0, 0xf7, 0x0, 0x3f, 0x40, 0x4, 0xf5, 0x0,
    0xcf, 0xff, 0xf0, 0xda, 0x0, 0x1e, 0x90, 0x0,
    0x23, 0x33, 0x28, 0xe1, 0x0, 0xbc, 0x2, 0x0,
    0x0, 0x0, 0x3f, 0x50, 0x7, 0xf2, 0x3f, 0x10,
    0x0, 0x0, 0xdb, 0x0, 0xf, 0xff, 0xff, 0xf4,
    0x0, 0x8, 0xf1, 0x0, 0x2, 0x33, 0x7f, 0x40,
    0x0, 0xa, 0x50, 0x0, 0x0, 0x0, 0x3b, 0x0,

    /* U+00BD "½" */
    0xaf, 0xf7, 0x0, 0x0, 0x1, 0xe9, 0x0, 0x1,
    0x3f, 0x70, 0x0, 0x0, 0xad, 0x0, 0x0, 0x0,
    0xf7, 0x0, 0x0, 0x5f, 0x30, 0x0, 0x0, 0xf,
    0x70, 0x0, 0x1e, 0x80, 0x0, 0x0, 0x0, 0xf7,
    0x0, 0xb, 0xc3, 0xcf, 0xfa, 0xc, 0xff, 0xff,
    0x6, 0xf2, 0x6a, 0x45, 0xf7, 0x23, 0x33, 0x22,
    0xf7, 0x0, 0x0, 0xe, 0x80, 0x0, 0x0, 0xcc,
    0x0, 0x0, 0xa, 0xf2, 0x0, 0x0, 0x7f, 0x20,
    0x0, 0xa, 0xf3, 0x0, 0x0, 0x2f, 0x60, 0x0,
    0xb, 0xe3, 0x0, 0x0, 0xc, 0xb0, 0x0, 0x8,
    0xff, 0xff, 0xe0, 0x0, 0x30, 0x0, 0x0, 0x13,
    0x33, 0x32,

    /* U+00BE "¾" */
    0x6f, 0xff, 0xfd, 0x0, 0x0, 0x1e, 0x90, 0x0,
    0x1, 0x33, 0x6f, 0x50, 0x0, 0x9, 0xe0, 0x0,
    0x0, 0x0, 0x2e, 0x80, 0x0, 0x4, 0xf4, 0x0,
    0x0, 0x0, 0x8, 0xff, 0x80, 0x0, 0xe9, 0x0,
    0x0, 0x0, 0x0, 0x0, 0x7f, 0x20, 0x9e, 0x10,
    0x1, 0x10, 0x3, 0x72, 0x18, 0xf1, 0x3f, 0x40,
    0x4, 0xf4, 0x0, 0x5f, 0xff, 0xf6, 0xd, 0xa0,
    0x1, 0xe8, 0x0, 0x0, 0x2, 0x20, 0x8, 0xe1,
    0x0, 0xbc, 0x3, 0x0, 0x0, 0x0, 0x3, 0xf5,
    0x0, 0x7f, 0x23, 0xf1, 0x0, 0x0, 0x0, 0xdb,
    0x0, 0xf, 0xff, 0xff, 0xf4, 0x0, 0x0, 0x8f,
    0x10, 0x0, 0x23, 0x37, 0xf4, 0x0, 0x0, 0xa,
    0x50, 0x0, 0x0, 0x0, 0x3b, 0x0,

    /* U+00BF "¿" */
    0x0, 0x4, 0xea, 0x0, 0x0, 0x0, 0x7, 0xfe,
    0x0, 0x0, 0x0, 0x1, 0x84, 0x0, 0x0, 0x0,
    0x0, 0x0, 0x0, 0x0, 0x0, 0x6, 0xfa, 0x0,
    0x0, 0x0, 0x2e, 0xf4, 0x0, 0x0, 0x1, 0xef,
    0x70, 0x0, 0x0, 0xb, 0xf8, 0x0, 0x0, 0x0,
    0xf, 0xf2, 0x0, 0x1, 0x0, 0xe, 0xf9, 0x10,
    0x5e, 0xb0, 0x6, 0xff, 0xff, 0xff, 0x80, 0x0,
    0x49, 0xcb, 0x93, 0x0,

    /* U+00C0 "À" */
    0x0, 0x0, 0x9f, 0x90, 0x0, 0x0, 0x0, 0x0,
    0x0, 0x8, 0xf7, 0x0, 0x0, 0x0, 0x0, 0x0,
    0x0, 0x57, 0x0, 0x0, 0x0, 0x0, 0x0, 0x4,
    0xff, 0x30, 0x0, 0x0, 0x0, 0x0, 0xa, 0xff,
    0xa0, 0x0, 0x0, 0x0, 0x0, 0x1f, 0xde, 0xf1,
    0x0, 0x0, 0x0, 0x0, 0x8f, 0x67, 0xf7, 0x0,
    0x0, 0x0, 0x0, 0xef, 0x1, 0xfe, 0x0, 0x0,
    0x0, 0x5, 0xf9, 0x0, 0xaf, 0x50, 0x0, 0x0,
    0xc, 0xf3, 0x0, 0x4f, 0xb0, 0x0, 0x0, 0x3f,
    0xfb, 0xbb, 0xbf, 0xf2, 0x0, 0x0, 0x9f, 0xff,
    0xff, 0xff, 0xf9, 0x0, 0x1, 0xff, 0x0, 0x0,
    0x1, 0xff, 0x0, 0x7, 0xf9, 0x0, 0x0, 0x0,
    0xaf, 0x60, 0xd, 0xf3, 0x0, 0x0, 0x0, 0x4f,
    0xd0,

    /* U+00C1 "Á" */
    0x0, 0x0, 0x0, 0xa, 0xf9, 0x0, 0x0, 0x0,
    0x0, 0x0, 0x7f, 0x70, 0x0, 0x0, 0x0, 0x0,
    0x1, 0x75, 0x0, 0x0, 0x0, 0x0, 0x0, 0x4,
    0xff, 0x30, 0x0, 0x0, 0x0, 0x0, 0xa, 0xff,
    0xa0, 0x0, 0x0, 0x0, 0x0, 0x1f, 0xde, 0xf1,
    0x0, 0x0, 0x0, 0x0, 0x8f, 0x67, 0xf7, 0x0,
    0x0, 0x0, 0x0, 0xef, 0x1, 0xfe, 0x0, 0x0,
    0x0, 0x5, 0xf9, 0x0, 0xaf, 0x50, 0x0, 0x0,
    0xc, 0xf3, 0x0, 0x4f, 0xb0, 0x0, 0x0, 0x3f,
    0xfb, 0xbb, 0xbf, 0xf2, 0x0, 0x0, 0x9f, 0xff,
    0xff, 0xff, 0xf9, 0x0, 0x1, 0xff, 0x0, 0x0,
    0x1, 0xff, 0x0, 0x7, 0xf9, 0x0, 0x0, 0x0,
    0xaf, 0x60, 0xd, 0xf3, 0x0, 0x0, 0x0, 0x4f,
    0xd0,

    /* U+00C2 "Â" */
    0x0, 0x0, 0x5, 0xff, 0x50, 0x0, 0x0, 0x0,
    0x0, 0x3f, 0x9a, 0xf3, 0x0, 0x0, 0x0, 0x0,
    0x66, 0x0, 0x66, 0x0, 0x0, 0x0, 0x0, 0x4,
    0xff, 0x30, 0x0, 0x0, 0x0, 0x0, 0xa, 0xff,
    0xa0, 0x0, 0x0, 0x0, 0x0, 0x1f, 0xde, 0xf1,
    0x0, 0x0, 0x0, 0x0, 0x8f, 0x67, 0xf7, 0x0,
    0x0, 0x0, 0x0, 0xef, 0x1, 0xfe, 0x0, 0x0,
    0x0, 0x5, 0xf9, 0x0, 0xaf, 0x50, 0x0, 0x0,
    0xc, 0xf3, 0x0, 0x4f, 0xb0, 0x0, 0x0, 0x3f,
    0xfb, 0xbb, 0xbf, 0xf2, 0x0, 0x0, 0x9f, 0xff,
    0xff, 0xff, 0xf9, 0x0, 0x1, 0xff, 0x0, 0x0,
    0x1, 0xff, 0x0, 0x7, 0xf9, 0x0, 0x0, 0x0,
    0xaf, 0x60, 0xd, 0xf3, 0x0, 0x0, 0x0, 0x4f,
    0xd0,

    /* U+00C3 "Ã" */
    0x0, 0x0, 0x0, 0x0, 0x0, 0x0, 0x0, 0x0,
    0x0, 0x6f, 0xd4, 0x5f, 0x0, 0x0, 0x0, 0x0,
    0xf7, 0x8f, 0xf8, 0x0, 0x0, 0x0, 0x0, 0x40,
    0x1, 0x20, 0x0, 0x0, 0x0, 0x0, 0x4, 0xff,
    0x30, 0x0, 0x0, 0x0, 0x0, 0xa, 0xff, 0xa0,
    0x0, 0x0, 0x0, 0x0, 0x1f, 0xde, 0xf1, 0x0,
    0x0, 0x0, 0x0, 0x8f, 0x67, 0xf7, 0x0, 0x0,
    0x0, 0x0, 0xef, 0x1, 0xfe, 0x0, 0x0, 0x0,
    0x5, 0xf9, 0x0, 0xaf, 0x50, 0x0, 0x0, 0xc,
    0xf3, 0x0, 0x4f, 0xb0, 0x0, 0x0, 0x3f, 0xfb,
    0xbb, 0xbf, 0xf2, 0x0, 0x0, 0x9f, 0xff, 0xff,
    0xff, 0xf9, 0x0, 0x1, 0xff, 0x0, 0x0, 0x1,
    0xff, 0x0, 0x7, 0xf9, 0x0, 0x0, 0x0, 0xaf,
    0x60, 0xd, 0xf3, 0x0, 0x0, 0x0, 0x4f, 0xd0,

    /* U+00C4 "Ä" */
    0x0, 0x0, 0x5f, 0x33, 0xf4, 0x0, 0x0, 0x0,
    0x0, 0x5f, 0x33, 0xf5, 0x0, 0x0, 0x0, 0x0,
    0x0, 0x0, 0x0, 0x0, 0x0, 0x0, 0x0, 0x4,
    0xff, 0x30, 0x0, 0x0, 0x0, 0x0, 0xa, 0xff,
    0xa0, 0x0, 0x0, 0x0, 0x0, 0x1f, 0xde, 0xf1,
    0x0, 0x0, 0x0, 0x0, 0x8f, 0x67, 0xf7, 0x0,
    0x0, 0x0, 0x0, 0xef, 0x1, 0xfe, 0x0, 0x0,
    0x0, 0x5, 0xf9, 0x0, 0xaf, 0x50, 0x0, 0x0,
    0xc, 0xf3, 0x0, 0x4f, 0xb0, 0x0, 0x0, 0x3f,
    0xfb, 0xbb, 0xbf, 0xf2, 0x0, 0x0, 0x9f, 0xff,
    0xff, 0xff, 0xf9, 0x0, 0x1, 0xff, 0x0, 0x0,
    0x1, 0xff, 0x0, 0x7, 0xf9, 0x0, 0x0, 0x0,
    0xaf, 0x60, 0xd, 0xf3, 0x0, 0x0, 0x0, 0x4f,
    0xd0,

    /* U+00C5 "Å" */
    0x0, 0x0, 0x2, 0xcc, 0x20, 0x0, 0x0, 0x0,
    0x0, 0xb, 0x23, 0xa0, 0x0, 0x0, 0x0, 0x0,
    0xd, 0x1, 0xc0, 0x0, 0x0, 0x0, 0x0, 0x7,
    0xbb, 0x60, 0x0, 0x0, 0x0, 0x0, 0x4, 0xff,
    0x30, 0x0, 0x0, 0x0, 0x0, 0xa, 0xff, 0xa0,
    0x0, 0x0, 0x0, 0x0, 0x1f, 0xde, 0xf1, 0x0,
    0x0, 0x0, 0x0, 0x8f, 0x67, 0xf7, 0x0, 0x0,
    0x0, 0x0, 0xef, 0x1, 0xfe, 0x0, 0x0, 0x0,
    0x5, 0xf9, 0x0, 0xaf, 0x50, 0x0, 0x0, 0xc,
    0xf3, 0x0, 0x4f, 0xb0, 0x0, 0x0, 0x3f, 0xfb,
    0xbb, 0xbf, 0xf2, 0x0, 0x0, 0x9f, 0xff, 0xff,
    0xff, 0xf9, 0x0, 0x1, 0xff, 0x0, 0x0, 0x1,
    0xff, 0x0, 0x7, 0xf9, 0x0, 0x0, 0x0, 0xaf,
    0x60, 0xd, 0xf3, 0x0, 0x0, 0x0, 0x4f, 0xd0,

    /* U+00C6 "Æ" */
    0x0, 0x0, 0x0, 0xd, 0xff, 0xff, 0xff, 0xff,
    0xf0, 0x0, 0x0, 0x0, 0x6f, 0xef, 0xfd, 0xdd,
    0xdd, 0xc0, 0x0, 0x0, 0x0, 0xef, 0x5f, 0xe0,
    0x0, 0x0, 0x0, 0x0, 0x0, 0x7, 0xf8, 0x3f,
    0xe0, 0x0, 0x0, 0x0, 0x0, 0x0, 0x1f, 0xe0,
    0x3f, 0xe0, 0x0, 0x0, 0x0, 0x0, 0x0, 0x8f,
    0x70, 0x3f, 0xfc, 0xcc, 0xcc, 0x30, 0x0, 0x2,
    0xfd, 0x0, 0x3f, 0xff, 0xff, 0xff, 0x40, 0x0,
    0xa, 0xfd, 0xbb, 0xcf, 0xe0, 0x0, 0x0, 0x0,
    0x0, 0x3f, 0xff, 0xff, 0xff, 0xe0, 0x0, 0x0,
    0x0, 0x0, 0xbf, 0x40, 0x0, 0x3f, 0xe0, 0x0,
    0x0, 0x0, 0x4, 0xfc, 0x0, 0x0, 0x3f, 0xfd,
    0xdd, 0xdd, 0xd2, 0xc, 0xf4, 0x0, 0x0, 0x3f,
    0xff, 0xff, 0xff, 0xf3,

    /* U+00C7 "Ç" */
    0x0, 0x2, 0x9d, 0xfe, 0xb5, 0x0, 0x0, 0x5f,
    0xff, 0xef, 0xff, 0xa0, 0x3, 0xff, 0x91, 0x0,
    0x4e, 0x80, 0xc, 0xf9, 0x0, 0x0, 0x1, 0x0,
    0x1f, 0xf1, 0x0, 0x0, 0x0, 0x0, 0x4f, 0xd0,
    0x0, 0x0, 0x0, 0x0, 0x4f, 0xd0, 0x0, 0x0,
    0x0, 0x0, 0x1f, 0xf1, 0x0, 0x0, 0x0, 0x0,
    0xc, 0xf9, 0x0, 0x0, 0x1, 0x0, 0x3, 0xff,
    0x91, 0x0, 0x5e, 0x90, 0x0, 0x5f, 0xff, 0xff,
    0xff, 0xa0, 0x0, 0x2, 0x9e, 0xff, 0xb5, 0x0,
    0x0, 0x0, 0x3, 0xf4, 0x0, 0x0, 0x0, 0x0,
    0x1, 0x4f, 0x30, 0x0, 0x0, 0x0, 0x2f, 0xfd,
    0x10, 0x0, 0x0, 0x0, 0x0, 0x10, 0x0, 0x0,

    /* U+00C8 "È" */
    0x2, 0xdf, 0x30, 0x0, 0x0, 0x1, 0xce, 0x20,
    0x0, 0x0, 0x0, 0x75, 0x0, 0x8, 0xff, 0xff,
    0xff, 0xfb, 0x8f, 0xed, 0xdd, 0xdd, 0x98, 0xf9,
    0x0, 0x0, 0x0, 0x8f, 0x90, 0x0, 0x0, 0x8,
    0xf9, 0x0, 0x0, 0x0, 0x8f, 0xec, 0xcc, 0xcc,
    0x8, 0xff, 0xff, 0xff, 0xf0, 0x8f, 0x90, 0x0,
    0x0, 0x8, 0xf9, 0x0, 0x0, 0x0, 0x8f, 0x90,
    0x0, 0x0, 0x8, 0xfe, 0xdd, 0xdd, 0xdb, 0x8f,
    0xff, 0xff, 0xff, 0xe0,

    /* U+00C9 "É" */
    0x0, 0x0, 0x1e, 0xf4, 0x0, 0x0, 0xd, 0xe3,
    0x0, 0x0, 0x4, 0x72, 0x0, 0x8, 0xff, 0xff,
    0xff, 0xfb, 0x8f, 0xed, 0xdd, 0xdd, 0x98, 0xf9,
    0x0, 0x0, 0x0, 0x8f, 0x90, 0x0, 0x0, 0x8,
    0xf9, 0x0, 0x0, 0x0, 0x8f, 0xec, 0xcc, 0xcc,
    0x8, 0xff, 0xff, 0xff, 0xf0, 0x8f, 0x90, 0x0,
    0x0, 0x8, 0xf9, 0x0, 0x0, 0x0, 0x8f, 0x90,
    0x0, 0x0, 0x8, 0xfe, 0xdd, 0xdd, 0xdb, 0x8f,
    0xff, 0xff, 0xff, 0xe0,

    /* U+00CA "Ê" */
    0x0, 0xb, 0xfd, 0x10, 0x0, 0x9, 0xf6, 0xec,
    0x0, 0x1, 0x83, 0x2, 0x73, 0x8, 0xff, 0xff,
    0xff, 0xfb, 0x8f, 0xed, 0xdd, 0xdd, 0x98, 0xf9,
    0x0, 0x0, 0x0, 0x8f, 0x90, 0x0, 0x0, 0x8,
    0xf9, 0x0, 0x0, 0x0, 0x8f, 0xec, 0xcc, 0xcc,
    0x8, 0xff, 0xff, 0xff, 0xf0, 0x8f, 0x90, 0x0,
    0x0, 0x8, 0xf9, 0x0, 0x0, 0x0, 0x8f, 0x90,
    0x0, 0x0, 0x8, 0xfe, 0xdd, 0xdd, 0xdb, 0x8f,
    0xff, 0xff, 0xff, 0xe0,

    /* U+00CB "Ë" */
    0x0, 0xbc, 0x9, 0xd0, 0x0, 0xb, 0xc0, 0x9d,
    0x0, 0x0, 0x0, 0x0, 0x0, 0x8, 0xff, 0xff,
    0xff, 0xfb, 0x8f, 0xed, 0xdd, 0xdd, 0x98, 0xf9,
    0x0, 0x0, 0x0, 0x8f, 0x90, 0x0, 0x0, 0x8,
    0xf9, 0x0, 0x0, 0x0, 0x8f, 0xec, 0xcc, 0xcc,
    0x8, 0xff, 0xff, 0xff, 0xf0, 0x8f, 0x90, 0x0,
    0x0, 0x8, 0xf9, 0x0, 0x0, 0x0, 0x8f, 0x90,
    0x0, 0x0, 0x8, 0xfe, 0xdd, 0xdd, 0xdb, 0x8f,
    0xff, 0xff, 0xff, 0xe0,

    /* U+00CC "Ì" */
    0x2e, 0xf3, 0x0, 0x1d, 0xe1, 0x0, 0x17, 0x50,
    0x8, 0xf9, 0x0, 0x8f, 0x90, 0x8, 0xf9, 0x0,
    0x8f, 0x90, 0x8, 0xf9, 0x0, 0x8f, 0x90, 0x8,
    0xf9, 0x0, 0x8f, 0x90, 0x8, 0xf9, 0x0, 0x8f,
    0x90, 0x8, 0xf9, 0x0, 0x8f, 0x90,

    /* U+00CD "Í" */
    0x2, 0xee, 0x31, 0xde, 0x20, 0x47, 0x10, 0x8,
    0xf9, 0x0, 0x8f, 0x90, 0x8, 0xf9, 0x0, 0x8f,
    0x90, 0x8, 0xf9, 0x0, 0x8f, 0x90, 0x8, 0xf9,
    0x0, 0x8f, 0x90, 0x8, 0xf9, 0x0, 0x8f, 0x90,
    0x8, 0xf9, 0x0, 0x8f, 0x90, 0x0,

    /* U+00CE "Î" */
    0x0, 0xcf, 0xd0, 0x0, 0xaf, 0x6e, 0xb0, 0x28,
    0x30, 0x28, 0x30, 0x8, 0xf9, 0x0, 0x0, 0x8f,
    0x90, 0x0, 0x8, 0xf9, 0x0, 0x0, 0x8f, 0x90,
    0x0, 0x8, 0xf9, 0x0, 0x0, 0x8f, 0x90, 0x0,
    0x8, 0xf9, 0x0, 0x0, 0x8f, 0x90, 0x0, 0x8,
    0xf9, 0x0, 0x0, 0x8f, 0x90, 0x0, 0x8, 0xf9,
    0x0, 0x0, 0x8f, 0x90, 0x0,

    /* U+00CF "Ï" */
    0xcb, 0xa, 0xd0, 0xcc, 0xa, 0xd0, 0x0, 0x0,
    0x0, 0x8, 0xf9, 0x0, 0x8, 0xf9, 0x0, 0x8,
    0xf9, 0x0, 0x8, 0xf9, 0x0, 0x8, 0xf9, 0x0,
    0x8, 0xf9, 0x0, 0x8, 0xf9, 0x0, 0x8, 0xf9,
    0x0, 0x8, 0xf9, 0x0, 0x8, 0xf9, 0x0, 0x8,
    0xf9, 0x0, 0x8, 0xf9, 0x0,

    /* U+00D0 "Ð" */
    0x5, 0xff, 0xff, 0xfe, 0xb5, 0x0, 0x0, 0x5f,
    0xfd, 0xdd, 0xff, 0xfb, 0x0, 0x5, 0xfc, 0x0,
    0x0, 0x5e, 0xfa, 0x0, 0x5f, 0xc0, 0x0, 0x0,
    0x3f, 0xf2, 0x5, 0xfc, 0x0, 0x0, 0x0, 0xaf,
    0x78, 0xff, 0xf9, 0x97, 0x0, 0x7, 0xf9, 0xef,
    0xff, 0xff, 0xc0, 0x0, 0x7f, 0x90, 0x5f, 0xc0,
    0x0, 0x0, 0xa, 0xf7, 0x5, 0xfc, 0x0, 0x0,
    0x2, 0xff, 0x20, 0x5f, 0xc0, 0x0, 0x4, 0xef,
    0xa0, 0x5, 0xff, 0xdd, 0xdf, 0xff, 0xb0, 0x0,
    0x5f, 0xff, 0xff, 0xeb, 0x50, 0x0,

    /* U+00D1 "Ñ" */
    0x0, 0x0, 0x0, 0x0, 0x0, 0x0, 0x1, 0xdf,
    0x92, 0xc7, 0x0, 0x0, 0x7d, 0x5d, 0xfe, 0x10,
    0x0, 0x2, 0x20, 0x3, 0x10, 0x0, 0x8f, 0x90,
    0x0, 0x0, 0x9f, 0x78, 0xff, 0x50, 0x0, 0x9,
    0xf7, 0x8f, 0xff, 0x20, 0x0, 0x9f, 0x78, 0xff,
    0xfd, 0x0, 0x9, 0xf7, 0x8f, 0xae, 0xfa, 0x0,
    0x9f, 0x78, 0xf9, 0x3f, 0xf6, 0x9, 0xf7, 0x8f,
    0x90, 0x7f, 0xf3, 0x9f, 0x78, 0xf9, 0x0, 0xaf,
    0xda, 0xf7, 0x8f, 0x90, 0x0, 0xdf, 0xff, 0x78,
    0xf9, 0x0, 0x3, 0xff, 0xf7, 0x8f, 0x90, 0x0,
    0x6, 0xff, 0x78, 0xf9, 0x0, 0x0, 0xa, 0xf7,

    /* U+00D2 "Ò" */
    0x0, 0x1, 0xaf, 0x70, 0x0, 0x0, 0x0, 0x0,
    0x0, 0x6f, 0x80, 0x0, 0x0, 0x0, 0x0, 0x0,
    0x0, 0x0, 0x0, 0x0, 0x0, 0x29, 0xdf, 0xeb,
    0x50, 0x0, 0x0, 0x5f, 0xff, 0xef, 0xff, 0xb0,
    0x0, 0x3f, 0xf9, 0x10, 0x5, 0xef, 0xa0, 0xc,
    0xf9, 0x0, 0x0, 0x2, 0xff, 0x31, 0xff, 0x10,
    0x0, 0x0, 0x9, 0xf9, 0x4f, 0xd0, 0x0, 0x0,
    0x0, 0x6f, 0xb4, 0xfd, 0x0, 0x0, 0x0, 0x6,
    0xfb, 0x1f, 0xf1, 0x0, 0x0, 0x0, 0x9f, 0x90,
    0xcf, 0x90, 0x0, 0x0, 0x2f, 0xf3, 0x3, 0xff,
    0x91, 0x0, 0x5e, 0xfa, 0x0, 0x5, 0xff, 0xff,
    0xff, 0xfb, 0x0, 0x0, 0x2, 0x9d, 0xfe, 0xb5,
    0x0, 0x0,

    /* U+00D3 "Ó" */
    0x0, 0x0, 0x0, 0x2d, 0xe4, 0x0, 0x0, 0x0,
    0x0, 0x2e, 0xb1, 0x0, 0x0, 0x0, 0x0, 0x0,
    0x0, 0x0, 0x0, 0x0, 0x0, 0x29, 0xdf, 0xeb,
    0x50, 0x0, 0x0, 0x5f, 0xff, 0xef, 0xff, 0xb0,
    0x0, 0x3f, 0xf9, 0x10, 0x5, 0xef, 0xa0, 0xc,
    0xf9, 0x0, 0x0, 0x2, 0xff, 0x31, 0xff, 0x10,
    0x0, 0x0, 0x9, 0xf9, 0x4f, 0xd0, 0x0, 0x0,
    0x0, 0x6f, 0xb4, 0xfd, 0x0, 0x0, 0x0, 0x6,
    0xfb, 0x1f, 0xf1, 0x0, 0x0, 0x0, 0x9f, 0x90,
    0xcf, 0x90, 0x0, 0x0, 0x2f, 0xf3, 0x3, 0xff,
    0x91, 0x0, 0x5e, 0xfa, 0x0, 0x5, 0xff, 0xff,
    0xff, 0xfb, 0x0, 0x0, 0x2, 0x9d, 0xfe, 0xb5,
    0x0, 0x0,

    /* U+00D4 "Ô" */
    0x0, 0x0, 0xa, 0xff, 0x30, 0x0, 0x0, 0x0,
    0xb, 0xd2, 0x8f, 0x40, 0x0, 0x0, 0x0, 0x0,
    0x0, 0x0, 0x0, 0x0, 0x0, 0x29, 0xdf, 0xeb,
    0x50, 0x0, 0x0, 0x5f, 0xff, 0xef, 0xff, 0xb0,
    0x0, 0x3f, 0xf9, 0x10, 0x5, 0xef, 0xa0, 0xc,
    0xf9, 0x0, 0x0, 0x2, 0xff, 0x31, 0xff, 0x10,
    0x0, 0x0, 0x9, 0xf9, 0x4f, 0xd0, 0x0, 0x0,
    0x0, 0x6f, 0xb4, 0xfd, 0x0, 0x0, 0x0, 0x6,
    0xfb, 0x1f, 0xf1, 0x0, 0x0, 0x0, 0x9f, 0x90,
    0xcf, 0x90, 0x0, 0x0, 0x2f, 0xf3, 0x3, 0xff,
    0x91, 0x0, 0x5e, 0xfa, 0x0, 0x5, 0xff, 0xff,
    0xff, 0xfb, 0x0, 0x0, 0x2, 0x9d, 0xfe, 0xb5,
    0x0, 0x0,

    /* U+00D5 "Õ" */
    0x0, 0x0, 0x0, 0x0, 0x0, 0x0, 0x0, 0x0,
    0xa, 0xfb, 0x39, 0xb0, 0x0, 0x0, 0x3, 0xf5,
    0xaf, 0xf4, 0x0, 0x0, 0x0, 0x13, 0x0, 0x22,
    0x0, 0x0, 0x0, 0x2, 0x9d, 0xfe, 0xb5, 0x0,
    0x0, 0x5, 0xff, 0xfe, 0xff, 0xfb, 0x0, 0x3,
    0xff, 0x91, 0x0, 0x5e, 0xfa, 0x0, 0xcf, 0x90,
    0x0, 0x0, 0x2f, 0xf3, 0x1f, 0xf1, 0x0, 0x0,
    0x0, 0x9f, 0x94, 0xfd, 0x0, 0x0, 0x0, 0x6,
    0xfb, 0x4f, 0xd0, 0x0, 0x0, 0x0, 0x6f, 0xb1,
    0xff, 0x10, 0x0, 0x0, 0x9, 0xf9, 0xc, 0xf9,
    0x0, 0x0, 0x2, 0xff, 0x30, 0x3f, 0xf9, 0x10,
    0x5, 0xef, 0xa0, 0x0, 0x5f, 0xff, 0xff, 0xff,
    0xb0, 0x0, 0x0, 0x29, 0xdf, 0xeb, 0x50, 0x0,

    /* U+00D6 "Ö" */
    0x0, 0x0, 0x9d, 0x7, 0xe1, 0x0, 0x0, 0x0,
    0x9, 0xe0, 0x7e, 0x10, 0x0, 0x0, 0x0, 0x0,
    0x0, 0x0, 0x0, 0x0, 0x0, 0x29, 0xdf, 0xeb,
    0x50, 0x0, 0x0, 0x5f, 0xff, 0xef, 0xff, 0xb0,
    0x0, 0x3f, 0xf9, 0x10, 0x5, 0xef, 0xa0, 0xc,
    0xf9, 0x0, 0x0, 0x2, 0xff, 0x31, 0xff, 0x10,
    0x0, 0x0, 0x9, 0xf9, 0x4f, 0xd0, 0x0, 0x0,
    0x0, 0x6f, 0xb4, 0xfd, 0x0, 0x0, 0x0, 0x6,
    0xfb, 0x1f, 0xf1, 0x0, 0x0, 0x0, 0x9f, 0x90,
    0xcf, 0x90, 0x0, 0x0, 0x2f, 0xf3, 0x3, 0xff,
    0x91, 0x0, 0x5e, 0xfa, 0x0, 0x5, 0xff, 0xff,
    0xff, 0xfb, 0x0, 0x0, 0x2, 0x9d, 0xfe, 0xb5,
    0x0, 0x0,

    /* U+00D7 "×" */
    0x0, 0x0, 0x0, 0x1, 0xd5, 0x1, 0xc6, 0x1d,
    0xf5, 0xcf, 0x70, 0x2e, 0xff, 0x70, 0x0, 0xbf,
    0xf3, 0x0, 0xaf, 0xaf, 0xe3, 0x2f, 0x90, 0x3f,
    0x90, 0x30, 0x0, 0x30,

    /* U+00D8 "Ø" */
    0x0, 0x0, 0x0, 0x0, 0xa, 0xe0, 0x0, 0x0,
    0x29, 0xdf, 0xee, 0xf7, 0x0, 0x0, 0x5f, 0xff,
    0xef, 0xff, 0xc0, 0x0, 0x3f, 0xf9, 0x10, 0x3f,
    0xff, 0xa0, 0xc, 0xf9, 0x0, 0xb, 0xd2, 0xff,
    0x31, 0xff, 0x10, 0x4, 0xf5, 0x9, 0xf9, 0x4f,
    0xd0, 0x0, 0xcd, 0x0, 0x6f, 0xb4, 0xfd, 0x0,
    0x5f, 0x40, 0x6, 0xfb, 0x1f, 0xf1, 0xd, 0xc0,
    0x0, 0x9f, 0x90, 0xcf, 0x95, 0xf4, 0x0, 0x2f,
    0xf3, 0x3, 0xff, 0xfd, 0x0, 0x5e, 0xfa, 0x0,
    0x5, 0xff, 0xff, 0xff, 0xfb, 0x0, 0x0, 0xf,
    0xfd, 0xfe, 0xb5, 0x0, 0x0, 0x7, 0xf2, 0x0,
    0x0, 0x0, 0x0,

    /* U+00D9 "Ù" */
    0x0, 0x3e, 0xe2, 0x0, 0x0, 0x0, 0x0, 0x1a,
    0xe3, 0x0, 0x0, 0x0, 0x0, 0x0, 0x0, 0x0,
    0x9, 0xf7, 0x0, 0x0, 0xd, 0xf3, 0x9f, 0x70,
    0x0, 0x0, 0xdf, 0x39, 0xf7, 0x0, 0x0, 0xd,
    0xf3, 0x9f, 0x70, 0x0, 0x0, 0xdf, 0x39, 0xf7,
    0x0, 0x0, 0xd, 0xf3, 0x9f, 0x70, 0x0, 0x0,
    0xdf, 0x39, 0xf7, 0x0, 0x0, 0xd, 0xf3, 0x8f,
    0x90, 0x0, 0x0, 0xef, 0x26, 0xfd, 0x0, 0x0,
    0x2f, 0xf0, 0x1f, 0xf9, 0x0, 0x2c, 0xfa, 0x0,
    0x6f, 0xff, 0xff, 0xfe, 0x10, 0x0, 0x4b, 0xef,
    0xe9, 0x10, 0x0,

    /* U+00DA "Ú" */
    0x0, 0x0, 0x6, 0xfb, 0x10, 0x0, 0x0, 0x7,
    0xf7, 0x0, 0x0, 0x0, 0x0, 0x0, 0x0, 0x0,
    0x9, 0xf7, 0x0, 0x0, 0xd, 0xf3, 0x9f, 0x70,
    0x0, 0x0, 0xdf, 0x39, 0xf7, 0x0, 0x0, 0xd,
    0xf3, 0x9f, 0x70, 0x0, 0x0, 0xdf, 0x39, 0xf7,
    0x0, 0x0, 0xd, 0xf3, 0x9f, 0x70, 0x0, 0x0,
    0xdf, 0x39, 0xf7, 0x0, 0x0, 0xd, 0xf3, 0x8f,
    0x90, 0x0, 0x0, 0xef, 0x26, 0xfd, 0x0, 0x0,
    0x2f, 0xf0, 0x1f, 0xf9, 0x0, 0x2c, 0xfa, 0x0,
    0x6f, 0xff, 0xff, 0xfe, 0x10, 0x0, 0x4b, 0xef,
    0xe9, 0x10, 0x0,

    /* U+00DB "Û" */
    0x0, 0x3, 0xef, 0xb0, 0x0, 0x0, 0x3, 0xf9,
    0x2c, 0xc1, 0x0, 0x0, 0x0, 0x0, 0x0, 0x0,
    0x9, 0xf7, 0x0, 0x0, 0xd, 0xf3, 0x9f, 0x70,
    0x0, 0x0, 0xdf, 0x39, 0xf7, 0x0, 0x0, 0xd,
    0xf3, 0x9f, 0x70, 0x0, 0x0, 0xdf, 0x39, 0xf7,
    0x0, 0x0, 0xd, 0xf3, 0x9f, 0x70, 0x0, 0x0,
    0xdf, 0x39, 0xf7, 0x0, 0x0, 0xd, 0xf3, 0x8f,
    0x90, 0x0, 0x0, 0xef, 0x26, 0xfd, 0x0, 0x0,
    0x2f, 0xf0, 0x1f, 0xf9, 0x0, 0x2c, 0xfa, 0x0,
    0x6f, 0xff, 0xff, 0xfe, 0x10, 0x0, 0x4b, 0xef,
    0xe9, 0x10, 0x0,

    /* U+00DC "Ü" */
    0x0, 0xe, 0x80, 0xda, 0x0, 0x0, 0x1, 0xe8,
    0xd, 0xa0, 0x0, 0x0, 0x0, 0x0, 0x0, 0x0,
    0x9, 0xf7, 0x0, 0x0, 0xd, 0xf3, 0x9f, 0x70,
    0x0, 0x0, 0xdf, 0x39, 0xf7, 0x0, 0x0, 0xd,
    0xf3, 0x9f, 0x70, 0x0, 0x0, 0xdf, 0x39, 0xf7,
    0x0, 0x0, 0xd, 0xf3, 0x9f, 0x70, 0x0, 0x0,
    0xdf, 0x39, 0xf7, 0x0, 0x0, 0xd, 0xf3, 0x8f,
    0x90, 0x0, 0x0, 0xef, 0x26, 0xfd, 0x0, 0x0,
    0x2f, 0xf0, 0x1f, 0xf9, 0x0, 0x2c, 0xfa, 0x0,
    0x6f, 0xff, 0xff, 0xfe, 0x10, 0x0, 0x4b, 0xef,
    0xe9, 0x10, 0x0,

    /* U+00DD "Ý" */
    0x0, 0x0, 0x0, 0x5e, 0xb1, 0x0, 0x0, 0x0,
    0x5, 0xf8, 0x0, 0x0, 0x0, 0x0, 0x2, 0x10,
    0x0, 0x0, 0xd, 0xf5, 0x0, 0x0, 0x9, 0xf6,
    0x4, 0xfe, 0x0, 0x0, 0x3f, 0xd0, 0x0, 0xbf,
    0x70, 0x0, 0xbf, 0x50, 0x0, 0x2f, 0xf1, 0x5,
    0xfb, 0x0, 0x0, 0x9, 0xf9, 0xd, 0xf3, 0x0,
    0x0, 0x1, 0xff, 0x9f, 0xa0, 0x0, 0x0, 0x0,
    0x7f, 0xff, 0x10, 0x0, 0x0, 0x0, 0xe, 0xf8,
    0x0, 0x0, 0x0, 0x0, 0xc, 0xf5, 0x0, 0x0,
    0x0, 0x0, 0xc, 0xf5, 0x0, 0x0, 0x0, 0x0,
    0xc, 0xf5, 0x0, 0x0, 0x0, 0x0, 0xc, 0xf5,
    0x0, 0x0,

    /* U+00DE "Þ" */
    0x8f, 0x90, 0x0, 0x0, 0x0, 0x8f, 0x90, 0x0,
    0x0, 0x0, 0x8f, 0xff, 0xff, 0xd8, 0x10, 0x8f,
    0xed, 0xde, 0xff, 0xe1, 0x8f, 0x90, 0x0, 0x2d,
    0xf9, 0x8f, 0x90, 0x0, 0x5, 0xfd, 0x8f, 0x90,
    0x0, 0x5, 0xfc, 0x8f, 0x90, 0x0, 0x2c, 0xf9,
    0x8f, 0xed, 0xde, 0xff, 0xe1, 0x8f, 0xff, 0xff,
    0xd8, 0x10, 0x8f, 0x90, 0x0, 0x0, 0x0, 0x8f,
    0x90, 0x0, 0x0, 0x0,

    /* U+00DF "ß" */
    0x0, 0x8d, 0xfe, 0x91, 0x0, 0xc, 0xff, 0xce,
    0xfd, 0x0, 0x6f, 0xc0, 0x0, 0xdf, 0x40, 0x9f,
    0x60, 0x0, 0x9f, 0x50, 0xaf, 0x50, 0x4, 0xfe,
    0x0, 0xbf, 0x50, 0xdf, 0xf7, 0x0, 0xbf, 0x50,
    0x9c, 0xff, 0x90, 0xbf, 0x50, 0x0, 0x2e, 0xf2,
    0xbf, 0x50, 0x0, 0xb, 0xf5, 0xbf, 0x50, 0x0,
    0x2e, 0xf3, 0xbf, 0x54, 0xdc, 0xff, 0xb0, 0xbf,
    0x55, 0xef, 0xd8, 0x0,

    /* U+00E0 "à" */
    0x1, 0xaf, 0x70, 0x0, 0x0, 0x0, 0x6f, 0x80,
    0x0, 0x0, 0x0, 0x0, 0x0, 0x0, 0x3a, 0xef,
    0xd9, 0x10, 0xd, 0xfe, 0xcf, 0xfd, 0x0, 0x43,
    0x0, 0x1e, 0xf4, 0x0, 0x0, 0x11, 0x9f, 0x70,
    0x4d, 0xff, 0xff, 0xf7, 0x1f, 0xf6, 0x44, 0xaf,
    0x74, 0xfb, 0x0, 0xb, 0xf7, 0x1e, 0xfa, 0x8c,
    0xff, 0x70, 0x3b, 0xff, 0xa8, 0xf7,

    /* U+00E1 "á" */
    0x0, 0x0, 0x1d, 0xe4, 0x0, 0x0, 0x2e, 0xb1,
    0x0, 0x0, 0x0, 0x0, 0x0, 0x0, 0x3a, 0xef,
    0xd9, 0x10, 0xd, 0xfe, 0xcf, 0xfd, 0x0, 0x43,
    0x0, 0x1e, 0xf4, 0x0, 0x0, 0x11, 0x9f, 0x70,
    0x4d, 0xff, 0xff, 0xf7, 0x1f, 0xf6, 0x44, 0xaf,
    0x74, 0xfb, 0x0, 0xb, 0xf7, 0x1e, 0xfa, 0x8c,
    0xff, 0x70, 0x3b, 0xff, 0xa8, 0xf7,

    /* U+00E2 "â" */
    0x0, 0xa, 0xff, 0x30, 0x0, 0xb, 0xd2, 0x8f,
    0x40, 0x0, 0x0, 0x0, 0x0, 0x0, 0x3a, 0xef,
    0xd9, 0x10, 0xd, 0xfe, 0xcf, 0xfd, 0x0, 0x43,
    0x0, 0x1e, 0xf4, 0x0, 0x0, 0x11, 0x9f, 0x70,
    0x4d, 0xff, 0xff, 0xf7, 0x1f, 0xf6, 0x44, 0xaf,
    0x74, 0xfb, 0x0, 0xb, 0xf7, 0x1e, 0xfa, 0x8c,
    0xff, 0x70, 0x3b, 0xff, 0xa8, 0xf7,

    /* U+00E3 "ã" */
    0x0, 0xaf, 0xff, 0xf6, 0x0, 0x3, 0x33, 0x32,
    0x0, 0x0, 0x0, 0x0, 0x0, 0x0, 0x3a, 0xef,
    0xd9, 0x10, 0xd, 0xfe, 0xcf, 0xfd, 0x0, 0x43,
    0x0, 0x1e, 0xf4, 0x0, 0x0, 0x11, 0x9f, 0x70,
    0x4d, 0xff, 0xff, 0xf7, 0x1f, 0xf6, 0x44, 0xaf,
    0x74, 0xfb, 0x0, 0xb, 0xf7, 0x1e, 0xfa, 0x8c,
    0xff, 0x70, 0x3b, 0xff, 0xa8, 0xf7,

    /* U+00E4 "ä" */
    0x0, 0x8e, 0x7, 0xe1, 0x0, 0x9, 0xe0, 0x7e,
    0x10, 0x0, 0x0, 0x0, 0x0, 0x0, 0x3a, 0xef,
    0xd9, 0x10, 0xd, 0xfe, 0xcf, 0xfd, 0x0, 0x43,
    0x0, 0x1e, 0xf4, 0x0, 0x0, 0x11, 0x9f, 0x70,
    0x4d, 0xff, 0xff, 0xf7, 0x1f, 0xf6, 0x44, 0xaf,
    0x74, 0xfb, 0x0, 0xb, 0xf7, 0x1e, 0xfa, 0x8c,
    0xff, 0x70, 0x3b, 0xff, 0xa8, 0xf7,

    /* U+00E5 "å" */
    0x0, 0x5, 0xdb, 0x0, 0x0, 0x0, 0xd0, 0x67,
    0x0, 0x0, 0xd, 0x6, 0x80, 0x0, 0x0, 0x6d,
    0xb1, 0x0, 0x0, 0x0, 0x0, 0x0, 0x0, 0x3a,
    0xef, 0xd9, 0x10, 0xd, 0xfe, 0xcf, 0xfd, 0x0,
    0x43, 0x0, 0x1e, 0xf4, 0x0, 0x0, 0x11, 0x9f,
    0x70, 0x4d, 0xff, 0xff, 0xf7, 0x1f, 0xf6, 0x44,
    0xaf, 0x74, 0xfb, 0x0, 0xb, 0xf7, 0x1e, 0xfa,
    0x8c, 0xff, 0x70, 0x3b, 0xff, 0xa8, 0xf7,

    /* U+00E6 "æ" */
    0x3, 0xae, 0xfe, 0x91, 0x4c, 0xfe, 0xb2, 0x0,
    0xd, 0xfe, 0xcf, 0xfd, 0xff, 0xdd, 0xff, 0x30,
    0x4, 0x30, 0x1, 0xef, 0xf4, 0x0, 0x6f, 0xc0,
    0x0, 0x0, 0x11, 0x9f, 0xa1, 0x11, 0x1d, 0xf2,
    0x5, 0xdf, 0xff, 0xff, 0xff, 0xff, 0xff, 0xf4,
    0x1f, 0xf6, 0x44, 0xaf, 0xb4, 0x44, 0x44, 0x41,
    0x3f, 0xb0, 0x0, 0xcf, 0xf4, 0x0, 0x7, 0x0,
    0xe, 0xfa, 0x8c, 0xfa, 0xff, 0xdd, 0xff, 0x60,
    0x2, 0xbe, 0xfc, 0x50, 0x4b, 0xef, 0xd7, 0x0,

    /* U+00E7 "ç" */
    0x0, 0x3a, 0xef, 0xc6, 0x0, 0x4f, 0xfe, 0xcf,
    0xf7, 0xe, 0xf7, 0x0, 0x2c, 0x44, 0xfd, 0x0,
    0x0, 0x0, 0x5f, 0xa0, 0x0, 0x0, 0x4, 0xfd,
    0x0, 0x0, 0x0, 0xe, 0xf7, 0x0, 0x2c, 0x40,
    0x4f, 0xfe, 0xdf, 0xf7, 0x0, 0x3a, 0xff, 0xc6,
    0x0, 0x0, 0xb, 0x70, 0x0, 0x0, 0x0, 0xaf,
    0x60, 0x0, 0x0, 0x10, 0xca, 0x0, 0x0, 0xc,
    0xfe, 0x30, 0x0, 0x0, 0x1, 0x0, 0x0,

    /* U+00E8 "è" */
    0x0, 0x8f, 0xa0, 0x0, 0x0, 0x0, 0x3, 0xeb,
    0x0, 0x0, 0x0, 0x0, 0x0, 0x0, 0x0, 0x0,
    0x3b, 0xef, 0xb3, 0x0, 0x5, 0xff, 0xcc, 0xff,
    0x40, 0xe, 0xf4, 0x0, 0x4f, 0xe0, 0x4f, 0xc1,
    0x11, 0x1b, 0xf3, 0x5f, 0xff, 0xff, 0xff, 0xf5,
    0x4f, 0xd4, 0x44, 0x44, 0x41, 0xe, 0xf6, 0x0,
    0x7, 0x0, 0x4, 0xff, 0xec, 0xff, 0x80, 0x0,
    0x3a, 0xef, 0xd8, 0x0,

    /* U+00E9 "é" */
    0x0, 0x0, 0xb, 0xf7, 0x0, 0x0, 0x0, 0xcd,
    0x30, 0x0, 0x0, 0x0, 0x0, 0x0, 0x0, 0x0,
    0x3b, 0xef, 0xb3, 0x0, 0x5, 0xff, 0xcc, 0xff,
    0x40, 0xe, 0xf4, 0x0, 0x4f, 0xe0, 0x4f, 0xc1,
    0x11, 0x1b, 0xf3, 0x5f, 0xff, 0xff, 0xff, 0xf5,
    0x4f, 0xd4, 0x44, 0x44, 0x41, 0xe, 0xf6, 0x0,
    0x7, 0x0, 0x4, 0xff, 0xec, 0xff, 0x80, 0x0,
    0x3a, 0xef, 0xd8, 0x0,

    /* U+00EA "ê" */
    0x0, 0x7, 0xff, 0x60, 0x0, 0x0, 0x8e, 0x45,
    0xf7, 0x0, 0x0, 0x0, 0x0, 0x0, 0x0, 0x0,
    0x3b, 0xef, 0xb3, 0x0, 0x5, 0xff, 0xcc, 0xff,
    0x40, 0xe, 0xf4, 0x0, 0x4f, 0xe0, 0x4f, 0xc1,
    0x11, 0x1b, 0xf3, 0x5f, 0xff, 0xff, 0xff, 0xf5,
    0x4f, 0xd4, 0x44, 0x44, 0x41, 0xe, 0xf6, 0x0,
    0x7, 0x0, 0x4, 0xff, 0xec, 0xff, 0x80, 0x0,
    0x3a, 0xef, 0xd8, 0x0,

    /* U+00EB "ë" */
    0x0, 0x5f, 0x34, 0xf4, 0x0, 0x0, 0x5f, 0x34,
    0xf4, 0x0, 0x0, 0x0, 0x0, 0x0, 0x0, 0x0,
    0x3b, 0xef, 0xb3, 0x0, 0x5, 0xff, 0xcc, 0xff,
    0x40, 0xe, 0xf4, 0x0, 0x4f, 0xe0, 0x4f, 0xc1,
    0x11, 0x1b, 0xf3, 0x5f, 0xff, 0xff, 0xff, 0xf5,
    0x4f, 0xd4, 0x44, 0x44, 0x41, 0xe, 0xf6, 0x0,
    0x7, 0x0, 0x4, 0xff, 0xec, 0xff, 0x80, 0x0,
    0x3a, 0xef, 0xd8, 0x0,

    /* U+00EC "ì" */
    0x4e, 0xe2, 0x0, 0x1a, 0xe3, 0x0, 0x0, 0x0,
    0xb, 0xf5, 0x0, 0xbf, 0x50, 0xb, 0xf5, 0x0,
    0xbf, 0x50, 0xb, 0xf5, 0x0, 0xbf, 0x50, 0xb,
    0xf5, 0x0, 0xbf, 0x50, 0xb, 0xf5,

    /* U+00ED "í" */
    0x0, 0x6f, 0xb1, 0x7, 0xe6, 0x0, 0x0, 0x0,
    0x0, 0xb, 0xf5, 0x0, 0xb, 0xf5, 0x0, 0xb,
    0xf5, 0x0, 0xb, 0xf5, 0x0, 0xb, 0xf5, 0x0,
    0xb, 0xf5, 0x0, 0xb, 0xf5, 0x0, 0xb, 0xf5,
    0x0, 0xb, 0xf5, 0x0,

    /* U+00EE "î" */
    0x2, 0xef, 0xa0, 0x1d, 0xb3, 0xe8, 0x0, 0x0,
    0x0, 0x0, 0xbf, 0x50, 0x0, 0xbf, 0x50, 0x0,
    0xbf, 0x50, 0x0, 0xbf, 0x50, 0x0, 0xbf, 0x50,
    0x0, 0xbf, 0x50, 0x0, 0xbf, 0x50, 0x0, 0xbf,
    0x50, 0x0, 0xbf, 0x50,

    /* U+00EF "ï" */
    0x9c, 0x3f, 0x49, 0xc3, 0xe4, 0x0, 0x0, 0x0,
    0xbf, 0x50, 0xb, 0xf5, 0x0, 0xbf, 0x50, 0xb,
    0xf5, 0x0, 0xbf, 0x50, 0xb, 0xf5, 0x0, 0xbf,
    0x50, 0xb, 0xf5, 0x0, 0xbf, 0x50,

    /* U+00F0 "ð" */
    0x0, 0x27, 0x0, 0x0, 0x0, 0xa, 0xfe, 0x49,
    0xf1, 0x0, 0x7, 0xff, 0xd2, 0x0, 0x1a, 0xf9,
    0xdf, 0x30, 0x0, 0x81, 0x2, 0xfd, 0x0, 0x3,
    0x78, 0x47, 0xf5, 0x7, 0xff, 0xff, 0xcf, 0xa2,
    0xff, 0x50, 0x3d, 0xfe, 0x6f, 0x90, 0x0, 0x5f,
    0xf6, 0xf8, 0x0, 0x4, 0xfd, 0x3f, 0xd1, 0x0,
    0xaf, 0x90, 0xbf, 0xeb, 0xdf, 0xd1, 0x0, 0x8e,
    0xfe, 0x91, 0x0,

    /* U+00F1 "ñ" */
    0x1, 0xcf, 0xff, 0xf3, 0x0, 0x13, 0x33, 0x31,
    0x0, 0x0, 0x0, 0x0, 0x0, 0xb, 0xf5, 0xae,
    0xfc, 0x30, 0xbf, 0xff, 0xce, 0xff, 0x2b, 0xfe,
    0x10, 0xb, 0xf8, 0xbf, 0x70, 0x0, 0x5f, 0xbb,
    0xf5, 0x0, 0x4, 0xfb, 0xbf, 0x50, 0x0, 0x4f,
    0xbb, 0xf5, 0x0, 0x4, 0xfb, 0xbf, 0x50, 0x0,
    0x4f, 0xbb, 0xf5, 0x0, 0x4, 0xfb,

    /* U+00F2 "ò" */
    0x0, 0x6f, 0xc1, 0x0, 0x0, 0x0, 0x2, 0xcd,
    0x10, 0x0, 0x0, 0x0, 0x0, 0x0, 0x0, 0x0,
    0x3b, 0xef, 0xc6, 0x0, 0x4, 0xff, 0xed, 0xff,
    0x90, 0xe, 0xf6, 0x0, 0x3e, 0xf4, 0x4f, 0xc0,
    0x0, 0x7, 0xf9, 0x5f, 0xa0, 0x0, 0x5, 0xfb,
    0x4f, 0xc0, 0x0, 0x7, 0xf9, 0xe, 0xf6, 0x0,
    0x3f, 0xf4, 0x4, 0xff, 0xed, 0xff, 0x90, 0x0,
    0x3b, 0xef, 0xc6, 0x0,

    /* U+00F3 "ó" */
    0x0, 0x0, 0x9, 0xf9, 0x0, 0x0, 0x0, 0xae,
    0x40, 0x0, 0x0, 0x0, 0x0, 0x0, 0x0, 0x0,
    0x3b, 0xef, 0xc6, 0x0, 0x4, 0xff, 0xed, 0xff,
    0x90, 0xe, 0xf6, 0x0, 0x3e, 0xf4, 0x4f, 0xc0,
    0x0, 0x7, 0xf9, 0x5f, 0xa0, 0x0, 0x5, 0xfb,
    0x4f, 0xc0, 0x0, 0x7, 0xf9, 0xe, 0xf6, 0x0,
    0x3f, 0xf4, 0x4, 0xff, 0xed, 0xff, 0x90, 0x0,
    0x3b, 0xef, 0xc6, 0x0,

    /* U+00F4 "ô" */
    0x0, 0x5, 0xff, 0x90, 0x0, 0x0, 0x6f, 0x63,
    0xe9, 0x0, 0x0, 0x0, 0x0, 0x0, 0x0, 0x0,
    0x3b, 0xef, 0xc6, 0x0, 0x4, 0xff, 0xed, 0xff,
    0x90, 0xe, 0xf6, 0x0, 0x3e, 0xf4, 0x4f, 0xc0,
    0x0, 0x7, 0xf9, 0x5f, 0xa0, 0x0, 0x5, 0xfb,
    0x4f, 0xc0, 0x0, 0x7, 0xf9, 0xe, 0xf6, 0x0,
    0x3f, 0xf4, 0x4, 0xff, 0xed, 0xff, 0x90, 0x0,
    0x3b, 0xef, 0xc6, 0x0,

    /* U+00F5 "õ" */
    0x0, 0x5e, 0xff, 0xfc, 0x0, 0x0, 0x23, 0x33,
    0x30, 0x0, 0x0, 0x0, 0x0, 0x0, 0x0, 0x0,
    0x3b, 0xef, 0xc6, 0x0, 0x4, 0xff, 0xed, 0xff,
    0x90, 0xe, 0xf6, 0x0, 0x3e, 0xf4, 0x4f, 0xc0,
    0x0, 0x7, 0xf9, 0x5f, 0xa0, 0x0, 0x5, 0xfb,
    0x4f, 0xc0, 0x0, 0x7, 0xf9, 0xe, 0xf6, 0x0,
    0x3f, 0xf4, 0x4, 0xff, 0xed, 0xff, 0x90, 0x0,
    0x3b, 0xef, 0xc6, 0x0,

    /* U+00F6 "ö" */
    0x0, 0x3f, 0x51, 0xe6, 0x0, 0x0, 0x3f, 0x52,
    0xe7, 0x0, 0x0, 0x0, 0x0, 0x0, 0x0, 0x0,
    0x3b, 0xef, 0xc6, 0x0, 0x4, 0xff, 0xed, 0xff,
    0x90, 0xe, 0xf6, 0x0, 0x3e, 0xf4, 0x4f, 0xc0,
    0x0, 0x7, 0xf9, 0x5f, 0xa0, 0x0, 0x5, 0xfb,
    0x4f, 0xc0, 0x0, 0x7, 0xf9, 0xe, 0xf6, 0x0,
    0x3f, 0xf4, 0x4, 0xff, 0xed, 0xff, 0x90, 0x0,
    0x3b, 0xef, 0xc6, 0x0,

    /* U+00F7 "÷" */
    0x0, 0x2e, 0x80, 0x0, 0x0, 0x4f, 0xc0, 0x0,
    0x0, 0x4, 0x10, 0x0, 0xaa, 0xaa, 0xaa, 0xa4,
    0xff, 0xff, 0xff, 0xf6, 0x0, 0x0, 0x0, 0x0,
    0x0, 0x4, 0x10, 0x0, 0x0, 0x4f, 0xc0, 0x0,
    0x0, 0x2e, 0x80, 0x0,

    /* U+00F8 "ø" */
    0x0, 0x0, 0x0, 0x1f, 0x40, 0x0, 0x3b, 0xef,
    0xff, 0x0, 0x4, 0xff, 0xee, 0xff, 0x90, 0xe,
    0xf6, 0x9, 0xee, 0xf4, 0x4f, 0xc0, 0x1f, 0x37,
    0xf9, 0x5f, 0xa0, 0x9b, 0x5, 0xfb, 0x4f, 0xc1,
    0xf3, 0x7, 0xf9, 0xe, 0xff, 0xb0, 0x3f, 0xf4,
    0x4, 0xff, 0xfd, 0xff, 0x90, 0x0, 0xdf, 0xef,
    0xc6, 0x0, 0x2, 0xf2, 0x0, 0x0, 0x0,

    /* U+00F9 "ù" */
    0x3, 0xde, 0x30, 0x0, 0x0, 0x0, 0x9e, 0x40,
    0x0, 0x0, 0x0, 0x0, 0x0, 0xc, 0xf4, 0x0,
    0x6, 0xf9, 0xcf, 0x40, 0x0, 0x6f, 0x9c, 0xf4,
    0x0, 0x6, 0xf9, 0xcf, 0x40, 0x0, 0x6f, 0x9c,
    0xf4, 0x0, 0x7, 0xf9, 0xbf, 0x50, 0x0, 0x9f,
    0x99, 0xfc, 0x0, 0x3f, 0xf9, 0x2f, 0xff, 0xef,
    0xff, 0x90, 0x3b, 0xef, 0xa6, 0xf9,

    /* U+00FA "ú" */
    0x0, 0x0, 0x5f, 0xc1, 0x0, 0x0, 0x6f, 0x70,
    0x0, 0x0, 0x0, 0x0, 0x0, 0xc, 0xf4, 0x0,
    0x6, 0xf9, 0xcf, 0x40, 0x0, 0x6f, 0x9c, 0xf4,
    0x0, 0x6, 0xf9, 0xcf, 0x40, 0x0, 0x6f, 0x9c,
    0xf4, 0x0, 0x7, 0xf9, 0xbf, 0x50, 0x0, 0x9f,
    0x99, 0xfc, 0x0, 0x3f, 0xf9, 0x2f, 0xff, 0xef,
    0xff, 0x90, 0x3b, 0xef, 0xa6, 0xf9,

    /* U+00FB "û" */
    0x0, 0x2e, 0xfc, 0x10, 0x0, 0x3e, 0x91, 0xbc,
    0x10, 0x0, 0x0, 0x0, 0x0, 0xc, 0xf4, 0x0,
    0x6, 0xf9, 0xcf, 0x40, 0x0, 0x6f, 0x9c, 0xf4,
    0x0, 0x6, 0xf9, 0xcf, 0x40, 0x0, 0x6f, 0x9c,
    0xf4, 0x0, 0x7, 0xf9, 0xbf, 0x50, 0x0, 0x9f,
    0x99, 0xfc, 0x0, 0x3f, 0xf9, 0x2f, 0xff, 0xef,
    0xff, 0x90, 0x3b, 0xef, 0xa6, 0xf9,

    /* U+00FC "ü" */
    0x0, 0xd9, 0xc, 0xb0, 0x0, 0xd, 0x90, 0xcb,
    0x0, 0x0, 0x0, 0x0, 0x0, 0xc, 0xf4, 0x0,
    0x6, 0xf9, 0xcf, 0x40, 0x0, 0x6f, 0x9c, 0xf4,
    0x0, 0x6, 0xf9, 0xcf, 0x40, 0x0, 0x6f, 0x9c,
    0xf4, 0x0, 0x7, 0xf9, 0xbf, 0x50, 0x0, 0x9f,
    0x99, 0xfc, 0x0, 0x3f, 0xf9, 0x2f, 0xff, 0xef,
    0xff, 0x90, 0x3b, 0xef, 0xa6, 0xf9,

    /* U+00FD "ý" */
    0x0, 0x0, 0x5, 0xfc, 0x10, 0x0, 0x0, 0x6,
    0xf7, 0x0, 0x0, 0x0, 0x0, 0x0, 0x0, 0x0,
    0x0, 0xdf, 0x30, 0x0, 0xd, 0xf1, 0x7, 0xf9,
    0x0, 0x3, 0xfa, 0x0, 0xf, 0xf1, 0x0, 0xaf,
    0x30, 0x0, 0x9f, 0x70, 0x1f, 0xd0, 0x0, 0x2,
    0xfd, 0x8, 0xf6, 0x0, 0x0, 0xb, 0xf5, 0xee,
    0x0, 0x0, 0x0, 0x4f, 0xef, 0x80, 0x0, 0x0,
    0x0, 0xdf, 0xf2, 0x0, 0x0, 0x0, 0x7, 0xfb,
    0x0, 0x0, 0x1, 0x0, 0xbf, 0x40, 0x0, 0x0,
    0xed, 0xdf, 0xb0, 0x0, 0x0, 0xa, 0xee, 0xa0,
    0x0, 0x0, 0x0,

    /* U+00FE "þ" */
    0xbf, 0x50, 0x0, 0x0, 0x0, 0xbf, 0x50, 0x0,
    0x0, 0x0, 0xbf, 0x50, 0x0, 0x0, 0x0, 0xbf,
    0x6a, 0xff, 0xb4, 0x0, 0xbf, 0xff, 0xde, 0xff,
    0x50, 0xbf, 0xe2, 0x0, 0x7f, 0xe0, 0xbf, 0x70,
    0x0, 0xd, 0xf4, 0xbf, 0x40, 0x0, 0xa, 0xf5,
    0xbf, 0x70, 0x0, 0xd, 0xf4, 0xbf, 0xe2, 0x0,
    0x7f, 0xe0, 0xbf, 0xff, 0xde, 0xff, 0x50, 0xbf,
    0x6a, 0xff, 0xb4, 0x0, 0xbf, 0x50, 0x0, 0x0,
    0x0, 0xbf, 0x50, 0x0, 0x0, 0x0, 0xbf, 0x50,
    0x0, 0x0, 0x0,

    /* U+00FF "ÿ" */
    0x0, 0xd, 0x90, 0xcb, 0x0, 0x0, 0x0, 0xda,
    0xc, 0xb0, 0x0, 0x0, 0x0, 0x0, 0x0, 0x0,
    0x0, 0xdf, 0x30, 0x0, 0xd, 0xf1, 0x7, 0xf9,
    0x0, 0x3, 0xfa, 0x0, 0xf, 0xf1, 0x0, 0xaf,
    0x30, 0x0, 0x9f, 0x70, 0x1f, 0xd0, 0x0, 0x2,
    0xfd, 0x8, 0xf6, 0x0, 0x0, 0xb, 0xf5, 0xee,
    0x0, 0x0, 0x0, 0x4f, 0xef, 0x80, 0x0, 0x0,
    0x0, 0xdf, 0xf2, 0x0, 0x0, 0x0, 0x7, 0xfb,
    0x0, 0x0, 0x1, 0x0, 0xbf, 0x40, 0x0, 0x0,
    0xed, 0xdf, 0xb0, 0x0, 0x0, 0xa, 0xee, 0xa0,
    0x0, 0x0, 0x0,

    /* U+0100 "Ā" */
    0x0, 0x0, 0x0, 0x0, 0x0, 0x0, 0x0, 0x0,
    0x0, 0xcf, 0xff, 0xfc, 0x0, 0x0, 0x0, 0x0,
    0x23, 0x33, 0x32, 0x0, 0x0, 0x0, 0x0, 0x4,
    0xff, 0x30, 0x0, 0x0, 0x0, 0x0, 0xa, 0xff,
    0xa0, 0x0, 0x0, 0x0, 0x0, 0x1f, 0xde, 0xf1,
    0x0, 0x0, 0x0, 0x0, 0x8f, 0x67, 0xf7, 0x0,
    0x0, 0x0, 0x0, 0xef, 0x1, 0xfe, 0x0, 0x0,
    0x0, 0x5, 0xf9, 0x0, 0xaf, 0x50, 0x0, 0x0,
    0xc, 0xf3, 0x0, 0x4f, 0xb0, 0x0, 0x0, 0x3f,
    0xfb, 0xbb, 0xbf, 0xf2, 0x0, 0x0, 0x9f, 0xff,
    0xff, 0xff, 0xf9, 0x0, 0x1, 0xff, 0x0, 0x0,
    0x1, 0xff, 0x0, 0x7, 0xf9, 0x0, 0x0, 0x0,
    0xaf, 0x60, 0xd, 0xf3, 0x0, 0x0, 0x0, 0x4f,
    0xd0,

    /* U+0101 "ā" */
    0x0, 0xff, 0xff, 0xf8, 0x0, 0x4, 0x44, 0x44,
    0x20, 0x0, 0x0, 0x0, 0x0, 0x0, 0x3a, 0xef,
    0xd9, 0x10, 0xd, 0xfe, 0xcf, 0xfd, 0x0, 0x43,
    0x0, 0x1e, 0xf4, 0x0, 0x0, 0x11, 0x9f, 0x70,
    0x4d, 0xff, 0xff, 0xf7, 0x1f, 0xf6, 0x44, 0xaf,
    0x74, 0xfb, 0x0, 0xb, 0xf7, 0x1e, 0xfa, 0x8c,
    0xff, 0x70, 0x3b, 0xff, 0xa8, 0xf7,

    /* U+0102 "Ă" */
    0x0, 0x0, 0xac, 0x1, 0xc9, 0x0, 0x0, 0x0,
    0x0, 0x1c, 0xff, 0xc1, 0x0, 0x0, 0x0, 0x0,
    0x0, 0x11, 0x0, 0x0, 0x0, 0x0, 0x0, 0x4,
    0xff, 0x30, 0x0, 0x0, 0x0, 0x0, 0xa, 0xff,
    0xa0, 0x0, 0x0, 0x0, 0x0, 0x1f, 0xde, 0xf1,
    0x0, 0x0, 0x0, 0x0, 0x8f, 0x67, 0xf7, 0x0,
    0x0, 0x0, 0x0, 0xef, 0x1, 0xfe, 0x0, 0x0,
    0x0, 0x5, 0xf9, 0x0, 0xaf, 0x50, 0x0, 0x0,
    0xc, 0xf3, 0x0, 0x4f, 0xb0, 0x0, 0x0, 0x3f,
    0xfb, 0xbb, 0xbf, 0xf2, 0x0, 0x0, 0x9f, 0xff,
    0xff, 0xff, 0xf9, 0x0, 0x1, 0xff, 0x0, 0x0,
    0x1, 0xff, 0x0, 0x7, 0xf9, 0x0, 0x0, 0x0,
    0xaf, 0x60, 0xd, 0xf3, 0x0, 0x0, 0x0, 0x4f,
    0xd0,

    /* U+0103 "ă" */
    0x0, 0xe9, 0x2, 0xe6, 0x0, 0x4, 0xef, 0xfa,
    0x0, 0x0, 0x0, 0x21, 0x0, 0x0, 0x3a, 0xef,
    0xd9, 0x10, 0xd, 0xfe, 0xcf, 0xfd, 0x0, 0x43,
    0x0, 0x1e, 0xf4, 0x0, 0x0, 0x11, 0x9f, 0x70,
    0x4d, 0xff, 0xff, 0xf7, 0x1f, 0xf6, 0x44, 0xaf,
    0x74, 0xfb, 0x0, 0xb, 0xf7, 0x1e, 0xfa, 0x8c,
    0xff, 0x70, 0x3b, 0xff, 0xa8, 0xf7,

    /* U+0104 "Ą" */
    0x0, 0x0, 0x4, 0xff, 0x30, 0x0, 0x0, 0x0,
    0x0, 0xa, 0xff, 0xa0, 0x0, 0x0, 0x0, 0x0,
    0x1f, 0xde, 0xf1, 0x0, 0x0, 0x0, 0x0, 0x8f,
    0x67, 0xf7, 0x0, 0x0, 0x0, 0x0, 0xef, 0x1,
    0xfe, 0x0, 0x0, 0x0, 0x5, 0xf9, 0x0, 0xaf,
    0x50, 0x0, 0x0, 0xc, 0xf3, 0x0, 0x4f, 0xb0,
    0x0, 0x0, 0x3f, 0xfb, 0xbb, 0xbf, 0xf2, 0x0,
    0x0, 0x9f, 0xff, 0xff, 0xff, 0xf9, 0x0, 0x1,
    0xff, 0x0, 0x0, 0x1, 0xff, 0x0, 0x7, 0xf9,
    0x0, 0x0, 0x0, 0xaf, 0x60, 0xd, 0xf3, 0x0,
    0x0, 0x0, 0x4f, 0xf0, 0x0, 0x0, 0x0, 0x0,
    0x0, 0x7f, 0x50, 0x0, 0x0, 0x0, 0x0, 0x0,
    0xf5, 0x0, 0x0, 0x0, 0x0, 0x0, 0x1, 0xf5,
    0x0, 0x0, 0x0, 0x0, 0x0, 0x0, 0xaf, 0xf4,
    0x0, 0x0, 0x0, 0x0, 0x0, 0x1, 0x10,

    /* U+0105 "ą" */
    0x3, 0xae, 0xfd, 0x91, 0x0, 0xdf, 0xec, 0xff,
    0xd0, 0x4, 0x30, 0x1, 0xef, 0x40, 0x0, 0x1,
    0x19, 0xf7, 0x4, 0xdf, 0xff, 0xff, 0x71, 0xff,
    0x64, 0x4a, 0xf7, 0x4f, 0xb0, 0x0, 0xbf, 0x71,
    0xef, 0xa8, 0xcf, 0xf7, 0x3, 0xbf, 0xfa, 0xaf,
    0x90, 0x0, 0x0, 0x2e, 0x80, 0x0, 0x0, 0x9,
    0xb0, 0x0, 0x0, 0x0, 0xbb, 0x1, 0x0, 0x0,
    0x4, 0xff, 0xa0, 0x0, 0x0, 0x0, 0x10,

    /* U+0106 "Ć" */
    0x0, 0x0, 0x0, 0x3e, 0xd3, 0x0, 0x0, 0x0,
    0x4, 0xf9, 0x0, 0x0, 0x0, 0x0, 0x0, 0x0,
    0x0, 0x0, 0x0, 0x2, 0x9d, 0xfe, 0xb5, 0x0,
    0x0, 0x5f, 0xff, 0xef, 0xff, 0xa0, 0x3, 0xff,
    0x91, 0x0, 0x4e, 0x80, 0xc, 0xf9, 0x0, 0x0,
    0x1, 0x0, 0x1f, 0xf1, 0x0, 0x0, 0x0, 0x0,
    0x4f, 0xd0, 0x0, 0x0, 0x0, 0x0, 0x4f, 0xd0,
    0x0, 0x0, 0x0, 0x0, 0x1f, 0xf1, 0x0, 0x0,
    0x0, 0x0, 0xc, 0xf9, 0x0, 0x0, 0x1, 0x0,
    0x3, 0xff, 0x91, 0x0, 0x5e, 0x90, 0x0, 0x5f,
    0xff, 0xff, 0xff, 0xa0, 0x0, 0x2, 0x9e, 0xfe,
    0xb5, 0x0,

    /* U+0107 "ć" */
    0x0, 0x0, 0xb, 0xf7, 0x0, 0x0, 0xb, 0xd3,
    0x0, 0x0, 0x0, 0x0, 0x0, 0x0, 0x3, 0xae,
    0xfc, 0x60, 0x4, 0xff, 0xec, 0xff, 0x70, 0xef,
    0x70, 0x2, 0xc4, 0x4f, 0xd0, 0x0, 0x0, 0x5,
    0xfa, 0x0, 0x0, 0x0, 0x4f, 0xd0, 0x0, 0x0,
    0x0, 0xef, 0x70, 0x2, 0xc4, 0x4, 0xff, 0xed,
    0xff, 0x70, 0x3, 0xae, 0xfc, 0x60,

    /* U+0108 "Ĉ" */
    0x0, 0x0, 0x1c, 0xfe, 0x20, 0x0, 0x0, 0x1,
    0xdb, 0x29, 0xe3, 0x0, 0x0, 0x0, 0x0, 0x0,
    0x0, 0x0, 0x0, 0x2, 0x9d, 0xfe, 0xb5, 0x0,
    0x0, 0x5f, 0xff, 0xef, 0xff, 0xa0, 0x3, 0xff,
    0x91, 0x0, 0x4e, 0x80, 0xc, 0xf9, 0x0, 0x0,
    0x1, 0x0, 0x1f, 0xf1, 0x0, 0x0, 0x0, 0x0,
    0x4f, 0xd0, 0x0, 0x0, 0x0, 0x0, 0x4f, 0xd0,
    0x0, 0x0, 0x0, 0x0, 0x1f, 0xf1, 0x0, 0x0,
    0x0, 0x0, 0xc, 0xf9, 0x0, 0x0, 0x1, 0x0,
    0x3, 0xff, 0x91, 0x0, 0x5e, 0x90, 0x0, 0x5f,
    0xff, 0xff, 0xff, 0xa0, 0x0, 0x2, 0x9e, 0xfe,
    0xb5, 0x0,

    /* U+0109 "ĉ" */
    0x0, 0x7, 0xff, 0x70, 0x0, 0x8, 0xf4, 0x5f,
    0x70, 0x0, 0x0, 0x0, 0x0, 0x0, 0x3, 0xae,
    0xfc, 0x60, 0x4, 0xff, 0xec, 0xff, 0x70, 0xef,
    0x70, 0x2, 0xc4, 0x4f, 0xd0, 0x0, 0x0, 0x5,
    0xfa, 0x0, 0x0, 0x0, 0x4f, 0xd0, 0x0, 0x0,
    0x0, 0xef, 0x70, 0x2, 0xc4, 0x4, 0xff, 0xed,
    0xff, 0x70, 0x3, 0xae, 0xfc, 0x60,

    /* U+010A "Ċ" */
    0x0, 0x0, 0x0, 0x51, 0x0, 0x0, 0x0, 0x0,
    0x7, 0xfa, 0x0, 0x0, 0x0, 0x0, 0x4, 0xf7,
    0x0, 0x0, 0x0, 0x0, 0x0, 0x0, 0x0, 0x0,
    0x0, 0x2, 0x9d, 0xfe, 0xb5, 0x0, 0x0, 0x5f,
    0xff, 0xef, 0xff, 0xa0, 0x3, 0xff, 0x91, 0x0,
    0x4e, 0x80, 0xc, 0xf9, 0x0, 0x0, 0x1, 0x0,
    0x1f, 0xf1, 0x0, 0x0, 0x0, 0x0, 0x4f, 0xd0,
    0x0, 0x0, 0x0, 0x0, 0x4f, 0xd0, 0x0, 0x0,
    0x0, 0x0, 0x1f, 0xf1, 0x0, 0x0, 0x0, 0x0,
    0xc, 0xf9, 0x0, 0x0, 0x1, 0x0, 0x3, 0xff,
    0x91, 0x0, 0x5e, 0x90, 0x0, 0x5f, 0xff, 0xff,
    0xff, 0xa0, 0x0, 0x2, 0x9e, 0xfe, 0xb5, 0x0,

    /* U+010B "ċ" */
    0x0, 0x0, 0x54, 0x0, 0x0, 0x0, 0x1f, 0xf1,
    0x0, 0x0, 0x0, 0xba, 0x0, 0x0, 0x0, 0x0,
    0x0, 0x0, 0x0, 0x3a, 0xef, 0xc6, 0x0, 0x4f,
    0xfe, 0xcf, 0xf7, 0xe, 0xf7, 0x0, 0x2c, 0x44,
    0xfd, 0x0, 0x0, 0x0, 0x5f, 0xa0, 0x0, 0x0,
    0x4, 0xfd, 0x0, 0x0, 0x0, 0xe, 0xf7, 0x0,
    0x2c, 0x40, 0x4f, 0xfe, 0xdf, 0xf7, 0x0, 0x3a,
    0xef, 0xc6, 0x0,

    /* U+010C "Č" */
    0x0, 0x1, 0xdb, 0x29, 0xe3, 0x0, 0x0, 0x0,
    0x1c, 0xfe, 0x20, 0x0, 0x0, 0x0, 0x0, 0x0,
    0x0, 0x0, 0x0, 0x2, 0x9d, 0xfe, 0xb5, 0x0,
    0x0, 0x5f, 0xff, 0xef, 0xff, 0xa0, 0x3, 0xff,
    0x91, 0x0, 0x4e, 0x80, 0xc, 0xf9, 0x0, 0x0,
    0x1, 0x0, 0x1f, 0xf1, 0x0, 0x0, 0x0, 0x0,
    0x4f, 0xd0, 0x0, 0x0, 0x0, 0x0, 0x4f, 0xd0,
    0x0, 0x0, 0x0, 0x0, 0x1f, 0xf1, 0x0, 0x0,
    0x0, 0x0, 0xc, 0xf9, 0x0, 0x0, 0x1, 0x0,
    0x3, 0xff, 0x91, 0x0, 0x5e, 0x90, 0x0, 0x5f,
    0xff, 0xff, 0xff, 0xa0, 0x0, 0x2, 0x9e, 0xfe,
    0xb5, 0x0,

    /* U+010D "č" */
    0x0, 0x8e, 0x45, 0xf8, 0x0, 0x0, 0x7f, 0xf7,
    0x0, 0x0, 0x0, 0x0, 0x0, 0x0, 0x3, 0xae,
    0xfc, 0x60, 0x4, 0xff, 0xec, 0xff, 0x70, 0xef,
    0x70, 0x2, 0xc4, 0x4f, 0xd0, 0x0, 0x0, 0x5,
    0xfa, 0x0, 0x0, 0x0, 0x4f, 0xd0, 0x0, 0x0,
    0x0, 0xef, 0x70, 0x2, 0xc4, 0x4, 0xff, 0xed,
    0xff, 0x70, 0x3, 0xae, 0xfc, 0x60,

    /* U+010E "Ď" */
    0x0, 0xae, 0x33, 0xea, 0x0, 0x0, 0x0, 0xb,
    0xff, 0xb0, 0x0, 0x0, 0x0, 0x1, 0x77, 0x10,
    0x0, 0x0, 0x8f, 0xff, 0xff, 0xea, 0x40, 0x0,
    0x8f, 0xed, 0xdd, 0xff, 0xf9, 0x0, 0x8f, 0x90,
    0x0, 0x6, 0xff, 0x70, 0x8f, 0x90, 0x0, 0x0,
    0x5f, 0xf0, 0x8f, 0x90, 0x0, 0x0, 0xd, 0xf5,
    0x8f, 0x90, 0x0, 0x0, 0xa, 0xf7, 0x8f, 0x90,
    0x0, 0x0, 0xa, 0xf7, 0x8f, 0x90, 0x0, 0x0,
    0xd, 0xf5, 0x8f, 0x90, 0x0, 0x0, 0x4f, 0xf0,
    0x8f, 0x90, 0x0, 0x6, 0xff, 0x70, 0x8f, 0xed,
    0xdd, 0xff, 0xf9, 0x0, 0x8f, 0xff, 0xff, 0xea,
    0x40, 0x0,

    /* U+010F "ď" */
    0x0, 0x0, 0x0, 0x0, 0x0, 0xf, 0x90, 0x0,
    0x0, 0x0, 0x5f, 0xb0, 0xf8, 0x0, 0x0, 0x0,
    0x5, 0xfb, 0xf, 0x70, 0x0, 0x0, 0x0, 0x5f,
    0xb0, 0x41, 0x0, 0x4b, 0xff, 0xa6, 0xfb, 0x0,
    0x0, 0x5f, 0xfe, 0xdf, 0xff, 0xb0, 0x0, 0xe,
    0xf7, 0x0, 0x2e, 0xfb, 0x0, 0x4, 0xfc, 0x0,
    0x0, 0x7f, 0xb0, 0x0, 0x5f, 0xa0, 0x0, 0x4,
    0xfb, 0x0, 0x4, 0xfc, 0x0, 0x0, 0x7f, 0xb0,
    0x0, 0xe, 0xf6, 0x0, 0x2e, 0xfb, 0x0, 0x0,
    0x5f, 0xfe, 0xdf, 0xff, 0xb0, 0x0, 0x0, 0x4c,
    0xff, 0xa5, 0xfb, 0x0, 0x0,

    /* U+0110 "Đ" */
    0x5, 0xff, 0xff, 0xfe, 0xb5, 0x0, 0x0, 0x5f,
    0xfd, 0xdd, 0xff, 0xfb, 0x0, 0x5, 0xfc, 0x0,
    0x0, 0x5e, 0xfa, 0x0, 0x5f, 0xc0, 0x0, 0x0,
    0x3f, 0xf2, 0x5, 0xfc, 0x0, 0x0, 0x0, 0xaf,
    0x78, 0xff, 0xf9, 0x97, 0x0, 0x7, 0xf9, 0xef,
    0xff, 0xff, 0xc0, 0x0, 0x7f, 0x90, 0x5f, 0xc0,
    0x0, 0x0, 0xa, 0xf7, 0x5, 0xfc, 0x0, 0x0,
    0x2, 0xff, 0x20, 0x5f, 0xc0, 0x0, 0x4, 0xef,
    0xa0, 0x5, 0xff, 0xdd, 0xdf, 0xff, 0xb0, 0x0,
    0x5f, 0xff, 0xff, 0xeb, 0x50, 0x0,

    /* U+0111 "đ" */
    0x0, 0x0, 0x7f, 0xff, 0xff, 0xf0, 0x0, 0x2,
    0x55, 0xaf, 0xf5, 0x0, 0x0, 0x0, 0x5, 0xfb,
    0x0, 0x4, 0xbf, 0xfa, 0x6f, 0xb0, 0x5, 0xff,
    0xed, 0xff, 0xfb, 0x0, 0xef, 0x70, 0x2, 0xef,
    0xb0, 0x4f, 0xc0, 0x0, 0x7, 0xfb, 0x5, 0xfa,
    0x0, 0x0, 0x4f, 0xb0, 0x4f, 0xc0, 0x0, 0x7,
    0xfb, 0x0, 0xef, 0x60, 0x2, 0xef, 0xb0, 0x5,
    0xff, 0xed, 0xff, 0xfb, 0x0, 0x4, 0xcf, 0xfa,
    0x5f, 0xb0,

    /* U+0112 "Ē" */
    0x0, 0x0, 0x0, 0x0, 0x0, 0x2f, 0xff, 0xff,
    0x60, 0x0, 0x33, 0x33, 0x31, 0x8, 0xff, 0xff,
    0xff, 0xfb, 0x8f, 0xed, 0xdd, 0xdd, 0x98, 0xf9,
    0x0, 0x0, 0x0, 0x8f, 0x90, 0x0, 0x0, 0x8,
    0xf9, 0x0, 0x0, 0x0, 0x8f, 0xec, 0xcc, 0xcc,
    0x8, 0xff, 0xff, 0xff, 0xf0, 0x8f, 0x90, 0x0,
    0x0, 0x8, 0xf9, 0x0, 0x0, 0x0, 0x8f, 0x90,
    0x0, 0x0, 0x8, 0xfe, 0xdd, 0xdd, 0xdb, 0x8f,
    0xff, 0xff, 0xff, 0xe0,

    /* U+0113 "ē" */
    0x0, 0xcf, 0xff, 0xfc, 0x0, 0x0, 0x34, 0x44,
    0x43, 0x0, 0x0, 0x0, 0x0, 0x0, 0x0, 0x0,
    0x3b, 0xef, 0xb3, 0x0, 0x5, 0xff, 0xcc, 0xff,
    0x40, 0xe, 0xf4, 0x0, 0x4f, 0xe0, 0x4f, 0xc1,
    0x11, 0x1b, 0xf3, 0x5f, 0xff, 0xff, 0xff, 0xf5,
    0x4f, 0xd4, 0x44, 0x44, 0x41, 0xe, 0xf6, 0x0,
    0x7, 0x0, 0x4, 0xff, 0xec, 0xff, 0x80, 0x0,
    0x3a, 0xef, 0xd8, 0x0,

    /* U+0114 "Ĕ" */
    0x0, 0xf6, 0x3, 0xf3, 0x0, 0x6, 0xef, 0xf8,
    0x0, 0x0, 0x0, 0x10, 0x0, 0x8, 0xff, 0xff,
    0xff, 0xfb, 0x8f, 0xed, 0xdd, 0xdd, 0x98, 0xf9,
    0x0, 0x0, 0x0, 0x8f, 0x90, 0x0, 0x0, 0x8,
    0xf9, 0x0, 0x0, 0x0, 0x8f, 0xec, 0xcc, 0xcc,
    0x8, 0xff, 0xff, 0xff, 0xf0, 0x8f, 0x90, 0x0,
    0x0, 0x8, 0xf9, 0x0, 0x0, 0x0, 0x8f, 0x90,
    0x0, 0x0, 0x8, 0xfe, 0xdd, 0xdd, 0xdb, 0x8f,
    0xff, 0xff, 0xff, 0xe0,

    /* U+0115 "ĕ" */
    0x0, 0xab, 0x11, 0xc9, 0x0, 0x0, 0x2d, 0xff,
    0xc1, 0x0, 0x0, 0x0, 0x11, 0x0, 0x0, 0x0,
    0x3b, 0xef, 0xb3, 0x0, 0x5, 0xff, 0xcc, 0xff,
    0x40, 0xe, 0xf4, 0x0, 0x4f, 0xe0, 0x4f, 0xc1,
    0x11, 0x1b, 0xf3, 0x5f, 0xff, 0xff, 0xff, 0xf5,
    0x4f, 0xd4, 0x44, 0x44, 0x41, 0xe, 0xf6, 0x0,
    0x7, 0x0, 0x4, 0xff, 0xec, 0xff, 0x80, 0x0,
    0x3a, 0xef, 0xd8, 0x0,

    /* U+0116 "Ė" */
    0x0, 0x4, 0xf7, 0x0, 0x0, 0x0, 0x7f, 0xa0,
    0x0, 0x0, 0x0, 0x51, 0x0, 0x8, 0xff, 0xff,
    0xff, 0xfb, 0x8f, 0xed, 0xdd, 0xdd, 0x98, 0xf9,
    0x0, 0x0, 0x0, 0x8f, 0x90, 0x0, 0x0, 0x8,
    0xf9, 0x0, 0x0, 0x0, 0x8f, 0xec, 0xcc, 0xcc,
    0x8, 0xff, 0xff, 0xff, 0xf0, 0x8f, 0x90, 0x0,
    0x0, 0x8, 0xf9, 0x0, 0x0, 0x0, 0x8f, 0x90,
    0x0, 0x0, 0x8, 0xfe, 0xdd, 0xdd, 0xdb, 0x8f,
    0xff, 0xff, 0xff, 0xe0,

    /* U+0117 "ė" */
    0x0, 0x0, 0x54, 0x0, 0x0, 0x0, 0x1, 0xff,
    0x0, 0x0, 0x0, 0x0, 0xba, 0x0, 0x0, 0x0,
    0x0, 0x0, 0x0, 0x0, 0x0, 0x3b, 0xef, 0xb3,
    0x0, 0x5, 0xff, 0xcc, 0xff, 0x40, 0xe, 0xf4,
    0x0, 0x4f, 0xe0, 0x4f, 0xc1, 0x11, 0x1b, 0xf3,
    0x5f, 0xff, 0xff, 0xff, 0xf5, 0x4f, 0xd4, 0x44,
    0x44, 0x41, 0xe, 0xf6, 0x0, 0x7, 0x0, 0x4,
    0xff, 0xec, 0xff, 0x80, 0x0, 0x3a, 0xef, 0xd8,
    0x0,

    /* U+0118 "Ę" */
    0x8f, 0xff, 0xff, 0xff, 0xb0, 0x8f, 0xed, 0xdd,
    0xdd, 0x90, 0x8f, 0x90, 0x0, 0x0, 0x0, 0x8f,
    0x90, 0x0, 0x0, 0x0, 0x8f, 0x90, 0x0, 0x0,
    0x0, 0x8f, 0xec, 0xcc, 0xcc, 0x0, 0x8f, 0xff,
    0xff, 0xff, 0x0, 0x8f, 0x90, 0x0, 0x0, 0x0,
    0x8f, 0x90, 0x0, 0x0, 0x0, 0x8f, 0x90, 0x0,
    0x0, 0x0, 0x8f, 0xed, 0xdd, 0xdd, 0xb0, 0x8f,
    0xff, 0xff, 0xff, 0xf0, 0x0, 0x0, 0x0, 0x8e,
    0x30, 0x0, 0x0, 0x2, 0xf3, 0x0, 0x0, 0x0,
    0x4, 0xf3, 0x10, 0x0, 0x0, 0x0, 0xcf, 0xf1,
    0x0, 0x0, 0x0, 0x1, 0x0,

    /* U+0119 "ę" */
    0x0, 0x3b, 0xef, 0xb3, 0x0, 0x5, 0xff, 0xcc,
    0xff, 0x40, 0xe, 0xf4, 0x0, 0x4f, 0xe0, 0x4f,
    0xc1, 0x11, 0x1b, 0xf3, 0x5f, 0xff, 0xff, 0xff,
    0xf5, 0x4f, 0xd4, 0x44, 0x44, 0x41, 0xe, 0xf6,
    0x0, 0x7, 0x0, 0x4, 0xff, 0xec, 0xff, 0x80,
    0x0, 0x3a, 0xef, 0xfc, 0x10, 0x0, 0x0, 0x8,
    0xe1, 0x0, 0x0, 0x0, 0xe, 0x70, 0x0, 0x0,
    0x0, 0xe, 0x80, 0x10, 0x0, 0x0, 0x6, 0xff,
    0x70, 0x0, 0x0, 0x0, 0x11, 0x0,

    /* U+011A "Ě" */
    0x1, 0xea, 0x8, 0xf4, 0x0, 0x3, 0xfe, 0xf5,
    0x0, 0x0, 0x4, 0x85, 0x0, 0x8, 0xff, 0xff,
    0xff, 0xfb, 0x8f, 0xed, 0xdd, 0xdd, 0x98, 0xf9,
    0x0, 0x0, 0x0, 0x8f, 0x90, 0x0, 0x0, 0x8,
    0xf9, 0x0, 0x0, 0x0, 0x8f, 0xec, 0xcc, 0xcc,
    0x8, 0xff, 0xff, 0xff, 0xf0, 0x8f, 0x90, 0x0,
    0x0, 0x8, 0xf9, 0x0, 0x0, 0x0, 0x8f, 0x90,
    0x0, 0x0, 0x8, 0xfe, 0xdd, 0xdd, 0xdb, 0x8f,
    0xff, 0xff, 0xff, 0xe0,

    /* U+011B "ě" */
    0x0, 0x8e, 0x45, 0xf8, 0x0, 0x0, 0x7, 0xff,
    0x70, 0x0, 0x0, 0x0, 0x0, 0x0, 0x0, 0x0,
    0x3b, 0xef, 0xb3, 0x0, 0x5, 0xff, 0xcc, 0xff,
    0x40, 0xe, 0xf4, 0x0, 0x4f, 0xe0, 0x4f, 0xc1,
    0x11, 0x1b, 0xf3, 0x5f, 0xff, 0xff, 0xff, 0xf5,
    0x4f, 0xd4, 0x44, 0x44, 0x41, 0xe, 0xf6, 0x0,
    0x7, 0x0, 0x4, 0xff, 0xec, 0xff, 0x80, 0x0,
    0x3a, 0xef, 0xd8, 0x0,

    /* U+011C "Ĝ" */
    0x0, 0x0, 0xc, 0xfe, 0x20, 0x0, 0x0, 0x1,
    0xcc, 0x29, 0xe3, 0x0, 0x0, 0x0, 0x0, 0x0,
    0x0, 0x0, 0x0, 0x2, 0x9d, 0xfe, 0xc6, 0x0,
    0x0, 0x5f, 0xff, 0xef, 0xff, 0xc0, 0x3, 0xff,
    0xa2, 0x0, 0x3c, 0xa0, 0xc, 0xf9, 0x0, 0x0,
    0x0, 0x0, 0x1f, 0xf1, 0x0, 0x0, 0x0, 0x0,
    0x4f, 0xd0, 0x0, 0x0, 0x1, 0x20, 0x4f, 0xd0,
    0x0, 0x0, 0xd, 0xf2, 0x1f, 0xf1, 0x0, 0x0,
    0xd, 0xf2, 0xc, 0xf9, 0x0, 0x0, 0xd, 0xf2,
    0x3, 0xff, 0xa2, 0x0, 0x3e, 0xf2, 0x0, 0x5f,
    0xff, 0xff, 0xff, 0xe1, 0x0, 0x2, 0x9d, 0xff,
    0xc7, 0x0,

    /* U+011D "ĝ" */
    0x0, 0x2, 0xef, 0xb0, 0x0, 0x0, 0x3e, 0x92,
    0xcc, 0x10, 0x0, 0x0, 0x0, 0x0, 0x0, 0x0,
    0x4b, 0xff, 0xb4, 0xfc, 0x5, 0xff, 0xed, 0xff,
    0xfc, 0xe, 0xf7, 0x0, 0x2e, 0xfc, 0x4f, 0xd0,
    0x0, 0x5, 0xfc, 0x5f, 0xa0, 0x0, 0x3, 0xfc,
    0x4f, 0xd0, 0x0, 0x6, 0xfc, 0xe, 0xf7, 0x0,
    0x2e, 0xfc, 0x5, 0xff, 0xed, 0xff, 0xfc, 0x0,
    0x4b, 0xff, 0xb6, 0xfb, 0x1, 0x30, 0x0, 0xb,
    0xf7, 0xb, 0xfe, 0xdc, 0xff, 0xd0, 0x1, 0x8d,
    0xff, 0xd9, 0x10,

    /* U+011E "Ğ" */
    0x0, 0x0, 0xf7, 0x3, 0xf4, 0x0, 0x0, 0x0,
    0x5e, 0xff, 0x80, 0x0, 0x0, 0x0, 0x0, 0x10,
    0x0, 0x0, 0x0, 0x2, 0x9d, 0xfe, 0xc6, 0x0,
    0x0, 0x5f, 0xff, 0xef, 0xff, 0xc0, 0x3, 0xff,
    0xa2, 0x0, 0x3c, 0xa0, 0xc, 0xf9, 0x0, 0x0,
    0x0, 0x0, 0x1f, 0xf1, 0x0, 0x0, 0x0, 0x0,
    0x4f, 0xd0, 0x0, 0x0, 0x1, 0x20, 0x4f, 0xd0,
    0x0, 0x0, 0xd, 0xf2, 0x1f, 0xf1, 0x0, 0x0,
    0xd, 0xf2, 0xc, 0xf9, 0x0, 0x0, 0xd, 0xf2,
    0x3, 0xff, 0xa2, 0x0, 0x3e, 0xf2, 0x0, 0x5f,
    0xff, 0xff, 0xff, 0xe1, 0x0, 0x2, 0x9d, 0xff,
    0xc7, 0x0,

    /* U+011F "ğ" */
    0x0, 0x2d, 0xff, 0xfb, 0x0, 0x0, 0x0, 0x12,
    0x0, 0x0, 0x0, 0x0, 0x0, 0x0, 0x0, 0x0,
    0x4b, 0xff, 0xb4, 0xfc, 0x5, 0xff, 0xed, 0xff,
    0xfc, 0xe, 0xf7, 0x0, 0x2e, 0xfc, 0x4f, 0xd0,
    0x0, 0x5, 0xfc, 0x5f, 0xa0, 0x0, 0x3, 0xfc,
    0x4f, 0xd0, 0x0, 0x6, 0xfc, 0xe, 0xf7, 0x0,
    0x2e, 0xfc, 0x5, 0xff, 0xed, 0xff, 0xfc, 0x0,
    0x4b, 0xff, 0xb6, 0xfb, 0x1, 0x30, 0x0, 0xb,
    0xf7, 0xb, 0xfe, 0xdc, 0xff, 0xd0, 0x1, 0x8d,
    0xff, 0xd9, 0x10,

    /* U+0120 "Ġ" */
    0x0, 0x0, 0x0, 0x51, 0x0, 0x0, 0x0, 0x0,
    0x6, 0xfa, 0x0, 0x0, 0x0, 0x0, 0x4, 0xf7,
    0x0, 0x0, 0x0, 0x0, 0x0, 0x0, 0x0, 0x0,
    0x0, 0x2, 0x9d, 0xfe, 0xc6, 0x0, 0x0, 0x5f,
    0xff, 0xef, 0xff, 0xc0, 0x3, 0xff, 0xa2, 0x0,
    0x3c, 0xa0, 0xc, 0xf9, 0x0, 0x0, 0x0, 0x0,
    0x1f, 0xf1, 0x0, 0x0, 0x0, 0x0, 0x4f, 0xd0,
    0x0, 0x0, 0x1, 0x20, 0x4f, 0xd0, 0x0, 0x0,
    0xd, 0xf2, 0x1f, 0xf1, 0x0, 0x0, 0xd, 0xf2,
    0xc, 0xf9, 0x0, 0x0, 0xd, 0xf2, 0x3, 0xff,
    0xa2, 0x0, 0x3e, 0xf2, 0x0, 0x5f, 0xff, 0xff,
    0xff, 0xe1, 0x0, 0x2, 0x9d, 0xff, 0xc7, 0x0,

    /* U+0121 "ġ" */
    0x0, 0x0, 0x27, 0x0, 0x0, 0x0, 0x0, 0xbf,
    0x70, 0x0, 0x0, 0x0, 0x6d, 0x30, 0x0, 0x0,
    0x0, 0x0, 0x0, 0x0, 0x0, 0x4b, 0xff, 0xb4,
    0xfc, 0x5, 0xff, 0xed, 0xff, 0xfc, 0xe, 0xf7,
    0x0, 0x2e, 0xfc, 0x4f, 0xd0, 0x0, 0x5, 0xfc,
    0x5f, 0xa0, 0x0, 0x3, 0xfc, 0x4f, 0xd0, 0x0,
    0x6, 0xfc, 0xe, 0xf7, 0x0, 0x2e, 0xfc, 0x5,
    0xff, 0xed, 0xff, 0xfc, 0x0, 0x4b, 0xff, 0xb6,
    0xfb, 0x1, 0x30, 0x0, 0xb, 0xf7, 0xb, 0xfe,
    0xdc, 0xff, 0xd0, 0x1, 0x8d, 0xff, 0xd9, 0x10,

    /* U+0122 "Ģ" */
    0x0, 0x2, 0x9d, 0xfe, 0xc6, 0x0, 0x0, 0x5f,
    0xff, 0xef, 0xff, 0xc0, 0x3, 0xff, 0xa2, 0x0,
    0x3c, 0xa0, 0xc, 0xf9, 0x0, 0x0, 0x0, 0x0,
    0x1f, 0xf1, 0x0, 0x0, 0x0, 0x0, 0x4f, 0xd0,
    0x0, 0x0, 0x1, 0x20, 0x4f, 0xd0, 0x0, 0x0,
    0xd, 0xf2, 0x1f, 0xf1, 0x0, 0x0, 0xd, 0xf2,
    0xc, 0xf9, 0x0, 0x0, 0xd, 0xf2, 0x3, 0xff,
    0xa2, 0x0, 0x3e, 0xf2, 0x0, 0x5f, 0xff, 0xff,
    0xff, 0xe1, 0x0, 0x2, 0x9d, 0xff, 0xc7, 0x0,
    0x0, 0x0, 0x0, 0x0, 0x0, 0x0, 0x0, 0x0,
    0x4, 0xe4, 0x0, 0x0, 0x0, 0x0, 0x3, 0xf5,
    0x0, 0x0, 0x0, 0x0, 0x2, 0xe0, 0x0, 0x0,
    0x0, 0x0, 0x0, 0x0, 0x0, 0x0,

    /* U+0123 "ģ" */
    0x0, 0x0, 0xe, 0x30, 0x0, 0x0, 0x0, 0x6f,
    0x0, 0x0, 0x0, 0x0, 0xaf, 0x50, 0x0, 0x0,
    0x0, 0x14, 0x0, 0x0, 0x0, 0x0, 0x0, 0x0,
    0x0, 0x0, 0x4b, 0xff, 0xb4, 0xfc, 0x5, 0xff,
    0xed, 0xff, 0xfc, 0xe, 0xf7, 0x0, 0x2e, 0xfc,
    0x4f, 0xd0, 0x0, 0x5, 0xfc, 0x5f, 0xa0, 0x0,
    0x3, 0xfc, 0x4f, 0xd0, 0x0, 0x6, 0xfc, 0xe,
    0xf7, 0x0, 0x2e, 0xfc, 0x5, 0xff, 0xed, 0xff,
    0xfc, 0x0, 0x4b, 0xff, 0xb6, 0xfb, 0x1, 0x30,
    0x0, 0xb, 0xf7, 0xb, 0xfe, 0xdc, 0xff, 0xd0,
    0x1, 0x8d, 0xff, 0xd9, 0x10,

    /* U+0124 "Ĥ" */
    0x0, 0x0, 0xdf, 0xc0, 0x0, 0x0, 0x0, 0xbe,
    0x6e, 0xa0, 0x0, 0x0, 0x28, 0x20, 0x28, 0x20,
    0x8, 0xf9, 0x0, 0x0, 0xa, 0xf7, 0x8f, 0x90,
    0x0, 0x0, 0xaf, 0x78, 0xf9, 0x0, 0x0, 0xa,
    0xf7, 0x8f, 0x90, 0x0, 0x0, 0xaf, 0x78, 0xf9,
    0x0, 0x0, 0xa, 0xf7, 0x8f, 0xed, 0xdd, 0xdd,
    0xff, 0x78, 0xff, 0xff, 0xff, 0xff, 0xf7, 0x8f,
    0x90, 0x0, 0x0, 0xaf, 0x78, 0xf9, 0x0, 0x0,
    0xa, 0xf7, 0x8f, 0x90, 0x0, 0x0, 0xaf, 0x78,
    0xf9, 0x0, 0x0, 0xa, 0xf7, 0x8f, 0x90, 0x0,
    0x0, 0xaf, 0x70,

    /* U+0125 "ĥ" */
    0x0, 0x68, 0x30, 0x0, 0x0, 0x0, 0x7f, 0xee,
    0x20, 0x0, 0x0, 0x5f, 0x60, 0xbd, 0x10, 0x0,
    0x0, 0x0, 0x0, 0x0, 0x0, 0x0, 0x0, 0xbf,
    0x50, 0x0, 0x0, 0x0, 0xb, 0xf5, 0x0, 0x0,
    0x0, 0x0, 0xbf, 0x50, 0x0, 0x0, 0x0, 0xb,
    0xf7, 0xae, 0xfc, 0x30, 0x0, 0xbf, 0xff, 0xdf,
    0xff, 0x20, 0xb, 0xfe, 0x20, 0xc, 0xf8, 0x0,
    0xbf, 0x70, 0x0, 0x5f, 0xb0, 0xb, 0xf5, 0x0,
    0x4, 0xfb, 0x0, 0xbf, 0x50, 0x0, 0x4f, 0xb0,
    0xb, 0xf5, 0x0, 0x4, 0xfb, 0x0, 0xbf, 0x50,
    0x0, 0x4f, 0xb0, 0xb, 0xf5, 0x0, 0x4, 0xfb,

    /* U+0126 "Ħ" */
    0x5, 0xfc, 0x0, 0x0, 0x7, 0xf9, 0x0, 0x5,
    0xfc, 0x0, 0x0, 0x7, 0xf9, 0x0, 0xdf, 0xff,
    0xff, 0xff, 0xff, 0xff, 0xf2, 0x8b, 0xfe, 0x99,
    0x99, 0x9c, 0xfd, 0x91, 0x5, 0xfc, 0x0, 0x0,
    0x7, 0xf9, 0x0, 0x5, 0xff, 0xdd, 0xdd, 0xde,
    0xf9, 0x0, 0x5, 0xff, 0xff, 0xff, 0xff, 0xf9,
    0x0, 0x5, 0xfc, 0x0, 0x0, 0x7, 0xf9, 0x0,
    0x5, 0xfc, 0x0, 0x0, 0x7, 0xf9, 0x0, 0x5,
    0xfc, 0x0, 0x0, 0x7, 0xf9, 0x0, 0x5, 0xfc,
    0x0, 0x0, 0x7, 0xf9, 0x0, 0x5, 0xfc, 0x0,
    0x0, 0x7, 0xf9, 0x0,

    /* U+0127 "ħ" */
    0xff, 0xff, 0xff, 0x40, 0x0, 0x5a, 0xfa, 0x55,
    0x10, 0x0, 0x7, 0xf8, 0x0, 0x0, 0x0, 0x7,
    0xf9, 0x9e, 0xfd, 0x50, 0x7, 0xff, 0xfe, 0xef,
    0xf4, 0x7, 0xff, 0x40, 0x9, 0xfb, 0x7, 0xfa,
    0x0, 0x2, 0xfe, 0x7, 0xf8, 0x0, 0x1, 0xfe,
    0x7, 0xf8, 0x0, 0x1, 0xfe, 0x7, 0xf8, 0x0,
    0x1, 0xfe, 0x7, 0xf8, 0x0, 0x1, 0xfe, 0x7,
    0xf8, 0x0, 0x1, 0xfe,

    /* U+0128 "Ĩ" */
    0x0, 0x0, 0x0, 0x0, 0x8f, 0xb3, 0xf1, 0xf,
    0x7c, 0xfb, 0x0, 0x30, 0x2, 0x0, 0x0, 0x8f,
    0x90, 0x0, 0x8, 0xf9, 0x0, 0x0, 0x8f, 0x90,
    0x0, 0x8, 0xf9, 0x0, 0x0, 0x8f, 0x90, 0x0,
    0x8, 0xf9, 0x0, 0x0, 0x8f, 0x90, 0x0, 0x8,
    0xf9, 0x0, 0x0, 0x8f, 0x90, 0x0, 0x8, 0xf9,
    0x0, 0x0, 0x8f, 0x90, 0x0, 0x8, 0xf9, 0x0,

    /* U+0129 "ĩ" */
    0xc, 0xff, 0xf9, 0x3, 0x33, 0x30, 0x0, 0x0,
    0x0, 0x0, 0xbf, 0x50, 0x0, 0xbf, 0x50, 0x0,
    0xbf, 0x50, 0x0, 0xbf, 0x50, 0x0, 0xbf, 0x50,
    0x0, 0xbf, 0x50, 0x0, 0xbf, 0x50, 0x0, 0xbf,
    0x50, 0x0, 0xbf, 0x50,

    /* U+012A "Ī" */
    0x0, 0x0, 0xb, 0xff, 0xfc, 0x23, 0x33, 0x20,
    0x8f, 0x90, 0x8, 0xf9, 0x0, 0x8f, 0x90, 0x8,
    0xf9, 0x0, 0x8f, 0x90, 0x8, 0xf9, 0x0, 0x8f,
    0x90, 0x8, 0xf9, 0x0, 0x8f, 0x90, 0x8, 0xf9,
    0x0, 0x8f, 0x90, 0x8, 0xf9, 0x0,

    /* U+012B "ī" */
    0xff, 0xff, 0x93, 0x44, 0x42, 0x0, 0x0, 0x0,
    0xbf, 0x50, 0xb, 0xf5, 0x0, 0xbf, 0x50, 0xb,
    0xf5, 0x0, 0xbf, 0x50, 0xb, 0xf5, 0x0, 0xbf,
    0x50, 0xb, 0xf5, 0x0, 0xbf, 0x50,

    /* U+012C "Ĭ" */
    0x1f, 0x60, 0x4f, 0x20, 0x6f, 0xff, 0x70, 0x0,
    0x1, 0x0, 0x0, 0x8, 0xf9, 0x0, 0x0, 0x8f,
    0x90, 0x0, 0x8, 0xf9, 0x0, 0x0, 0x8f, 0x90,
    0x0, 0x8, 0xf9, 0x0, 0x0, 0x8f, 0x90, 0x0,
    0x8, 0xf9, 0x0, 0x0, 0x8f, 0x90, 0x0, 0x8,
    0xf9, 0x0, 0x0, 0x8f, 0x90, 0x0, 0x8, 0xf9,
    0x0, 0x0, 0x8f, 0x90, 0x0,

    /* U+012D "ĭ" */
    0xf, 0x60, 0xb9, 0x6, 0xff, 0xd2, 0x0, 0x1,
    0x0, 0x0, 0xbf, 0x50, 0x0, 0xbf, 0x50, 0x0,
    0xbf, 0x50, 0x0, 0xbf, 0x50, 0x0, 0xbf, 0x50,
    0x0, 0xbf, 0x50, 0x0, 0xbf, 0x50, 0x0, 0xbf,
    0x50, 0x0, 0xbf, 0x50,

    /* U+012E "Į" */
    0x8f, 0x90, 0x8f, 0x90, 0x8f, 0x90, 0x8f, 0x90,
    0x8f, 0x90, 0x8f, 0x90, 0x8f, 0x90, 0x8f, 0x90,
    0x8f, 0x90, 0x8f, 0x90, 0x8f, 0x90, 0x8f, 0xb0,
    0x2f, 0x30, 0x9b, 0x0, 0xbc, 0x0, 0x4f, 0xf0,
    0x0, 0x10,

    /* U+012F "į" */
    0x3, 0x70, 0xe, 0xf8, 0x9, 0xf4, 0x0, 0x0,
    0xb, 0xf5, 0xb, 0xf5, 0xb, 0xf5, 0xb, 0xf5,
    0xb, 0xf5, 0xb, 0xf5, 0xb, 0xf5, 0xb, 0xf5,
    0xb, 0xf5, 0x6, 0xd0, 0xe, 0x70, 0xf, 0x70,
    0x8, 0xfb, 0x0, 0x10,

    /* U+0130 "İ" */
    0x5f, 0x68, 0xf9, 0x5, 0x8, 0xf9, 0x8f, 0x98,
    0xf9, 0x8f, 0x98, 0xf9, 0x8f, 0x98, 0xf9, 0x8f,
    0x98, 0xf9, 0x8f, 0x98, 0xf9, 0x8f, 0x90,

    /* U+0131 "ı" */
    0xbf, 0x5b, 0xf5, 0xbf, 0x5b, 0xf5, 0xbf, 0x5b,
    0xf5, 0xbf, 0x5b, 0xf5, 0xbf, 0x50,

    /* U+0132 "Ĳ" */
    0x9f, 0x70, 0x0, 0xf, 0xf2, 0x9f, 0x70, 0x0,
    0xf, 0xf2, 0x9f, 0x70, 0x0, 0xf, 0xf2, 0x9f,
    0x70, 0x0, 0xf, 0xf2, 0x9f, 0x70, 0x0, 0xf,
    0xf2, 0x9f, 0x70, 0x0, 0xf, 0xf2, 0x46, 0x30,
    0x0, 0xf, 0xf2, 0x0, 0x0, 0x0, 0xf, 0xf0,
    0x0, 0x0, 0x0, 0x4f, 0xe0, 0x3a, 0x30, 0x3,
    0xdf, 0x80, 0x9f, 0xff, 0xff, 0xfc, 0x0, 0x7,
    0xcf, 0xfd, 0x80, 0x0,

    /* U+0133 "ĳ" */
    0x37, 0x0, 0x5, 0x50, 0xef, 0x80, 0x2f, 0xf3,
    0x9f, 0x40, 0xd, 0xd1, 0x0, 0x0, 0x0, 0x0,
    0xbf, 0x50, 0xf, 0xf0, 0xbf, 0x50, 0xf, 0xf0,
    0xbf, 0x50, 0xf, 0xf0, 0xbf, 0x50, 0xf, 0xf0,
    0xbf, 0x50, 0xf, 0xf0, 0xbf, 0x50, 0xf, 0xf0,
    0xbf, 0x50, 0xf, 0xf0, 0xbf, 0x50, 0xf, 0xf0,
    0xbf, 0x50, 0xf, 0xf0, 0x0, 0x0, 0x1f, 0xe0,
    0x0, 0x7c, 0xef, 0xa0, 0x0, 0x8f, 0xea, 0x10,

    /* U+0134 "Ĵ" */
    0x0, 0x7, 0xff, 0x70, 0x0, 0x8, 0xe4, 0x4e,
    0x80, 0x0, 0x0, 0x0, 0x0, 0x0, 0xf, 0xff,
    0xff, 0xf0, 0x0, 0xdd, 0xdd, 0xff, 0x0, 0x0,
    0x0, 0x1f, 0xf0, 0x0, 0x0, 0x1, 0xff, 0x0,
    0x0, 0x0, 0x1f, 0xf0, 0x0, 0x0, 0x1, 0xff,
    0x0, 0x0, 0x0, 0x1f, 0xf0, 0x0, 0x0, 0x1,
    0xff, 0x0, 0x0, 0x0, 0x1f, 0xf0, 0x9, 0x90,
    0x8, 0xfd, 0x0, 0xef, 0xfe, 0xff, 0x60, 0x1,
    0xae, 0xfd, 0x60, 0x0,

    /* U+0135 "ĵ" */
    0x0, 0x1d, 0xfb, 0x0, 0x0, 0xcc, 0x3d, 0x90,
    0x0, 0x0, 0x0, 0x0, 0x0, 0x9, 0xf6, 0x0,
    0x0, 0x9, 0xf6, 0x0, 0x0, 0x9, 0xf6, 0x0,
    0x0, 0x9, 0xf6, 0x0, 0x0, 0x9, 0xf6, 0x0,
    0x0, 0x9, 0xf6, 0x0, 0x0, 0x9, 0xf6, 0x0,
    0x0, 0x9, 0xf6, 0x0, 0x0, 0x9, 0xf6, 0x0,
    0x0, 0xb, 0xf4, 0x0, 0x1d, 0xcf, 0xe1, 0x0,
    0x3d, 0xfc, 0x30, 0x0,

    /* U+0136 "Ķ" */
    0x8f, 0x90, 0x0, 0x5, 0xfe, 0x18, 0xf9, 0x0,
    0x4, 0xff, 0x30, 0x8f, 0x90, 0x2, 0xff, 0x40,
    0x8, 0xf9, 0x2, 0xef, 0x60, 0x0, 0x8f, 0x91,
    0xdf, 0x80, 0x0, 0x8, 0xf9, 0xcf, 0xe0, 0x0,
    0x0, 0x8f, 0xff, 0xff, 0x90, 0x0, 0x8, 0xff,
    0xd5, 0xff, 0x50, 0x0, 0x8f, 0xe1, 0x7, 0xff,
    0x20, 0x8, 0xf9, 0x0, 0xa, 0xfd, 0x0, 0x8f,
    0x90, 0x0, 0xd, 0xf9, 0x8, 0xf9, 0x0, 0x0,
    0x2f, 0xf5, 0x0, 0x0, 0x0, 0x0, 0x0, 0x0,
    0x0, 0xb, 0xc0, 0x0, 0x0, 0x0, 0x0, 0xad,
    0x0, 0x0, 0x0, 0x0, 0x9, 0x70, 0x0, 0x0,
    0x0, 0x0, 0x0, 0x0, 0x0, 0x0,

    /* U+0137 "ķ" */
    0xbf, 0x50, 0x0, 0x0, 0x0, 0xbf, 0x50, 0x0,
    0x0, 0x0, 0xbf, 0x50, 0x0, 0x0, 0x0, 0xbf,
    0x50, 0x2, 0xef, 0x60, 0xbf, 0x50, 0x2e, 0xf7,
    0x0, 0xbf, 0x52, 0xef, 0x70, 0x0, 0xbf, 0x8e,
    0xf9, 0x0, 0x0, 0xbf, 0xff, 0xfc, 0x0, 0x0,
    0xbf, 0xf7, 0xdf, 0x90, 0x0, 0xbf, 0x80, 0x3f,
    0xf5, 0x0, 0xbf, 0x50, 0x6, 0xfe, 0x20, 0xbf,
    0x50, 0x0, 0x9f, 0xc0, 0x0, 0x0, 0x0, 0x0,
    0x0, 0x0, 0xa, 0xc0, 0x0, 0x0, 0x0, 0xa,
    0xd0, 0x0, 0x0, 0x0, 0x9, 0x70, 0x0, 0x0,
    0x0, 0x0, 0x0, 0x0, 0x0,

    /* U+0138 "ĸ" */
    0xbf, 0x50, 0x2, 0xef, 0x60, 0xbf, 0x50, 0x2e,
    0xf7, 0x0, 0xbf, 0x52, 0xef, 0x70, 0x0, 0xbf,
    0x8e, 0xf9, 0x0, 0x0, 0xbf, 0xff, 0xfc, 0x0,
    0x0, 0xbf, 0xf7, 0xdf, 0x90, 0x0, 0xbf, 0x80,
    0x3f, 0xf5, 0x0, 0xbf, 0x50, 0x6, 0xfe, 0x20,
    0xbf, 0x50, 0x0, 0x9f, 0xc0,

    /* U+0139 "Ĺ" */
    0x2, 0xee, 0x30, 0x0, 0x1, 0xde, 0x20, 0x0,
    0x0, 0x47, 0x10, 0x0, 0x0, 0x8, 0xf9, 0x0,
    0x0, 0x0, 0x8f, 0x90, 0x0, 0x0, 0x8, 0xf9,
    0x0, 0x0, 0x0, 0x8f, 0x90, 0x0, 0x0, 0x8,
    0xf9, 0x0, 0x0, 0x0, 0x8f, 0x90, 0x0, 0x0,
    0x8, 0xf9, 0x0, 0x0, 0x0, 0x8f, 0x90, 0x0,
    0x0, 0x8, 0xf9, 0x0, 0x0, 0x0, 0x8f, 0x90,
    0x0, 0x0, 0x8, 0xfe, 0xdd, 0xdd, 0xd5, 0x8f,
    0xff, 0xff, 0xff, 0x70,

    /* U+013A "ĺ" */
    0x0, 0x17, 0x71, 0x1, 0xdd, 0x30, 0x6, 0x70,
    0x0, 0x0, 0x0, 0x0, 0xb, 0xf5, 0x0, 0xb,
    0xf5, 0x0, 0xb, 0xf5, 0x0, 0xb, 0xf5, 0x0,
    0xb, 0xf5, 0x0, 0xb, 0xf5, 0x0, 0xb, 0xf5,
    0x0, 0xb, 0xf5, 0x0, 0xb, 0xf5, 0x0, 0xb,
    0xf5, 0x0, 0xb, 0xf5, 0x0, 0xb, 0xf5, 0x0,

    /* U+013B "Ļ" */
    0x8f, 0x90, 0x0, 0x0, 0x8, 0xf9, 0x0, 0x0,
    0x0, 0x8f, 0x90, 0x0, 0x0, 0x8, 0xf9, 0x0,
    0x0, 0x0, 0x8f, 0x90, 0x0, 0x0, 0x8, 0xf9,
    0x0, 0x0, 0x0, 0x8f, 0x90, 0x0, 0x0, 0x8,
    0xf9, 0x0, 0x0, 0x0, 0x8f, 0x90, 0x0, 0x0,
    0x8, 0xf9, 0x0, 0x0, 0x0, 0x8f, 0xed, 0xdd,
    0xdd, 0x58, 0xff, 0xff, 0xff, 0xf7, 0x0, 0x0,
    0x0, 0x0, 0x0, 0x0, 0x4e, 0x40, 0x0, 0x0,
    0x3, 0xf5, 0x0, 0x0, 0x0, 0x2e, 0x0, 0x0,
    0x0, 0x0, 0x0, 0x0, 0x0,

    /* U+013C "ļ" */
    0xbf, 0x5b, 0xf5, 0xbf, 0x5b, 0xf5, 0xbf, 0x5b,
    0xf5, 0xbf, 0x5b, 0xf5, 0xbf, 0x5b, 0xf5, 0xbf,
    0x5b, 0xf5, 0x0, 0x6, 0xe2, 0x5f, 0x25, 0xb0,
    0x0, 0x0,

    /* U+013D "Ľ" */
    0x8f, 0x90, 0x1, 0xf7, 0x8, 0xf9, 0x0, 0x1f,
    0x60, 0x8f, 0x90, 0x1, 0xf5, 0x8, 0xf9, 0x0,
    0x4, 0x10, 0x8f, 0x90, 0x0, 0x0, 0x8, 0xf9,
    0x0, 0x0, 0x0, 0x8f, 0x90, 0x0, 0x0, 0x8,
    0xf9, 0x0, 0x0, 0x0, 0x8f, 0x90, 0x0, 0x0,
    0x8, 0xf9, 0x0, 0x0, 0x0, 0x8f, 0xed, 0xdd,
    0xdd, 0x58, 0xff, 0xff, 0xff, 0xf7,

    /* U+013E "ľ" */
    0x0, 0x5, 0xf3, 0xbf, 0x55, 0xf1, 0xbf, 0x55,
    0xf0, 0xbf, 0x51, 0x40, 0xbf, 0x50, 0x0, 0xbf,
    0x50, 0x0, 0xbf, 0x50, 0x0, 0xbf, 0x50, 0x0,
    0xbf, 0x50, 0x0, 0xbf, 0x50, 0x0, 0xbf, 0x50,
    0x0, 0xbf, 0x50, 0x0, 0xbf, 0x50, 0x0,

    /* U+013F "Ŀ" */
    0x8f, 0x90, 0x0, 0x0, 0x8, 0xf9, 0x0, 0x0,
    0x0, 0x8f, 0x90, 0x0, 0x0, 0x8, 0xf9, 0x0,
    0x0, 0x0, 0x8f, 0x90, 0x5, 0xf5, 0x8, 0xf9,
    0x0, 0x9f, 0x90, 0x8f, 0x90, 0x1, 0x71, 0x8,
    0xf9, 0x0, 0x0, 0x0, 0x8f, 0x90, 0x0, 0x0,
    0x8, 0xf9, 0x0, 0x0, 0x0, 0x8f, 0xed, 0xdd,
    0xdd, 0x58, 0xff, 0xff, 0xff, 0xf7,

    /* U+0140 "ŀ" */
    0xbf, 0x50, 0x0, 0xbf, 0x50, 0x0, 0xbf, 0x50,
    0x0, 0xbf, 0x50, 0x0, 0xbf, 0x50, 0x0, 0xbf,
    0x53, 0xe7, 0xbf, 0x55, 0xfa, 0xbf, 0x50, 0x30,
    0xbf, 0x50, 0x0, 0xbf, 0x50, 0x0, 0xbf, 0x50,
    0x0, 0xbf, 0x50, 0x0,

    /* U+0141 "Ł" */
    0x0, 0x5f, 0xc0, 0x0, 0x0, 0x0, 0x5, 0xfc,
    0x0, 0x0, 0x0, 0x0, 0x5f, 0xc0, 0x10, 0x0,
    0x0, 0x5, 0xfc, 0x8e, 0x10, 0x0, 0x0, 0x5f,
    0xff, 0x80, 0x0, 0x0, 0x7, 0xff, 0x50, 0x0,
    0x0, 0x4, 0xff, 0xe0, 0x0, 0x0, 0x0, 0xcf,
    0xfc, 0x0, 0x0, 0x0, 0x1, 0x5f, 0xc0, 0x0,
    0x0, 0x0, 0x5, 0xfc, 0x0, 0x0, 0x0, 0x0,
    0x5f, 0xfd, 0xdd, 0xdd, 0x70, 0x5, 0xff, 0xff,
    0xff, 0xf9,

    /* U+0142 "ł" */
    0x0, 0x8f, 0x70, 0x0, 0x8, 0xf7, 0x0, 0x0,
    0x8f, 0x70, 0x0, 0x8, 0xf7, 0x0, 0x0, 0x8f,
    0xcb, 0x0, 0x8, 0xff, 0xa0, 0x1, 0xff, 0xe0,
    0x1, 0xef, 0xf7, 0x0, 0x6, 0x9f, 0x70, 0x0,
    0x8, 0xf7, 0x0, 0x0, 0x8f, 0x70, 0x0, 0x8,
    0xf7, 0x0,

    /* U+0143 "Ń" */
    0x0, 0x0, 0x2, 0xfe, 0x20, 0x0, 0x0, 0x1,
    0xed, 0x20, 0x0, 0x0, 0x0, 0x57, 0x10, 0x0,
    0x8, 0xf9, 0x0, 0x0, 0x9, 0xf7, 0x8f, 0xf5,
    0x0, 0x0, 0x9f, 0x78, 0xff, 0xf2, 0x0, 0x9,
    0xf7, 0x8f, 0xff, 0xd0, 0x0, 0x9f, 0x78, 0xfa,
    0xef, 0xa0, 0x9, 0xf7, 0x8f, 0x93, 0xff, 0x60,
    0x9f, 0x78, 0xf9, 0x7, 0xff, 0x39, 0xf7, 0x8f,
    0x90, 0xa, 0xfd, 0xaf, 0x78, 0xf9, 0x0, 0xd,
    0xff, 0xf7, 0x8f, 0x90, 0x0, 0x3f, 0xff, 0x78,
    0xf9, 0x0, 0x0, 0x6f, 0xf7, 0x8f, 0x90, 0x0,
    0x0, 0xaf, 0x70,

    /* U+0144 "ń" */
    0x0, 0x0, 0x4f, 0xd2, 0x0, 0x0, 0x4f, 0x80,
    0x0, 0x0, 0x0, 0x0, 0x0, 0xb, 0xf5, 0xae,
    0xfc, 0x30, 0xbf, 0xff, 0xce, 0xff, 0x2b, 0xfe,
    0x10, 0xb, 0xf8, 0xbf, 0x70, 0x0, 0x5f, 0xbb,
    0xf5, 0x0, 0x4, 0xfb, 0xbf, 0x50, 0x0, 0x4f,
    0xbb, 0xf5, 0x0, 0x4, 0xfb, 0xbf, 0x50, 0x0,
    0x4f, 0xbb, 0xf5, 0x0, 0x4, 0xfb,

    /* U+0145 "Ņ" */
    0x8f, 0x90, 0x0, 0x0, 0x9f, 0x78, 0xff, 0x50,
    0x0, 0x9, 0xf7, 0x8f, 0xff, 0x20, 0x0, 0x9f,
    0x78, 0xff, 0xfd, 0x0, 0x9, 0xf7, 0x8f, 0xae,
    0xfa, 0x0, 0x9f, 0x78, 0xf9, 0x3f, 0xf6, 0x9,
    0xf7, 0x8f, 0x90, 0x7f, 0xf3, 0x9f, 0x78, 0xf9,
    0x0, 0xaf, 0xda, 0xf7, 0x8f, 0x90, 0x0, 0xdf,
    0xff, 0x78, 0xf9, 0x0, 0x3, 0xff, 0xf7, 0x8f,
    0x90, 0x0, 0x6, 0xff, 0x78, 0xf9, 0x0, 0x0,
    0xa, 0xf7, 0x0, 0x0, 0x0, 0x0, 0x0, 0x0,
    0x0, 0x4, 0xe4, 0x0, 0x0, 0x0, 0x0, 0x3f,
    0x40, 0x0, 0x0, 0x0, 0x2, 0xe0, 0x0, 0x0,
    0x0, 0x0, 0x0, 0x0, 0x0, 0x0,

    /* U+0146 "ņ" */
    0xbf, 0x5a, 0xef, 0xc3, 0xb, 0xff, 0xfc, 0xef,
    0xf2, 0xbf, 0xe1, 0x0, 0xbf, 0x8b, 0xf7, 0x0,
    0x5, 0xfb, 0xbf, 0x50, 0x0, 0x4f, 0xbb, 0xf5,
    0x0, 0x4, 0xfb, 0xbf, 0x50, 0x0, 0x4f, 0xbb,
    0xf5, 0x0, 0x4, 0xfb, 0xbf, 0x50, 0x0, 0x4f,
    0xb0, 0x0, 0x0, 0x0, 0x0, 0x0, 0x4, 0xe4,
    0x0, 0x0, 0x0, 0x2f, 0x50, 0x0, 0x0, 0x1,
    0xe0, 0x0, 0x0, 0x0, 0x0, 0x0, 0x0,

    /* U+0147 "Ň" */
    0x0, 0x3f, 0x90, 0xaf, 0x20, 0x0, 0x0, 0x4f,
    0xef, 0x40, 0x0, 0x0, 0x0, 0x58, 0x40, 0x0,
    0x8, 0xf9, 0x0, 0x0, 0x9, 0xf7, 0x8f, 0xf5,
    0x0, 0x0, 0x9f, 0x78, 0xff, 0xf2, 0x0, 0x9,
    0xf7, 0x8f, 0xff, 0xd0, 0x0, 0x9f, 0x78, 0xfa,
    0xef, 0xa0, 0x9, 0xf7, 0x8f, 0x93, 0xff, 0x60,
    0x9f, 0x78, 0xf9, 0x7, 0xff, 0x39, 0xf7, 0x8f,
    0x90, 0xa, 0xfd, 0xaf, 0x78, 0xf9, 0x0, 0xd,
    0xff, 0xf7, 0x8f, 0x90, 0x0, 0x3f, 0xff, 0x78,
    0xf9, 0x0, 0x0, 0x6f, 0xf7, 0x8f, 0x90, 0x0,
    0x0, 0xaf, 0x70,

    /* U+0148 "ň" */
    0x2, 0xdb, 0x2a, 0xe2, 0x0, 0x1, 0xcf, 0xd1,
    0x0, 0x0, 0x0, 0x0, 0x0, 0xb, 0xf5, 0xae,
    0xfc, 0x30, 0xbf, 0xff, 0xce, 0xff, 0x2b, 0xfe,
    0x10, 0xb, 0xf8, 0xbf, 0x70, 0x0, 0x5f, 0xbb,
    0xf5, 0x0, 0x4, 0xfb, 0xbf, 0x50, 0x0, 0x4f,
    0xbb, 0xf5, 0x0, 0x4, 0xfb, 0xbf, 0x50, 0x0,
    0x4f, 0xbb, 0xf5, 0x0, 0x4, 0xfb,

    /* U+0149 "ŉ" */
    0xd, 0xe2, 0x0, 0x0, 0x0, 0x0, 0x1f, 0xf5,
    0x0, 0x0, 0x0, 0x0, 0x8, 0xf2, 0x0, 0x0,
    0x0, 0x0, 0xb, 0xca, 0xf4, 0x8e, 0xfc, 0x40,
    0xe, 0x7a, 0xfd, 0xff, 0xff, 0xf2, 0x2, 0xa,
    0xff, 0x83, 0x5e, 0xf9, 0x0, 0xa, 0xfa, 0x0,
    0x6, 0xfb, 0x0, 0xa, 0xf6, 0x0, 0x3, 0xfc,
    0x0, 0xa, 0xf6, 0x0, 0x3, 0xfc, 0x0, 0xa,
    0xf6, 0x0, 0x3, 0xfc, 0x0, 0xa, 0xf6, 0x0,
    0x3, 0xfc, 0x0, 0xa, 0xf6, 0x0, 0x3, 0xfc,

    /* U+014A "Ŋ" */
    0x8f, 0x90, 0x0, 0x0, 0x9f, 0x78, 0xff, 0x50,
    0x0, 0x9, 0xf7, 0x8f, 0xff, 0x20, 0x0, 0x9f,
    0x78, 0xff, 0xfd, 0x0, 0x9, 0xf7, 0x8f, 0xae,
    0xfa, 0x0, 0x9f, 0x78, 0xf9, 0x3f, 0xf6, 0x9,
    0xf7, 0x8f, 0x90, 0x7f, 0xf3, 0x9f, 0x78, 0xf9,
    0x0, 0xaf, 0xda, 0xf7, 0x8f, 0x90, 0x1, 0xdf,
    0xff, 0x78, 0xf9, 0x0, 0x3, 0xff, 0xf7, 0x8f,
    0x90, 0x0, 0x6, 0xff, 0x78, 0xf9, 0x0, 0x0,
    0xc, 0xf6, 0x0, 0x0, 0x31, 0x1, 0xef, 0x30,
    0x0, 0xe, 0xfd, 0xff, 0xc0, 0x0, 0x0, 0x4c,
    0xfe, 0xa1, 0x0,

    /* U+014B "ŋ" */
    0xbf, 0x5a, 0xef, 0xc3, 0xb, 0xff, 0xfc, 0xef,
    0xf2, 0xbf, 0xe1, 0x0, 0xbf, 0x8b, 0xf7, 0x0,
    0x5, 0xfb, 0xbf, 0x50, 0x0, 0x4f, 0xbb, 0xf5,
    0x0, 0x4, 0xfb, 0xbf, 0x50, 0x0, 0x4f, 0xbb,
    0xf5, 0x0, 0x4, 0xfb, 0xbf, 0x50, 0x0, 0x4f,
    0xb0, 0x0, 0x0, 0x6, 0xfa, 0x0, 0x0, 0xbb,
    0xff, 0x50, 0x0, 0xc, 0xfe, 0x70,

    /* U+014C "Ō" */
    0x0, 0x0, 0x0, 0x0, 0x0, 0x0, 0x0, 0x0,
    0xf, 0xff, 0xff, 0x80, 0x0, 0x0, 0x0, 0x33,
    0x33, 0x31, 0x0, 0x0, 0x0, 0x0, 0x0, 0x0,
    0x0, 0x0, 0x0, 0x2, 0x9d, 0xfe, 0xb5, 0x0,
    0x0, 0x5, 0xff, 0xfe, 0xff, 0xfb, 0x0, 0x3,
    0xff, 0x91, 0x0, 0x5e, 0xfa, 0x0, 0xcf, 0x90,
    0x0, 0x0, 0x2f, 0xf3, 0x1f, 0xf1, 0x0, 0x0,
    0x0, 0x9f, 0x94, 0xfd, 0x0, 0x0, 0x0, 0x6,
    0xfb, 0x4f, 0xd0, 0x0, 0x0, 0x0, 0x6f, 0xb1,
    0xff, 0x10, 0x0, 0x0, 0x9, 0xf9, 0xc, 0xf9,
    0x0, 0x0, 0x2, 0xff, 0x30, 0x3f, 0xf9, 0x10,
    0x5, 0xef, 0xa0, 0x0, 0x5f, 0xff, 0xff, 0xff,
    0xb0, 0x0, 0x0, 0x29, 0xdf, 0xeb, 0x50, 0x0,

    /* U+014D "ō" */
    0x0, 0xaf, 0xff, 0xfe, 0x0, 0x0, 0x24, 0x44,
    0x43, 0x0, 0x0, 0x0, 0x0, 0x0, 0x0, 0x0,
    0x3b, 0xef, 0xc6, 0x0, 0x4, 0xff, 0xed, 0xff,
    0x90, 0xe, 0xf6, 0x0, 0x3e, 0xf4, 0x4f, 0xc0,
    0x0, 0x7, 0xf9, 0x5f, 0xa0, 0x0, 0x5, 0xfb,
    0x4f, 0xc0, 0x0, 0x7, 0xf9, 0xe, 0xf6, 0x0,
    0x3f, 0xf4, 0x4, 0xff, 0xed, 0xff, 0x90, 0x0,
    0x3b, 0xef, 0xc6, 0x0,

    /* U+014E "Ŏ" */
    0x0, 0x0, 0xe8, 0x2, 0xf5, 0x0, 0x0, 0x0,
    0x4, 0xef, 0xfa, 0x0, 0x0, 0x0, 0x0, 0x0,
    0x10, 0x0, 0x0, 0x0, 0x0, 0x29, 0xdf, 0xeb,
    0x50, 0x0, 0x0, 0x5f, 0xff, 0xef, 0xff, 0xb0,
    0x0, 0x3f, 0xf9, 0x10, 0x5, 0xef, 0xa0, 0xc,
    0xf9, 0x0, 0x0, 0x2, 0xff, 0x31, 0xff, 0x10,
    0x0, 0x0, 0x9, 0xf9, 0x4f, 0xd0, 0x0, 0x0,
    0x0, 0x6f, 0xb4, 0xfd, 0x0, 0x0, 0x0, 0x6,
    0xfb, 0x1f, 0xf1, 0x0, 0x0, 0x0, 0x9f, 0x90,
    0xcf, 0x90, 0x0, 0x0, 0x2f, 0xf3, 0x3, 0xff,
    0x91, 0x0, 0x5e, 0xfa, 0x0, 0x5, 0xff, 0xff,
    0xff, 0xfb, 0x0, 0x0, 0x2, 0x9d, 0xfe, 0xb5,
    0x0, 0x0,

    /* U+014F "ŏ" */
    0x0, 0x7d, 0x10, 0xac, 0x0, 0x0, 0xb, 0xff,
    0xd3, 0x0, 0x0, 0x0, 0x11, 0x0, 0x0, 0x0,
    0x3b, 0xef, 0xc6, 0x0, 0x4, 0xff, 0xed, 0xff,
    0x90, 0xe, 0xf6, 0x0, 0x3e, 0xf4, 0x4f, 0xc0,
    0x0, 0x7, 0xf9, 0x5f, 0xa0, 0x0, 0x5, 0xfb,
    0x4f, 0xc0, 0x0, 0x7, 0xf9, 0xe, 0xf6, 0x0,
    0x3f, 0xf4, 0x4, 0xff, 0xed, 0xff, 0x90, 0x0,
    0x3b, 0xef, 0xc6, 0x0,

    /* U+0150 "Ő" */
    0x0, 0x0, 0x8, 0xf5, 0x8f, 0x50, 0x0, 0x0,
    0x2, 0xf9, 0x2f, 0x90, 0x0, 0x0, 0x0, 0x24,
    0x2, 0x40, 0x0, 0x0, 0x0, 0x29, 0xdf, 0xeb,
    0x50, 0x0, 0x0, 0x5f, 0xff, 0xef, 0xff, 0xb0,
    0x0, 0x3f, 0xf9, 0x10, 0x5, 0xef, 0xa0, 0xc,
    0xf9, 0x0, 0x0, 0x2, 0xff, 0x31, 0xff, 0x10,
    0x0, 0x0, 0x9, 0xf9, 0x4f, 0xd0, 0x0, 0x0,
    0x0, 0x6f, 0xb4, 0xfd, 0x0, 0x0, 0x0, 0x6,
    0xfb, 0x1f, 0xf1, 0x0, 0x0, 0x0, 0x9f, 0x90,
    0xcf, 0x90, 0x0, 0x0, 0x2f, 0xf3, 0x3, 0xff,
    0x91, 0x0, 0x5e, 0xfa, 0x0, 0x5, 0xff, 0xff,
    0xff, 0xfb, 0x0, 0x0, 0x2, 0x9d, 0xfe, 0xb5,
    0x0, 0x0,

    /* U+0151 "ő" */
    0x0, 0x2, 0xfc, 0x2f, 0xc0, 0x0, 0xb, 0xe1,
    0xbe, 0x10, 0x0, 0x4, 0x20, 0x42, 0x0, 0x0,
    0x3b, 0xef, 0xc6, 0x0, 0x4, 0xff, 0xed, 0xff,
    0x90, 0xe, 0xf6, 0x0, 0x3e, 0xf4, 0x4f, 0xc0,
    0x0, 0x7, 0xf9, 0x5f, 0xa0, 0x0, 0x5, 0xfb,
    0x4f, 0xc0, 0x0, 0x7, 0xf9, 0xe, 0xf6, 0x0,
    0x3f, 0xf4, 0x4, 0xff, 0xed, 0xff, 0x90, 0x0,
    0x3b, 0xef, 0xc6, 0x0,

    /* U+0152 "Œ" */
    0x0, 0x2, 0x9d, 0xff, 0xff, 0xff, 0xff, 0xff,
    0xf0, 0x0, 0x6f, 0xff, 0xed, 0xdf, 0xfd, 0xdd,
    0xdd, 0xd0, 0x4, 0xff, 0x81, 0x0, 0x2f, 0xf0,
    0x0, 0x0, 0x0, 0xc, 0xf8, 0x0, 0x0, 0x2f,
    0xf0, 0x0, 0x0, 0x0, 0x1f, 0xf1, 0x0, 0x0,
    0x2f, 0xf0, 0x0, 0x0, 0x0, 0x3f, 0xd0, 0x0,
    0x0, 0x2f, 0xfc, 0xcc, 0xcc, 0x40, 0x3f, 0xd0,
    0x0, 0x0, 0x2f, 0xff, 0xff, 0xff, 0x60, 0x1f,
    0xf1, 0x0, 0x0, 0x2f, 0xf0, 0x0, 0x0, 0x0,
    0xc, 0xf8, 0x0, 0x0, 0x2f, 0xf0, 0x0, 0x0,
    0x0, 0x4, 0xff, 0x81, 0x0, 0x2f, 0xf0, 0x0,
    0x0, 0x0, 0x0, 0x6f, 0xff, 0xdd, 0xdf, 0xfd,
    0xdd, 0xdd, 0xd3, 0x0, 0x2, 0x9d, 0xff, 0xff,
    0xff, 0xff, 0xff, 0xf4,

    /* U+0153 "œ" */
    0x0, 0x3b, 0xef, 0xc5, 0x2, 0xae, 0xfc, 0x40,
    0x0, 0x4f, 0xfe, 0xdf, 0xf9, 0xff, 0xdd, 0xff,
    0x50, 0xe, 0xf6, 0x0, 0x3e, 0xff, 0x60, 0x3,
    0xff, 0x4, 0xfc, 0x0, 0x0, 0x7f, 0xd1, 0x11,
    0x1a, 0xf5, 0x5f, 0xa0, 0x0, 0x5, 0xff, 0xff,
    0xff, 0xff, 0x64, 0xfc, 0x0, 0x0, 0x7f, 0xe4,
    0x44, 0x44, 0x41, 0xe, 0xf6, 0x0, 0x3e, 0xff,
    0x70, 0x0, 0x61, 0x0, 0x4f, 0xfd, 0xdf, 0xf9,
    0xef, 0xec, 0xff, 0xa0, 0x0, 0x3b, 0xef, 0xc5,
    0x2, 0xae, 0xfe, 0x91, 0x0,

    /* U+0154 "Ŕ" */
    0x0, 0x0, 0xb, 0xf7, 0x0, 0x0, 0x0, 0x9,
    0xf6, 0x0, 0x0, 0x0, 0x2, 0x84, 0x0, 0x0,
    0x8, 0xff, 0xff, 0xfd, 0x80, 0x0, 0x8f, 0xed,
    0xde, 0xff, 0xd0, 0x8, 0xf9, 0x0, 0x3, 0xef,
    0x70, 0x8f, 0x90, 0x0, 0x6, 0xfc, 0x8, 0xf9,
    0x0, 0x0, 0x4f, 0xd0, 0x8f, 0x90, 0x0, 0x7,
    0xfb, 0x8, 0xf9, 0x0, 0x15, 0xff, 0x60, 0x8f,
    0xff, 0xff, 0xff, 0xa0, 0x8, 0xfe, 0xcc, 0xdf,
    0xb0, 0x0, 0x8f, 0x90, 0x0, 0xef, 0x40, 0x8,
    0xf9, 0x0, 0x3, 0xfe, 0x10, 0x8f, 0x90, 0x0,
    0x8, 0xfb, 0x0,

    /* U+0155 "ŕ" */
    0x0, 0x1d, 0xe4, 0x2, 0xdb, 0x10, 0x0, 0x0,
    0x0, 0xbf, 0x5a, 0xe3, 0xbf, 0xff, 0xe3, 0xbf,
    0xe3, 0x0, 0xbf, 0x80, 0x0, 0xbf, 0x50, 0x0,
    0xbf, 0x50, 0x0, 0xbf, 0x50, 0x0, 0xbf, 0x50,
    0x0, 0xbf, 0x50, 0x0,

    /* U+0156 "Ŗ" */
    0x8f, 0xff, 0xff, 0xd8, 0x0, 0x8, 0xfe, 0xdd,
    0xef, 0xfd, 0x0, 0x8f, 0x90, 0x0, 0x3e, 0xf7,
    0x8, 0xf9, 0x0, 0x0, 0x6f, 0xc0, 0x8f, 0x90,
    0x0, 0x4, 0xfd, 0x8, 0xf9, 0x0, 0x0, 0x7f,
    0xb0, 0x8f, 0x90, 0x1, 0x5f, 0xf6, 0x8, 0xff,
    0xff, 0xff, 0xfa, 0x0, 0x8f, 0xec, 0xcd, 0xfb,
    0x0, 0x8, 0xf9, 0x0, 0xe, 0xf4, 0x0, 0x8f,
    0x90, 0x0, 0x3f, 0xe1, 0x8, 0xf9, 0x0, 0x0,
    0x8f, 0xb0, 0x0, 0x0, 0x0, 0x0, 0x0, 0x0,
    0x0, 0xd, 0xa0, 0x0, 0x0, 0x0, 0x0, 0xcb,
    0x0, 0x0, 0x0, 0x0, 0xc, 0x40, 0x0, 0x0,
    0x0, 0x0, 0x0, 0x0, 0x0, 0x0,

    /* U+0157 "ŗ" */
    0xbf, 0x5a, 0xe3, 0xbf, 0xff, 0xe3, 0xbf, 0xe3,
    0x0, 0xbf, 0x80, 0x0, 0xbf, 0x50, 0x0, 0xbf,
    0x50, 0x0, 0xbf, 0x50, 0x0, 0xbf, 0x50, 0x0,
    0xbf, 0x50, 0x0, 0x0, 0x0, 0x0, 0x5e, 0x30,
    0x0, 0x4f, 0x30, 0x0, 0x3d, 0x0, 0x0, 0x0,
    0x0, 0x0,

    /* U+0158 "Ř" */
    0x0, 0xbd, 0x24, 0xf7, 0x0, 0x0, 0x1, 0xde,
    0xfa, 0x0, 0x0, 0x0, 0x2, 0x87, 0x0, 0x0,
    0x8, 0xff, 0xff, 0xfd, 0x80, 0x0, 0x8f, 0xed,
    0xde, 0xff, 0xd0, 0x8, 0xf9, 0x0, 0x3, 0xef,
    0x70, 0x8f, 0x90, 0x0, 0x6, 0xfc, 0x8, 0xf9,
    0x0, 0x0, 0x4f, 0xd0, 0x8f, 0x90, 0x0, 0x7,
    0xfb, 0x8, 0xf9, 0x0, 0x15, 0xff, 0x60, 0x8f,
    0xff, 0xff, 0xff, 0xa0, 0x8, 0xfe, 0xcc, 0xdf,
    0xb0, 0x0, 0x8f, 0x90, 0x0, 0xef, 0x40, 0x8,
    0xf9, 0x0, 0x3, 0xfe, 0x10, 0x8f, 0x90, 0x0,
    0x8, 0xfb, 0x0,

    /* U+0159 "ř" */
    0xb, 0xd3, 0x7f, 0x50, 0xa, 0xfe, 0x40, 0x0,
    0x0, 0x0, 0x0, 0xbf, 0x5a, 0xe3, 0xb, 0xff,
    0xfe, 0x30, 0xbf, 0xe3, 0x0, 0xb, 0xf8, 0x0,
    0x0, 0xbf, 0x50, 0x0, 0xb, 0xf5, 0x0, 0x0,
    0xbf, 0x50, 0x0, 0xb, 0xf5, 0x0, 0x0, 0xbf,
    0x50, 0x0,

    /* U+015A "Ś" */
    0x0, 0x0, 0x8, 0xf9, 0x0, 0x0, 0x0, 0x9e,
    0x50, 0x0, 0x0, 0x0, 0x0, 0x0, 0x0, 0x0,
    0x5b, 0xef, 0xea, 0x30, 0x7, 0xff, 0xed, 0xff,
    0xd0, 0xf, 0xf4, 0x0, 0x5, 0x50, 0x2f, 0xe0,
    0x0, 0x0, 0x0, 0xf, 0xfa, 0x20, 0x0, 0x0,
    0x5, 0xff, 0xfe, 0x93, 0x0, 0x0, 0x29, 0xdf,
    0xff, 0x90, 0x0, 0x0, 0x2, 0x8f, 0xf5, 0x0,
    0x0, 0x0, 0x9, 0xf7, 0xc, 0x50, 0x0, 0x1d,
    0xf5, 0x4f, 0xff, 0xdd, 0xff, 0xc0, 0x3, 0x9d,
    0xff, 0xd7, 0x0,

    /* U+015B "ś" */
    0x0, 0x0, 0xaf, 0x80, 0x0, 0xb, 0xe4, 0x0,
    0x0, 0x0, 0x0, 0x0, 0x2, 0xae, 0xfd, 0xa2,
    0x1f, 0xfc, 0xbd, 0xf3, 0x5f, 0xa0, 0x0, 0x20,
    0x4f, 0xe7, 0x41, 0x0, 0x8, 0xff, 0xff, 0xa1,
    0x0, 0x4, 0x7c, 0xfa, 0x5, 0x0, 0x3, 0xfc,
    0x6f, 0xec, 0xbe, 0xf7, 0x29, 0xdf, 0xfc, 0x60,

    /* U+015C "Ŝ" */
    0x0, 0x4, 0xff, 0x90, 0x0, 0x0, 0x5f, 0x73,
    0xda, 0x0, 0x0, 0x0, 0x0, 0x0, 0x0, 0x0,
    0x5b, 0xef, 0xea, 0x30, 0x7, 0xff, 0xed, 0xff,
    0xd0, 0xf, 0xf4, 0x0, 0x5, 0x50, 0x2f, 0xe0,
    0x0, 0x0, 0x0, 0xf, 0xfa, 0x20, 0x0, 0x0,
    0x5, 0xff, 0xfe, 0x93, 0x0, 0x0, 0x29, 0xdf,
    0xff, 0x90, 0x0, 0x0, 0x2, 0x8f, 0xf5, 0x0,
    0x0, 0x0, 0x9, 0xf7, 0xc, 0x50, 0x0, 0x1d,
    0xf5, 0x4f, 0xff, 0xdd, 0xff, 0xc0, 0x3, 0x9d,
    0xff, 0xd7, 0x0,

    /* U+015D "ŝ" */
    0x0, 0x6f, 0xf8, 0x0, 0x7, 0xf5, 0x4e, 0x90,
    0x0, 0x0, 0x0, 0x0, 0x2, 0xae, 0xfd, 0xa2,
    0x1f, 0xfc, 0xbd, 0xf3, 0x5f, 0xa0, 0x0, 0x20,
    0x4f, 0xe7, 0x41, 0x0, 0x8, 0xff, 0xff, 0xa1,
    0x0, 0x4, 0x7c, 0xfa, 0x5, 0x0, 0x3, 0xfc,
    0x6f, 0xec, 0xbe, 0xf7, 0x29, 0xdf, 0xfc, 0x60,

    /* U+015E "Ş" */
    0x0, 0x5b, 0xef, 0xea, 0x30, 0x7, 0xff, 0xed,
    0xff, 0xd0, 0xf, 0xf4, 0x0, 0x5, 0x50, 0x2f,
    0xe0, 0x0, 0x0, 0x0, 0xf, 0xfa, 0x20, 0x0,
    0x0, 0x5, 0xff, 0xfe, 0x93, 0x0, 0x0, 0x29,
    0xdf, 0xff, 0x90, 0x0, 0x0, 0x2, 0x8f, 0xf5,
    0x0, 0x0, 0x0, 0x9, 0xf7, 0xc, 0x50, 0x0,
    0x1d, 0xf5, 0x4f, 0xff, 0xdd, 0xff, 0xc0, 0x3,
    0x9d, 0xff, 0xd7, 0x0, 0x0, 0x0, 0x9c, 0x20,
    0x0, 0x0, 0x0, 0x1a, 0xc0, 0x0, 0x0, 0x9,
    0xff, 0x80, 0x0, 0x0, 0x0, 0x10, 0x0, 0x0,

    /* U+015F "ş" */
    0x2, 0xae, 0xfd, 0xa2, 0x1f, 0xfc, 0xbd, 0xf3,
    0x5f, 0xa0, 0x0, 0x20, 0x4f, 0xe7, 0x41, 0x0,
    0x8, 0xff, 0xff, 0xa1, 0x0, 0x4, 0x7c, 0xfa,
    0x5, 0x0, 0x3, 0xfc, 0x6f, 0xec, 0xbe, 0xf7,
    0x29, 0xdf, 0xfc, 0x60, 0x0, 0xa, 0x80, 0x0,
    0x0, 0x9, 0xf7, 0x0, 0x0, 0x10, 0xbb, 0x0,
    0x0, 0xbf, 0xf4, 0x0, 0x0, 0x1, 0x0, 0x0,

    /* U+0160 "Š" */
    0x0, 0x5f, 0x73, 0xda, 0x0, 0x0, 0x4, 0xff,
    0x90, 0x0, 0x0, 0x0, 0x0, 0x0, 0x0, 0x0,
    0x5b, 0xef, 0xea, 0x30, 0x7, 0xff, 0xed, 0xff,
    0xd0, 0xf, 0xf4, 0x0, 0x5, 0x50, 0x2f, 0xe0,
    0x0, 0x0, 0x0, 0xf, 0xfa, 0x20, 0x0, 0x0,
    0x5, 0xff, 0xfe, 0x93, 0x0, 0x0, 0x29, 0xdf,
    0xff, 0x90, 0x0, 0x0, 0x2, 0x8f, 0xf5, 0x0,
    0x0, 0x0, 0x9, 0xf7, 0xc, 0x50, 0x0, 0x1d,
    0xf5, 0x4f, 0xff, 0xdd, 0xff, 0xc0, 0x3, 0x9d,
    0xff, 0xd7, 0x0,

    /* U+0161 "š" */
    0x7, 0xf5, 0x4e, 0x90, 0x0, 0x6f, 0xf8, 0x0,
    0x0, 0x0, 0x0, 0x0, 0x2, 0xae, 0xfd, 0xa2,
    0x1f, 0xfc, 0xbd, 0xf3, 0x5f, 0xa0, 0x0, 0x20,
    0x4f, 0xe7, 0x41, 0x0, 0x8, 0xff, 0xff, 0xa1,
    0x0, 0x4, 0x7c, 0xfa, 0x5, 0x0, 0x3, 0xfc,
    0x6f, 0xec, 0xbe, 0xf7, 0x29, 0xdf, 0xfc, 0x60,

    /* U+0162 "Ţ" */
    0xff, 0xff, 0xff, 0xff, 0xf9, 0xcd, 0xde, 0xff,
    0xdd, 0xd7, 0x0, 0x3, 0xfd, 0x0, 0x0, 0x0,
    0x3, 0xfd, 0x0, 0x0, 0x0, 0x3, 0xfd, 0x0,
    0x0, 0x0, 0x3, 0xfd, 0x0, 0x0, 0x0, 0x3,
    0xfd, 0x0, 0x0, 0x0, 0x3, 0xfd, 0x0, 0x0,
    0x0, 0x3, 0xfd, 0x0, 0x0, 0x0, 0x3, 0xfd,
    0x0, 0x0, 0x0, 0x3, 0xfd, 0x0, 0x0, 0x0,
    0x3, 0xfe, 0x0, 0x0, 0x0, 0x0, 0xd3, 0x0,
    0x0, 0x0, 0x0, 0xdf, 0x30, 0x0, 0x0, 0x1,
    0xe, 0x70, 0x0, 0x0, 0xe, 0xfd, 0x20, 0x0,
    0x0, 0x0, 0x10, 0x0, 0x0,

    /* U+0163 "ţ" */
    0x6, 0xf9, 0x0, 0x0, 0x6f, 0x90, 0x0, 0xdf,
    0xff, 0xfe, 0x8, 0xcf, 0xda, 0x90, 0x6, 0xf9,
    0x0, 0x0, 0x6f, 0x90, 0x0, 0x6, 0xf9, 0x0,
    0x0, 0x6f, 0x90, 0x0, 0x5, 0xfb, 0x0, 0x0,
    0x1f, 0xfc, 0xd1, 0x0, 0x5e, 0xfd, 0x30, 0x0,
    0x99, 0x0, 0x0, 0x9, 0xf8, 0x0, 0x1, 0xa,
    0xc0, 0x0, 0xaf, 0xf5, 0x0, 0x0, 0x10, 0x0,

    /* U+0164 "Ť" */
    0x0, 0xcd, 0x15, 0xf7, 0x0, 0x0, 0x1d, 0xef,
    0x90, 0x0, 0x0, 0x2, 0x87, 0x0, 0x0, 0xff,
    0xff, 0xff, 0xff, 0xf9, 0xcd, 0xde, 0xff, 0xdd,
    0xd7, 0x0, 0x3, 0xfd, 0x0, 0x0, 0x0, 0x3,
    0xfd, 0x0, 0x0, 0x0, 0x3, 0xfd, 0x0, 0x0,
    0x0, 0x3, 0xfd, 0x0, 0x0, 0x0, 0x3, 0xfd,
    0x0, 0x0, 0x0, 0x3, 0xfd, 0x0, 0x0, 0x0,
    0x3, 0xfd, 0x0, 0x0, 0x0, 0x3, 0xfd, 0x0,
    0x0, 0x0, 0x3, 0xfd, 0x0, 0x0, 0x0, 0x3,
    0xfd, 0x0, 0x0,

    /* U+0165 "ť" */
    0x0, 0x0, 0x3f, 0x30, 0x0, 0x3, 0xf2, 0x6,
    0xf9, 0x3f, 0x10, 0x6f, 0x90, 0x0, 0xdf, 0xff,
    0xfe, 0x8, 0xcf, 0xda, 0x90, 0x6, 0xf9, 0x0,
    0x0, 0x6f, 0x90, 0x0, 0x6, 0xf9, 0x0, 0x0,
    0x6f, 0x90, 0x0, 0x5, 0xfb, 0x0, 0x0, 0x1f,
    0xfc, 0xd1, 0x0, 0x5d, 0xfd, 0x30,

    /* U+0166 "Ŧ" */
    0xff, 0xff, 0xff, 0xff, 0xf9, 0xcd, 0xde, 0xff,
    0xdd, 0xd7, 0x0, 0x3, 0xfd, 0x0, 0x0, 0x0,
    0x3, 0xfd, 0x0, 0x0, 0x0, 0x3, 0xfd, 0x0,
    0x0, 0x5, 0x9b, 0xff, 0x99, 0x10, 0x8, 0xff,
    0xff, 0xff, 0x20, 0x0, 0x3, 0xfd, 0x0, 0x0,
    0x0, 0x3, 0xfd, 0x0, 0x0, 0x0, 0x3, 0xfd,
    0x0, 0x0, 0x0, 0x3, 0xfd, 0x0, 0x0, 0x0,
    0x3, 0xfd, 0x0, 0x0,

    /* U+0167 "ŧ" */
    0x6, 0xfa, 0x0, 0x0, 0x6f, 0xa0, 0x0, 0xcf,
    0xff, 0xfe, 0x8, 0xcf, 0xda, 0x90, 0x6, 0xfa,
    0x0, 0x0, 0x6f, 0xa1, 0x0, 0xcf, 0xff, 0xf4,
    0x3, 0x8f, 0xb4, 0x10, 0x5, 0xfb, 0x0, 0x0,
    0x1f, 0xfc, 0xd2, 0x0, 0x4d, 0xfd, 0x30,

    /* U+0168 "Ũ" */
    0x0, 0x0, 0x0, 0x0, 0x0, 0x0, 0x2, 0xef,
    0x82, 0xe4, 0x0, 0x0, 0x9b, 0x5e, 0xfd, 0x0,
    0x0, 0x2, 0x10, 0x3, 0x0, 0x0, 0x9f, 0x70,
    0x0, 0x0, 0xdf, 0x39, 0xf7, 0x0, 0x0, 0xd,
    0xf3, 0x9f, 0x70, 0x0, 0x0, 0xdf, 0x39, 0xf7,
    0x0, 0x0, 0xd, 0xf3, 0x9f, 0x70, 0x0, 0x0,
    0xdf, 0x39, 0xf7, 0x0, 0x0, 0xd, 0xf3, 0x9f,
    0x70, 0x0, 0x0, 0xdf, 0x38, 0xf9, 0x0, 0x0,
    0xe, 0xf2, 0x6f, 0xd0, 0x0, 0x2, 0xff, 0x1,
    0xff, 0x90, 0x2, 0xcf, 0xa0, 0x6, 0xff, 0xff,
    0xff, 0xe1, 0x0, 0x4, 0xbe, 0xfe, 0x91, 0x0,

    /* U+0169 "ũ" */
    0x2, 0xdf, 0xff, 0xf1, 0x0, 0x13, 0x33, 0x31,
    0x0, 0x0, 0x0, 0x0, 0x0, 0xc, 0xf4, 0x0,
    0x6, 0xf9, 0xcf, 0x40, 0x0, 0x6f, 0x9c, 0xf4,
    0x0, 0x6, 0xf9, 0xcf, 0x40, 0x0, 0x6f, 0x9c,
    0xf4, 0x0, 0x7, 0xf9, 0xbf, 0x50, 0x0, 0x9f,
    0x99, 0xfc, 0x0, 0x3f, 0xf9, 0x2f, 0xff, 0xef,
    0xff, 0x90, 0x3b, 0xef, 0xa6, 0xf9,

    /* U+016A "Ū" */
    0x0, 0x0, 0x0, 0x0, 0x0, 0x0, 0x7, 0xff,
    0xff, 0xf1, 0x0, 0x0, 0x13, 0x33, 0x33, 0x0,
    0x0, 0x0, 0x0, 0x0, 0x0, 0x0, 0x9f, 0x70,
    0x0, 0x0, 0xdf, 0x39, 0xf7, 0x0, 0x0, 0xd,
    0xf3, 0x9f, 0x70, 0x0, 0x0, 0xdf, 0x39, 0xf7,
    0x0, 0x0, 0xd, 0xf3, 0x9f, 0x70, 0x0, 0x0,
    0xdf, 0x39, 0xf7, 0x0, 0x0, 0xd, 0xf3, 0x9f,
    0x70, 0x0, 0x0, 0xdf, 0x38, 0xf9, 0x0, 0x0,
    0xe, 0xf2, 0x6f, 0xd0, 0x0, 0x2, 0xff, 0x1,
    0xff, 0x90, 0x2, 0xcf, 0xa0, 0x6, 0xff, 0xff,
    0xff, 0xe1, 0x0, 0x4, 0xbe, 0xfe, 0x91, 0x0,

    /* U+016B "ū" */
    0x5, 0xff, 0xff, 0xf2, 0x0, 0x14, 0x44, 0x44,
    0x0, 0x0, 0x0, 0x0, 0x0, 0xc, 0xf4, 0x0,
    0x6, 0xf9, 0xcf, 0x40, 0x0, 0x6f, 0x9c, 0xf4,
    0x0, 0x6, 0xf9, 0xcf, 0x40, 0x0, 0x6f, 0x9c,
    0xf4, 0x0, 0x7, 0xf9, 0xbf, 0x50, 0x0, 0x9f,
    0x99, 0xfc, 0x0, 0x3f, 0xf9, 0x2f, 0xff, 0xef,
    0xff, 0x90, 0x3b, 0xef, 0xa6, 0xf9,

    /* U+016C "Ŭ" */
    0x0, 0x4f, 0x30, 0x7f, 0x0, 0x0, 0x0, 0x9f,
    0xfe, 0x50, 0x0, 0x0, 0x0, 0x1, 0x0, 0x0,
    0x9, 0xf7, 0x0, 0x0, 0xd, 0xf3, 0x9f, 0x70,
    0x0, 0x0, 0xdf, 0x39, 0xf7, 0x0, 0x0, 0xd,
    0xf3, 0x9f, 0x70, 0x0, 0x0, 0xdf, 0x39, 0xf7,
    0x0, 0x0, 0xd, 0xf3, 0x9f, 0x70, 0x0, 0x0,
    0xdf, 0x39, 0xf7, 0x0, 0x0, 0xd, 0xf3, 0x8f,
    0x90, 0x0, 0x0, 0xef, 0x26, 0xfd, 0x0, 0x0,
    0x2f, 0xf0, 0x1f, 0xf9, 0x0, 0x2c, 0xfa, 0x0,
    0x6f, 0xff, 0xff, 0xfe, 0x10, 0x0, 0x4b, 0xef,
    0xe9, 0x10, 0x0,

    /* U+016D "ŭ" */
    0x3, 0xf4, 0x6, 0xf0, 0x0, 0x8, 0xff, 0xf6,
    0x0, 0x0, 0x0, 0x20, 0x0, 0xc, 0xf4, 0x0,
    0x6, 0xf9, 0xcf, 0x40, 0x0, 0x6f, 0x9c, 0xf4,
    0x0, 0x6, 0xf9, 0xcf, 0x40, 0x0, 0x6f, 0x9c,
    0xf4, 0x0, 0x7, 0xf9, 0xbf, 0x50, 0x0, 0x9f,
    0x99, 0xfc, 0x0, 0x3f, 0xf9, 0x2f, 0xff, 0xef,
    0xff, 0x90, 0x3b, 0xef, 0xa6, 0xf9,

    /* U+016E "Ů" */
    0x0, 0x0, 0xad, 0x60, 0x0, 0x0, 0x0, 0x68,
    0xd, 0x0, 0x0, 0x0, 0x7, 0x50, 0xb2, 0x0,
    0x0, 0x0, 0x2d, 0x9b, 0x0, 0x0, 0x9f, 0x70,
    0x24, 0x0, 0xdf, 0x39, 0xf7, 0x0, 0x0, 0xd,
    0xf3, 0x9f, 0x70, 0x0, 0x0, 0xdf, 0x39, 0xf7,
    0x0, 0x0, 0xd, 0xf3, 0x9f, 0x70, 0x0, 0x0,
    0xdf, 0x39, 0xf7, 0x0, 0x0, 0xd, 0xf3, 0x9f,
    0x70, 0x0, 0x0, 0xdf, 0x38, 0xf9, 0x0, 0x0,
    0xe, 0xf2, 0x6f, 0xd0, 0x0, 0x2, 0xff, 0x1,
    0xff, 0x90, 0x2, 0xcf, 0xa0, 0x6, 0xff, 0xff,
    0xff, 0xe1, 0x0, 0x4, 0xbe, 0xfe, 0x91, 0x0,

    /* U+016F "ů" */
    0x0, 0xa, 0xd7, 0x0, 0x0, 0x5, 0x90, 0xc2,
    0x0, 0x0, 0x58, 0xb, 0x20, 0x0, 0x0, 0xad,
    0x70, 0x0, 0x0, 0x0, 0x0, 0x0, 0xc, 0xf4,
    0x0, 0x6, 0xf9, 0xcf, 0x40, 0x0, 0x6f, 0x9c,
    0xf4, 0x0, 0x6, 0xf9, 0xcf, 0x40, 0x0, 0x6f,
    0x9c, 0xf4, 0x0, 0x7, 0xf9, 0xbf, 0x50, 0x0,
    0x9f, 0x99, 0xfc, 0x0, 0x3f, 0xf9, 0x2f, 0xff,
    0xef, 0xff, 0x90, 0x3b, 0xef, 0xa6, 0xf9,

    /* U+0170 "Ű" */
    0x0, 0x0, 0xee, 0x1e, 0xe1, 0x0, 0x0, 0x8f,
    0x37, 0xf3, 0x0, 0x0, 0x4, 0x30, 0x43, 0x0,
    0x9, 0xf7, 0x0, 0x0, 0xd, 0xf3, 0x9f, 0x70,
    0x0, 0x0, 0xdf, 0x39, 0xf7, 0x0, 0x0, 0xd,
    0xf3, 0x9f, 0x70, 0x0, 0x0, 0xdf, 0x39, 0xf7,
    0x0, 0x0, 0xd, 0xf3, 0x9f, 0x70, 0x0, 0x0,
    0xdf, 0x39, 0xf7, 0x0, 0x0, 0xd, 0xf3, 0x8f,
    0x90, 0x0, 0x0, 0xef, 0x26, 0xfd, 0x0, 0x0,
    0x2f, 0xf0, 0x1f, 0xf9, 0x0, 0x2c, 0xfa, 0x0,
    0x6f, 0xff, 0xff, 0xfe, 0x10, 0x0, 0x4b, 0xef,
    0xe9, 0x10, 0x0,

    /* U+0171 "ű" */
    0x0, 0xd, 0xe2, 0xde, 0x10, 0x6, 0xf4, 0x6f,
    0x40, 0x0, 0x33, 0x3, 0x30, 0xc, 0xf4, 0x0,
    0x6, 0xf9, 0xcf, 0x40, 0x0, 0x6f, 0x9c, 0xf4,
    0x0, 0x6, 0xf9, 0xcf, 0x40, 0x0, 0x6f, 0x9c,
    0xf4, 0x0, 0x7, 0xf9, 0xbf, 0x50, 0x0, 0x9f,
    0x99, 0xfc, 0x0, 0x3f, 0xf9, 0x2f, 0xff, 0xef,
    0xff, 0x90, 0x3b, 0xef, 0xa6, 0xf9,

    /* U+0172 "Ų" */
    0x9f, 0x70, 0x0, 0x0, 0xdf, 0x39, 0xf7, 0x0,
    0x0, 0xd, 0xf3, 0x9f, 0x70, 0x0, 0x0, 0xdf,
    0x39, 0xf7, 0x0, 0x0, 0xd, 0xf3, 0x9f, 0x70,
    0x0, 0x0, 0xdf, 0x39, 0xf7, 0x0, 0x0, 0xd,
    0xf3, 0x9f, 0x80, 0x0, 0x0, 0xdf, 0x38, 0xf9,
    0x0, 0x0, 0xf, 0xf1, 0x4f, 0xe1, 0x0, 0x5,
    0xfe, 0x0, 0xdf, 0xd6, 0x58, 0xff, 0x60, 0x2,
    0xdf, 0xff, 0xff, 0x80, 0x0, 0x0, 0x4c, 0xfa,
    0x20, 0x0, 0x0, 0x1, 0xf5, 0x0, 0x0, 0x0,
    0x0, 0x4f, 0x21, 0x0, 0x0, 0x0, 0x0, 0xcf,
    0xf1, 0x0, 0x0, 0x0, 0x0, 0x10, 0x0, 0x0,

    /* U+0173 "ų" */
    0xcf, 0x40, 0x0, 0x6f, 0x9c, 0xf4, 0x0, 0x6,
    0xf9, 0xcf, 0x40, 0x0, 0x6f, 0x9c, 0xf4, 0x0,
    0x6, 0xf9, 0xcf, 0x40, 0x0, 0x7f, 0x9b, 0xf5,
    0x0, 0x9, 0xf9, 0x9f, 0xc0, 0x3, 0xff, 0x92,
    0xff, 0xfe, 0xff, 0xf9, 0x3, 0xbe, 0xfa, 0x7f,
    0xc0, 0x0, 0x0, 0x1d, 0xa0, 0x0, 0x0, 0x7,
    0xd0, 0x0, 0x0, 0x0, 0x9d, 0x1, 0x0, 0x0,
    0x2, 0xef, 0xc0, 0x0, 0x0, 0x0, 0x10,

    /* U+0174 "Ŵ" */
    0x0, 0x0, 0x0, 0x3, 0xff, 0x80, 0x0, 0x0,
    0x0, 0x0, 0x0, 0x0, 0x2e, 0xc7, 0xf5, 0x0,
    0x0, 0x0, 0x0, 0x0, 0x0, 0x57, 0x0, 0x57,
    0x0, 0x0, 0x0, 0x6f, 0xb0, 0x0, 0x0, 0xef,
    0x50, 0x0, 0x4, 0xfb, 0x1f, 0xf1, 0x0, 0x3,
    0xff, 0xa0, 0x0, 0x9, 0xf6, 0xc, 0xf5, 0x0,
    0x8, 0xff, 0xf0, 0x0, 0xe, 0xf1, 0x7, 0xfa,
    0x0, 0xd, 0xfc, 0xf4, 0x0, 0x3f, 0xc0, 0x2,
    0xff, 0x0, 0x2f, 0xc6, 0xf9, 0x0, 0x8f, 0x70,
    0x0, 0xdf, 0x40, 0x7f, 0x61, 0xfe, 0x0, 0xdf,
    0x20, 0x0, 0x8f, 0x90, 0xcf, 0x10, 0xcf, 0x32,
    0xfd, 0x0, 0x0, 0x4f, 0xe1, 0xfc, 0x0, 0x7f,
    0x87, 0xf8, 0x0, 0x0, 0xe, 0xf9, 0xf7, 0x0,
    0x2f, 0xdc, 0xf3, 0x0, 0x0, 0xa, 0xff, 0xf2,
    0x0, 0xd, 0xff, 0xe0, 0x0, 0x0, 0x5, 0xff,
    0xd0, 0x0, 0x8, 0xff, 0x90, 0x0, 0x0, 0x0,
    0xff, 0x80, 0x0, 0x3, 0xff, 0x40, 0x0,

    /* U+0175 "ŵ" */
    0x0, 0x0, 0x3, 0xef, 0xb0, 0x0, 0x0, 0x0,
    0x0, 0x4, 0xe8, 0x2c, 0xc1, 0x0, 0x0, 0x0,
    0x0, 0x0, 0x0, 0x0, 0x0, 0x0, 0xc, 0xf1,
    0x0, 0x9, 0xf6, 0x0, 0x5, 0xf7, 0x6f, 0x70,
    0x0, 0xff, 0xc0, 0x0, 0xaf, 0x11, 0xfc, 0x0,
    0x5f, 0xff, 0x10, 0xf, 0xc0, 0xb, 0xf2, 0xa,
    0xf7, 0xf7, 0x5, 0xf6, 0x0, 0x5f, 0x71, 0xfb,
    0xf, 0xc0, 0xbf, 0x10, 0x0, 0xfd, 0x6f, 0x60,
    0xaf, 0x3f, 0xb0, 0x0, 0xa, 0xfd, 0xf0, 0x5,
    0xfd, 0xf5, 0x0, 0x0, 0x5f, 0xfa, 0x0, 0xf,
    0xff, 0x0, 0x0, 0x0, 0xff, 0x40, 0x0, 0x9f,
    0xa0, 0x0,

    /* U+0176 "Ŷ" */
    0x0, 0x0, 0x2d, 0xe9, 0x0, 0x0, 0x0, 0x2,
    0xea, 0x4e, 0xa0, 0x0, 0x0, 0x1, 0x20, 0x0,
    0x20, 0x0, 0xd, 0xf5, 0x0, 0x0, 0x9, 0xf6,
    0x4, 0xfe, 0x0, 0x0, 0x3f, 0xd0, 0x0, 0xbf,
    0x70, 0x0, 0xbf, 0x50, 0x0, 0x2f, 0xf1, 0x5,
    0xfb, 0x0, 0x0, 0x9, 0xf9, 0xd, 0xf3, 0x0,
    0x0, 0x1, 0xff, 0x9f, 0xa0, 0x0, 0x0, 0x0,
    0x7f, 0xff, 0x10, 0x0, 0x0, 0x0, 0xe, 0xf8,
    0x0, 0x0, 0x0, 0x0, 0xc, 0xf5, 0x0, 0x0,
    0x0, 0x0, 0xc, 0xf5, 0x0, 0x0, 0x0, 0x0,
    0xc, 0xf5, 0x0, 0x0, 0x0, 0x0, 0xc, 0xf5,
    0x0, 0x0,

    /* U+0177 "ŷ" */
    0x0, 0x2, 0xef, 0xc1, 0x0, 0x0, 0x3, 0xe9,
    0x1b, 0xc1, 0x0, 0x0, 0x0, 0x0, 0x0, 0x0,
    0x0, 0xdf, 0x30, 0x0, 0xd, 0xf1, 0x7, 0xf9,
    0x0, 0x3, 0xfa, 0x0, 0xf, 0xf1, 0x0, 0xaf,
    0x30, 0x0, 0x9f, 0x70, 0x1f, 0xd0, 0x0, 0x2,
    0xfd, 0x8, 0xf6, 0x0, 0x0, 0xb, 0xf5, 0xee,
    0x0, 0x0, 0x0, 0x4f, 0xef, 0x80, 0x0, 0x0,
    0x0, 0xdf, 0xf2, 0x0, 0x0, 0x0, 0x7, 0xfb,
    0x0, 0x0, 0x1, 0x0, 0xbf, 0x40, 0x0, 0x0,
    0xed, 0xdf, 0xb0, 0x0, 0x0, 0xa, 0xee, 0xa0,
    0x0, 0x0, 0x0,

    /* U+0178 "Ÿ" */
    0x0, 0x1, 0xe7, 0xd, 0x90, 0x0, 0x0, 0x1,
    0xe8, 0xd, 0x90, 0x0, 0x0, 0x0, 0x0, 0x0,
    0x0, 0x0, 0xd, 0xf5, 0x0, 0x0, 0x9, 0xf6,
    0x4, 0xfe, 0x0, 0x0, 0x3f, 0xd0, 0x0, 0xbf,
    0x70, 0x0, 0xbf, 0x50, 0x0, 0x2f, 0xf1, 0x5,
    0xfb, 0x0, 0x0, 0x9, 0xf9, 0xd, 0xf3, 0x0,
    0x0, 0x1, 0xff, 0x9f, 0xa0, 0x0, 0x0, 0x0,
    0x7f, 0xff, 0x10, 0x0, 0x0, 0x0, 0xe, 0xf8,
    0x0, 0x0, 0x0, 0x0, 0xc, 0xf5, 0x0, 0x0,
    0x0, 0x0, 0xc, 0xf5, 0x0, 0x0, 0x0, 0x0,
    0xc, 0xf5, 0x0, 0x0, 0x0, 0x0, 0xc, 0xf5,
    0x0, 0x0,

    /* U+0179 "Ź" */
    0x0, 0x0, 0x3, 0xfe, 0x20, 0x0, 0x0, 0x2,
    0xed, 0x10, 0x0, 0x0, 0x0, 0x57, 0x10, 0x0,
    0x3, 0xff, 0xff, 0xff, 0xff, 0xf0, 0x3d, 0xdd,
    0xdd, 0xdf, 0xfe, 0x0, 0x0, 0x0, 0x4, 0xff,
    0x30, 0x0, 0x0, 0x1, 0xef, 0x70, 0x0, 0x0,
    0x0, 0xbf, 0xb0, 0x0, 0x0, 0x0, 0x8f, 0xd1,
    0x0, 0x0, 0x0, 0x4f, 0xf3, 0x0, 0x0, 0x0,
    0x1e, 0xf6, 0x0, 0x0, 0x0, 0xc, 0xfa, 0x0,
    0x0, 0x0, 0x8, 0xfd, 0x0, 0x0, 0x0, 0x3,
    0xff, 0xed, 0xdd, 0xdd, 0xd2, 0x5f, 0xff, 0xff,
    0xff, 0xff, 0x30,

    /* U+017A "ź" */
    0x0, 0x0, 0x7f, 0xa1, 0x0, 0x8, 0xe6, 0x0,
    0x0, 0x0, 0x0, 0x0, 0x4f, 0xff, 0xff, 0xfd,
    0x3a, 0xaa, 0xaf, 0xfa, 0x0, 0x0, 0x5f, 0xd1,
    0x0, 0x2, 0xff, 0x30, 0x0, 0xd, 0xf5, 0x0,
    0x0, 0xaf, 0x90, 0x0, 0x7, 0xfc, 0x0, 0x0,
    0x3f, 0xfc, 0xaa, 0xaa, 0x6f, 0xff, 0xff, 0xff,

    /* U+017B "Ż" */
    0x0, 0x0, 0x6f, 0x40, 0x0, 0x0, 0x0, 0x9,
    0xf7, 0x0, 0x0, 0x0, 0x0, 0x15, 0x0, 0x0,
    0x3, 0xff, 0xff, 0xff, 0xff, 0xf0, 0x3d, 0xdd,
    0xdd, 0xdf, 0xfe, 0x0, 0x0, 0x0, 0x4, 0xff,
    0x30, 0x0, 0x0, 0x1, 0xef, 0x70, 0x0, 0x0,
    0x0, 0xbf, 0xb0, 0x0, 0x0, 0x0, 0x8f, 0xd1,
    0x0, 0x0, 0x0, 0x4f, 0xf3, 0x0, 0x0, 0x0,
    0x1e, 0xf6, 0x0, 0x0, 0x0, 0xc, 0xfa, 0x0,
    0x0, 0x0, 0x8, 0xfd, 0x0, 0x0, 0x0, 0x3,
    0xff, 0xed, 0xdd, 0xdd, 0xd2, 0x5f, 0xff, 0xff,
    0xff, 0xff, 0x30,

    /* U+017C "ż" */
    0x0, 0x2, 0x60, 0x0, 0x0, 0xc, 0xf5, 0x0,
    0x0, 0x7, 0xc2, 0x0, 0x0, 0x0, 0x0, 0x0,
    0x4f, 0xff, 0xff, 0xfd, 0x3a, 0xaa, 0xaf, 0xfa,
    0x0, 0x0, 0x5f, 0xd1, 0x0, 0x2, 0xff, 0x30,
    0x0, 0xd, 0xf5, 0x0, 0x0, 0xaf, 0x90, 0x0,
    0x7, 0xfc, 0x0, 0x0, 0x3f, 0xfc, 0xaa, 0xaa,
    0x6f, 0xff, 0xff, 0xff,

    /* U+017D "Ž" */
    0x0, 0x3f, 0x80, 0xae, 0x20, 0x0, 0x0, 0x5f,
    0xef, 0x30, 0x0, 0x0, 0x0, 0x58, 0x40, 0x0,
    0x3, 0xff, 0xff, 0xff, 0xff, 0xf0, 0x3d, 0xdd,
    0xdd, 0xdf, 0xfe, 0x0, 0x0, 0x0, 0x4, 0xff,
    0x30, 0x0, 0x0, 0x1, 0xef, 0x70, 0x0, 0x0,
    0x0, 0xbf, 0xb0, 0x0, 0x0, 0x0, 0x8f, 0xd1,
    0x0, 0x0, 0x0, 0x4f, 0xf3, 0x0, 0x0, 0x0,
    0x1e, 0xf6, 0x0, 0x0, 0x0, 0xc, 0xfa, 0x0,
    0x0, 0x0, 0x8, 0xfd, 0x0, 0x0, 0x0, 0x3,
    0xff, 0xed, 0xdd, 0xdd, 0xd2, 0x5f, 0xff, 0xff,
    0xff, 0xff, 0x30,

    /* U+017E "ž" */
    0x4, 0xf8, 0x2d, 0xb0, 0x0, 0x3e, 0xfa, 0x0,
    0x0, 0x0, 0x0, 0x0, 0x4f, 0xff, 0xff, 0xfd,
    0x3a, 0xaa, 0xaf, 0xfa, 0x0, 0x0, 0x5f, 0xd1,
    0x0, 0x2, 0xff, 0x30, 0x0, 0xd, 0xf5, 0x0,
    0x0, 0xaf, 0x90, 0x0, 0x7, 0xfc, 0x0, 0x0,
    0x3f, 0xfc, 0xaa, 0xaa, 0x6f, 0xff, 0xff, 0xff,

    /* U+017F "ſ" */
    0x0, 0x3c, 0xfe, 0x50, 0xe, 0xfc, 0xc3, 0x3,
    0xfd, 0x0, 0xa, 0xff, 0xc0, 0x0, 0x6b, 0xfc,
    0x0, 0x0, 0x4f, 0xc0, 0x0, 0x4, 0xfc, 0x0,
    0x0, 0x4f, 0xc0, 0x0, 0x4, 0xfc, 0x0, 0x0,
    0x4f, 0xc0, 0x0, 0x4, 0xfc, 0x0, 0x0, 0x4f,
    0xc0, 0x0,

    /* U+2022 "•" */
    0x2, 0x95, 0x0, 0xdf, 0xf3, 0xf, 0xff, 0x50,
    0x7f, 0xb0,

    /* U+3001 "、" */
    0x3, 0x50, 0x0, 0xe, 0xf6, 0x0, 0x3, 0xef,
    0x60, 0x0, 0x2e, 0xf4, 0x0, 0x3, 0xb1,

    /* U+3002 "。" */
    0x3, 0xce, 0x80, 0xe, 0x62, 0xb7, 0x2d, 0x0,
    0x4b, 0xe, 0x41, 0xa8, 0x3, 0xdf, 0xa0,

    /* U+4E00 "一" */
    0x0, 0x0, 0x0, 0x0, 0x0, 0x0, 0x0, 0x0,
    0x1f, 0xff, 0xff, 0xff, 0xff, 0xff, 0xff, 0xf9,
    0x19, 0x99, 0x99, 0x99, 0x99, 0x99, 0x99, 0x96,

    /* U+4E0A "上" */
    0x0, 0x0, 0x0, 0x5f, 0x40, 0x0, 0x0, 0x0,
    0x0, 0x0, 0x0, 0x5f, 0x40, 0x0, 0x0, 0x0,
    0x0, 0x0, 0x0, 0x5f, 0x40, 0x0, 0x0, 0x0,
    0x0, 0x0, 0x0, 0x5f, 0x40, 0x0, 0x0, 0x0,
    0x0, 0x0, 0x0, 0x5f, 0x40, 0x0, 0x0, 0x0,
    0x0, 0x0, 0x0, 0x5f, 0xa7, 0x77, 0x77, 0x10,
    0x0, 0x0, 0x0, 0x5f, 0xff, 0xff, 0xff, 0x20,
    0x0, 0x0, 0x0, 0x5f, 0x40, 0x0, 0x0, 0x0,
    0x0, 0x0, 0x0, 0x5f, 0x40, 0x0, 0x0, 0x0,
    0x0, 0x0, 0x0, 0x5f, 0x40, 0x0, 0x0, 0x0,
    0x0, 0x0, 0x0, 0x5f, 0x40, 0x0, 0x0, 0x0,
    0x0, 0x0, 0x0, 0x5f, 0x40, 0x0, 0x0, 0x0,
    0x0, 0x0, 0x0, 0x5f, 0x40, 0x0, 0x0, 0x0,
    0x3f, 0xff, 0xff, 0xff, 0xff, 0xff, 0xff, 0xf3,
    0x28, 0x88, 0x88, 0x88, 0x88, 0x88, 0x88, 0x82,

    /* U+4E0B "下" */
    0x17, 0x77, 0x77, 0x77, 0x77, 0x77, 0x77, 0x71,
    0x2f, 0xff, 0xff, 0xff, 0xff, 0xff, 0xff, 0xf2,
    0x0, 0x0, 0x0, 0x2f, 0x80, 0x0, 0x0, 0x0,
    0x0, 0x0, 0x0, 0x2f, 0x70, 0x0, 0x0, 0x0,
    0x0, 0x0, 0x0, 0x2f, 0xb2, 0x0, 0x0, 0x0,
    0x0, 0x0, 0x0, 0x2f, 0xff, 0xa2, 0x0, 0x0,
    0x0, 0x0, 0x0, 0x2f, 0x99, 0xff, 0x80, 0x0,
    0x0, 0x0, 0x0, 0x2f, 0x70, 0x3c, 0xfd, 0x20,
    0x0, 0x0, 0x0, 0x2f, 0x70, 0x0, 0x7b, 0x0,
    0x0, 0x0, 0x0, 0x2f, 0x70, 0x0, 0x0, 0x0,
    0x0, 0x0, 0x0, 0x2f, 0x70, 0x0, 0x0, 0x0,
    0x0, 0x0, 0x0, 0x2f, 0x70, 0x0, 0x0, 0x0,
    0x0, 0x0, 0x0, 0x2f, 0x70, 0x0, 0x0, 0x0,
    0x0, 0x0, 0x0, 0x2f, 0x70, 0x0, 0x0, 0x0,

    /* U+4E0D "不" */
    0x7, 0x77, 0x77, 0x77, 0x77, 0x77, 0x77, 0x70,
    0xe, 0xff, 0xff, 0xff, 0xff, 0xff, 0xff, 0xe0,
    0x0, 0x0, 0x0, 0x7, 0xf9, 0x0, 0x0, 0x0,
    0x0, 0x0, 0x0, 0x2f, 0xe0, 0x0, 0x0, 0x0,
    0x0, 0x0, 0x1, 0xdf, 0xc2, 0x30, 0x0, 0x0,
    0x0, 0x0, 0x1d, 0xff, 0xdc, 0xf7, 0x0, 0x0,
    0x0, 0x3, 0xef, 0x5d, 0xc0, 0xaf, 0xc1, 0x0,
    0x0, 0x7f, 0xf4, 0xd, 0xc0, 0x6, 0xfe, 0x30,
    0x1d, 0xfc, 0x20, 0xd, 0xc0, 0x0, 0x4f, 0xf2,
    0xa, 0x70, 0x0, 0xd, 0xc0, 0x0, 0x3, 0x80,
    0x0, 0x0, 0x0, 0xd, 0xc0, 0x0, 0x0, 0x0,
    0x0, 0x0, 0x0, 0xd, 0xc0, 0x0, 0x0, 0x0,
    0x0, 0x0, 0x0, 0xd, 0xc0, 0x0, 0x0, 0x0,
    0x0, 0x0, 0x0, 0xd, 0xc0, 0x0, 0x0, 0x0,

    /* U+4E2D "中" */
    0x0, 0x0, 0x0, 0xea, 0x0, 0x0, 0x0, 0x0,
    0x0, 0x0, 0xea, 0x0, 0x0, 0x0, 0x0, 0x0,
    0x0, 0xea, 0x0, 0x0, 0x0, 0x48, 0x88, 0x88,
    0xfd, 0x88, 0x88, 0x82, 0x8f, 0xff, 0xff, 0xff,
    0xff, 0xff, 0xf3, 0x8f, 0x0, 0x0, 0xea, 0x0,
    0x5, 0xf3, 0x8f, 0x0, 0x0, 0xea, 0x0, 0x5,
    0xf3, 0x8f, 0x0, 0x0, 0xea, 0x0, 0x5, 0xf3,
    0x8f, 0x44, 0x44, 0xfc, 0x44, 0x48, 0xf3, 0x8f,
    0xff, 0xff, 0xff, 0xff, 0xff, 0xf3, 0x8f, 0x22,
    0x22, 0xeb, 0x22, 0x27, 0xf3, 0x24, 0x0, 0x0,
    0xea, 0x0, 0x1, 0x30, 0x0, 0x0, 0x0, 0xea,
    0x0, 0x0, 0x0, 0x0, 0x0, 0x0, 0xea, 0x0,
    0x0, 0x0, 0x0, 0x0, 0x0, 0xea, 0x0, 0x0,
    0x0,

    /* U+4E3A "为" */
    0x0, 0x5, 0x0, 0x9f, 0x0, 0x0, 0x0, 0x0,
    0x5, 0xf7, 0x9, 0xf0, 0x0, 0x0, 0x0, 0x0,
    0xb, 0xf1, 0x9f, 0x0, 0x0, 0x0, 0x0, 0x0,
    0x3b, 0x29, 0xe0, 0x0, 0x0, 0x0, 0x6, 0x99,
    0x99, 0xdf, 0x99, 0x99, 0x99, 0x40, 0xbf, 0xff,
    0xff, 0xff, 0xff, 0xff, 0xf7, 0x0, 0x0, 0x0,
    0xea, 0x0, 0x0, 0x2f, 0x70, 0x0, 0x0, 0x3f,
    0x61, 0x10, 0x2, 0xf6, 0x0, 0x0, 0x8, 0xf2,
    0xdc, 0x0, 0x3f, 0x50, 0x0, 0x1, 0xfb, 0x3,
    0xf9, 0x4, 0xf4, 0x0, 0x0, 0xaf, 0x40, 0x8,
    0xe1, 0x6f, 0x30, 0x0, 0x7f, 0x90, 0x0, 0x0,
    0x7, 0xf2, 0x0, 0x8f, 0xc0, 0x0, 0x0, 0x0,
    0xbf, 0x0, 0xbf, 0xb0, 0x0, 0x0, 0x98, 0x9f,
    0xb0, 0x6, 0x80, 0x0, 0x0, 0xb, 0xff, 0xd2,
    0x0, 0x0, 0x0, 0x0, 0x0, 0x0, 0x0, 0x0,

    /* U+4E48 "么" */
    0x0, 0x0, 0x0, 0x12, 0x0, 0x0, 0x0, 0x0,
    0x0, 0x0, 0x0, 0xaf, 0x30, 0x0, 0x0, 0x0,
    0x0, 0x0, 0x5, 0xf9, 0x0, 0x0, 0x0, 0x0,
    0x0, 0x0, 0x3f, 0xd0, 0x0, 0x20, 0x0, 0x0,
    0x0, 0x2, 0xee, 0x10, 0x2, 0xec, 0x0, 0x0,
    0x0, 0x2e, 0xf3, 0x0, 0xc, 0xf4, 0x0, 0x0,
    0x4, 0xef, 0x30, 0x0, 0x9f, 0x70, 0x0, 0x0,
    0xc, 0xe2, 0x0, 0x6, 0xfa, 0x0, 0x0, 0x0,
    0x0, 0x10, 0x0, 0x4f, 0xc0, 0x3, 0x0, 0x0,
    0x0, 0x0, 0x4, 0xfd, 0x10, 0x9f, 0x30, 0x0,
    0x0, 0x0, 0x3f, 0xc1, 0x0, 0x1e, 0xd0, 0x0,
    0x0, 0x5, 0xfc, 0x10, 0x0, 0x4, 0xf9, 0x0,
    0x0, 0x8f, 0xf7, 0x78, 0xab, 0xcd, 0xff, 0x40,
    0x2, 0xff, 0xff, 0xff, 0xec, 0xba, 0x8f, 0xd0,
    0x0, 0x64, 0x31, 0x0, 0x0, 0x0, 0x8, 0xc1,
    0x0, 0x0, 0x0, 0x0, 0x0, 0x0, 0x0, 0x0,

    /* U+4E8C "二" */
    0x0, 0x0, 0x0, 0x0, 0x0, 0x0, 0x0, 0x0,
    0x0, 0xcf, 0xff, 0xff, 0xff, 0xff, 0xfc, 0x0,
    0x0, 0x79, 0x99, 0x99, 0x99, 0x99, 0x97, 0x0,
    0x0, 0x0, 0x0, 0x0, 0x0, 0x0, 0x0, 0x0,
    0x0, 0x0, 0x0, 0x0, 0x0, 0x0, 0x0, 0x0,
    0x0, 0x0, 0x0, 0x0, 0x0, 0x0, 0x0, 0x0,
    0x0, 0x0, 0x0, 0x0, 0x0, 0x0, 0x0, 0x0,
    0x0, 0x0, 0x0, 0x0, 0x0, 0x0, 0x0, 0x0,
    0x0, 0x0, 0x0, 0x0, 0x0, 0x0, 0x0, 0x0,
    0x0, 0x0, 0x0, 0x0, 0x0, 0x0, 0x0, 0x0,
    0x1c, 0xcc, 0xcc, 0xcc, 0xcc, 0xcc, 0xcc, 0xc1,
    0x1f, 0xff, 0xff, 0xff, 0xff, 0xff, 0xff, 0xf2,

    /* U+4EA7 "产" */
    0x0, 0x0, 0x0, 0x1, 0x20, 0x0, 0x0, 0x0,
    0x0, 0x0, 0x0, 0xdd, 0x0, 0x0, 0x0, 0x0,
    0x77, 0x77, 0x7b, 0xfa, 0x77, 0x77, 0x50, 0x1f,
    0xff, 0xff, 0xff, 0xff, 0xff, 0xfb, 0x0, 0x0,
    0x5d, 0x10, 0x0, 0x2d, 0x50, 0x0, 0x0, 0x1,
    0xeb, 0x0, 0xa, 0xf2, 0x0, 0x0, 0x67, 0x7c,
    0xb7, 0x77, 0xfc, 0x77, 0x60, 0xe, 0xff, 0xff,
    0xff, 0xff, 0xff, 0xfe, 0x0, 0xea, 0x0, 0x0,
    0x0, 0x0, 0x0, 0x0, 0xf, 0x90, 0x0, 0x0,
    0x0, 0x0, 0x0, 0x0, 0xf8, 0x0, 0x0, 0x0,
    0x0, 0x0, 0x0, 0x2f, 0x60, 0x0, 0x0, 0x0,
    0x0, 0x0, 0x6, 0xf4, 0x0, 0x0, 0x0, 0x0,
    0x0, 0x0, 0xcf, 0x0, 0x0, 0x0, 0x0, 0x0,
    0x0, 0x1e, 0x80, 0x0, 0x0, 0x0, 0x0, 0x0,
    0x0, 0x20, 0x0, 0x0, 0x0, 0x0, 0x0, 0x0,

    /* U+4EAE "亮" */
    0x0, 0x0, 0x0, 0x7, 0x40, 0x0, 0x0, 0x0,
    0x1, 0x11, 0x11, 0x2d, 0xe2, 0x11, 0x11, 0x10,
    0x1f, 0xff, 0xff, 0xff, 0xff, 0xff, 0xff, 0xf1,
    0x2, 0x23, 0x33, 0x33, 0x33, 0x33, 0x32, 0x20,
    0x0, 0xd, 0xff, 0xff, 0xff, 0xff, 0xf0, 0x0,
    0x0, 0xd, 0xa0, 0x0, 0x0, 0xa, 0xf0, 0x0,
    0x0, 0xd, 0xff, 0xff, 0xff, 0xff, 0xf0, 0x0,
    0x0, 0x2, 0x22, 0x22, 0x22, 0x22, 0x20, 0x0,
    0xe, 0xff, 0xff, 0xff, 0xff, 0xff, 0xff, 0xd0,
    0xe, 0x91, 0x11, 0x11, 0x11, 0x11, 0x1a, 0xd0,
    0xc, 0x70, 0x5f, 0xff, 0xff, 0xf4, 0x8, 0xc0,
    0x0, 0x0, 0x8f, 0x54, 0x48, 0xf4, 0x0, 0x0,
    0x0, 0x1, 0xec, 0x0, 0x4, 0xf4, 0x4, 0xb0,
    0x2, 0x7e, 0xf3, 0x0, 0x4, 0xf8, 0x49, 0xf0,
    0xd, 0xfb, 0x20, 0x0, 0x1, 0xdf, 0xff, 0x80,
    0x1, 0x0, 0x0, 0x0, 0x0, 0x0, 0x0, 0x0,

    /* U+4EC0 "什" */
    0x0, 0x0, 0x0, 0x0, 0x0, 0x0, 0x0, 0x0,
    0x0, 0x0, 0xc9, 0x0, 0x8, 0xf1, 0x0, 0x0,
    0x0, 0x3, 0xf6, 0x0, 0x8, 0xf1, 0x0, 0x0,
    0x0, 0xa, 0xf0, 0x0, 0x8, 0xf1, 0x0, 0x0,
    0x0, 0x2f, 0x90, 0x0, 0x8, 0xf1, 0x0, 0x0,
    0x0, 0xbf, 0x60, 0x0, 0x8, 0xf1, 0x0, 0x0,
    0x5, 0xff, 0x60, 0x0, 0x8, 0xf1, 0x0, 0x0,
    0x2f, 0xef, 0x6a, 0xff, 0xff, 0xff, 0xff, 0xf3,
    0x1e, 0x4f, 0x64, 0x77, 0x7b, 0xf7, 0x77, 0x71,
    0x1, 0x1f, 0x60, 0x0, 0x8, 0xf1, 0x0, 0x0,
    0x0, 0x1f, 0x60, 0x0, 0x8, 0xf1, 0x0, 0x0,
    0x0, 0x1f, 0x60, 0x0, 0x8, 0xf1, 0x0, 0x0,
    0x0, 0x1f, 0x60, 0x0, 0x8, 0xf1, 0x0, 0x0,
    0x0, 0x1f, 0x60, 0x0, 0x8, 0xf1, 0x0, 0x0,
    0x0, 0x1f, 0x60, 0x0, 0x8, 0xf1, 0x0, 0x0,
    0x0, 0x1f, 0x60, 0x0, 0x8, 0xf1, 0x0, 0x0,
    0x0, 0x0, 0x0, 0x0, 0x0, 0x0, 0x0, 0x0,

    /* U+4EC5 "仅" */
    0x0, 0x0, 0x44, 0x0, 0x0, 0x0, 0x0, 0x0,
    0x0, 0x0, 0xec, 0x0, 0x0, 0x0, 0x0, 0x0,
    0x0, 0x7, 0xf5, 0xff, 0xff, 0xff, 0xff, 0x90,
    0x0, 0x1e, 0xc0, 0xbf, 0x77, 0x77, 0x7f, 0x80,
    0x0, 0xaf, 0x70, 0x4f, 0x20, 0x0, 0x3f, 0x50,
    0x6, 0xff, 0x60, 0xf, 0x70, 0x0, 0x8f, 0x10,
    0x5f, 0xef, 0x60, 0xa, 0xc0, 0x0, 0xdb, 0x0,
    0x3e, 0x3f, 0x60, 0x5, 0xf4, 0x5, 0xf5, 0x0,
    0x1, 0x1f, 0x60, 0x0, 0xcc, 0xe, 0xd0, 0x0,
    0x0, 0x1f, 0x60, 0x0, 0x4f, 0xcf, 0x40, 0x0,
    0x0, 0x1f, 0x60, 0x0, 0xc, 0xfa, 0x0, 0x0,
    0x0, 0x1f, 0x60, 0x0, 0x6f, 0xfe, 0x30, 0x0,
    0x0, 0x1f, 0x60, 0x19, 0xfb, 0x3d, 0xf6, 0x0,
    0x0, 0x1f, 0x68, 0xff, 0x80, 0x1, 0xbf, 0xd4,
    0x0, 0x1f, 0x68, 0xa2, 0x0, 0x0, 0x4, 0xc2,
    0x0, 0x0, 0x0, 0x0, 0x0, 0x0, 0x0, 0x0,

    /* U+4ECE "从" */
    0x0, 0x0, 0x0, 0x0, 0x0, 0x0, 0x0, 0x0,
    0x0, 0x0, 0xf9, 0x0, 0x0, 0xec, 0x0, 0x0,
    0x0, 0x1, 0xf8, 0x0, 0x0, 0xfa, 0x0, 0x0,
    0x0, 0x2, 0xf7, 0x0, 0x0, 0xf9, 0x0, 0x0,
    0x0, 0x3, 0xf5, 0x0, 0x2, 0xf7, 0x0, 0x0,
    0x0, 0x5, 0xf4, 0x0, 0x3, 0xf6, 0x0, 0x0,
    0x0, 0x7, 0xf8, 0x0, 0x6, 0xf6, 0x0, 0x0,
    0x0, 0xa, 0xff, 0x40, 0x9, 0xfa, 0x0, 0x0,
    0x0, 0xc, 0xdc, 0xf1, 0xc, 0xfe, 0x0, 0x0,
    0x0, 0x1f, 0x92, 0xfa, 0x2f, 0xcf, 0x50, 0x0,
    0x0, 0x5f, 0x50, 0x7f, 0x9f, 0x4c, 0xc0, 0x0,
    0x0, 0xbf, 0x10, 0x3, 0xee, 0x5, 0xf5, 0x0,
    0x3, 0xfb, 0x0, 0x8, 0xf7, 0x0, 0xee, 0x20,
    0xd, 0xf2, 0x0, 0x5f, 0xd0, 0x0, 0x4f, 0xe2,
    0x3e, 0x80, 0x0, 0xbf, 0x20, 0x0, 0x7, 0xd1,
    0x2, 0x10, 0x0, 0x2, 0x0, 0x0, 0x0, 0x10,

    /* U+4F11 "休" */
    0x0, 0x0, 0x0, 0x0, 0x0, 0x0, 0x0, 0x0,
    0x0, 0x0, 0xbb, 0x0, 0x9, 0xe0, 0x0, 0x0,
    0x0, 0x3, 0xf8, 0x0, 0x9, 0xe0, 0x0, 0x0,
    0x0, 0xb, 0xf2, 0x0, 0x9, 0xe0, 0x0, 0x0,
    0x0, 0x3f, 0xb0, 0x0, 0x9, 0xe0, 0x0, 0x0,
    0x0, 0xcf, 0x57, 0x77, 0x7c, 0xf7, 0x77, 0x72,
    0x8, 0xff, 0x4f, 0xff, 0xff, 0xff, 0xff, 0xf5,
    0x6f, 0xef, 0x40, 0x0, 0x9f, 0xfe, 0x0, 0x0,
    0x6e, 0x4f, 0x40, 0x2, 0xff, 0xff, 0x80, 0x0,
    0x1, 0x3f, 0x40, 0xb, 0xea, 0xe7, 0xf1, 0x0,
    0x0, 0x3f, 0x40, 0x4f, 0x69, 0xe0, 0xea, 0x0,
    0x0, 0x3f, 0x42, 0xec, 0x9, 0xe0, 0x6f, 0x60,
    0x0, 0x3f, 0x7e, 0xe1, 0x9, 0xe0, 0xb, 0xf6,
    0x0, 0x3f, 0x8e, 0x20, 0x9, 0xe0, 0x0, 0xc4,
    0x0, 0x3f, 0x40, 0x0, 0x9, 0xe0, 0x0, 0x0,
    0x0, 0x3f, 0x40, 0x0, 0x9, 0xe0, 0x0, 0x0,

    /* U+4F30 "估" */
    0x0, 0x2, 0xb2, 0x0, 0xb, 0xd0, 0x0, 0x0,
    0x0, 0x9, 0xf1, 0x0, 0xb, 0xd0, 0x0, 0x0,
    0x0, 0x1f, 0xa0, 0x0, 0xb, 0xd0, 0x0, 0x0,
    0x0, 0x7f, 0x41, 0x11, 0x1b, 0xe1, 0x11, 0x10,
    0x1, 0xef, 0xe, 0xff, 0xff, 0xff, 0xff, 0xf4,
    0xa, 0xfe, 0x5, 0x55, 0x5c, 0xe5, 0x55, 0x51,
    0x6f, 0xfe, 0x0, 0x0, 0xb, 0xd0, 0x0, 0x0,
    0x5d, 0x9e, 0x0, 0x0, 0xb, 0xd0, 0x0, 0x0,
    0x1, 0x8e, 0x0, 0x77, 0x7d, 0xe7, 0x77, 0x20,
    0x0, 0x8e, 0x1, 0xff, 0xff, 0xff, 0xff, 0x50,
    0x0, 0x8e, 0x1, 0xf6, 0x0, 0x0, 0x3f, 0x50,
    0x0, 0x8e, 0x1, 0xf6, 0x0, 0x0, 0x3f, 0x50,
    0x0, 0x8e, 0x1, 0xf6, 0x0, 0x0, 0x3f, 0x50,
    0x0, 0x8e, 0x1, 0xff, 0xff, 0xff, 0xff, 0x50,
    0x0, 0x8e, 0x1, 0xfa, 0x77, 0x77, 0x9f, 0x50,
    0x0, 0x0, 0x0, 0x0, 0x0, 0x0, 0x0, 0x0,

    /* U+4F4D "位" */
    0x0, 0x0, 0x20, 0x0, 0x4, 0x20, 0x0, 0x0,
    0x0, 0x2, 0xf7, 0x0, 0xe, 0x90, 0x0, 0x0,
    0x0, 0xa, 0xf1, 0x0, 0xa, 0xe0, 0x0, 0x0,
    0x0, 0x2f, 0x82, 0x88, 0x8a, 0xa8, 0x88, 0x40,
    0x0, 0xbf, 0x24, 0xff, 0xff, 0xff, 0xff, 0x70,
    0x6, 0xff, 0x10, 0x2, 0x0, 0x0, 0x52, 0x0,
    0x4f, 0xff, 0x10, 0x3f, 0x40, 0x0, 0xf9, 0x0,
    0x4d, 0x8f, 0x10, 0xf, 0x70, 0x3, 0xf5, 0x0,
    0x1, 0x6f, 0x10, 0xd, 0xa0, 0x5, 0xf2, 0x0,
    0x0, 0x6f, 0x10, 0xa, 0xd0, 0x8, 0xf0, 0x0,
    0x0, 0x6f, 0x10, 0x7, 0xf0, 0xb, 0xb0, 0x0,
    0x0, 0x6f, 0x10, 0x5, 0xf2, 0xe, 0x70, 0x0,
    0x0, 0x6f, 0x10, 0x2, 0x40, 0x3f, 0x30, 0x0,
    0x0, 0x6f, 0x1e, 0xff, 0xff, 0xff, 0xff, 0xf1,
    0x0, 0x6f, 0x17, 0x77, 0x77, 0x77, 0x77, 0x70,

    /* U+4F4F "住" */
    0x0, 0x0, 0x40, 0x0, 0x6, 0x10, 0x0, 0x0,
    0x0, 0x4, 0xf7, 0x0, 0x1f, 0xa0, 0x0, 0x0,
    0x0, 0xc, 0xe0, 0x0, 0x8, 0xf2, 0x0, 0x0,
    0x0, 0x3f, 0x74, 0x66, 0x68, 0xb7, 0x66, 0x60,
    0x0, 0xdf, 0x19, 0xff, 0xff, 0xff, 0xff, 0xf1,
    0x9, 0xff, 0x10, 0x0, 0x8, 0xf0, 0x0, 0x0,
    0x6f, 0xff, 0x10, 0x0, 0x8, 0xf0, 0x0, 0x0,
    0x2b, 0x7f, 0x10, 0x0, 0x8, 0xf0, 0x0, 0x0,
    0x0, 0x7f, 0x11, 0xff, 0xff, 0xff, 0xff, 0xa0,
    0x0, 0x7f, 0x10, 0x77, 0x7c, 0xf7, 0x77, 0x50,
    0x0, 0x7f, 0x10, 0x0, 0x8, 0xf0, 0x0, 0x0,
    0x0, 0x7f, 0x10, 0x0, 0x8, 0xf0, 0x0, 0x0,
    0x0, 0x7f, 0x10, 0x0, 0x8, 0xf0, 0x0, 0x0,
    0x0, 0x7f, 0x17, 0x77, 0x7c, 0xf7, 0x77, 0x72,
    0x0, 0x7f, 0x1f, 0xff, 0xff, 0xff, 0xff, 0xf5,

    /* U+4F59 "余" */
    0x0, 0x0, 0x0, 0x0, 0x30, 0x0, 0x0, 0x0,
    0x0, 0x0, 0x0, 0xa, 0xf4, 0x0, 0x0, 0x0,
    0x0, 0x0, 0x0, 0xaf, 0xde, 0x30, 0x0, 0x0,
    0x0, 0x0, 0x2d, 0xe3, 0xb, 0xf7, 0x0, 0x0,
    0x0, 0x8, 0xfc, 0x10, 0x0, 0x9f, 0xd5, 0x0,
    0x6, 0xef, 0xe7, 0x66, 0x66, 0x6b, 0xff, 0xd5,
    0x2e, 0xc3, 0xff, 0xff, 0xff, 0xff, 0x56, 0xe6,
    0x1, 0x0, 0x0, 0x8, 0xf0, 0x0, 0x0, 0x0,
    0x1, 0x77, 0x77, 0x7c, 0xf8, 0x77, 0x77, 0x50,
    0x3, 0xff, 0xff, 0xff, 0xff, 0xff, 0xff, 0xb0,
    0x0, 0x0, 0x30, 0x8, 0xf0, 0x3, 0x0, 0x0,
    0x0, 0x7, 0xf6, 0x8, 0xf0, 0x3f, 0xb1, 0x0,
    0x0, 0x8f, 0x80, 0x8, 0xf0, 0x4, 0xed, 0x10,
    0xa, 0xf6, 0x5, 0x6c, 0xf0, 0x0, 0x3e, 0xc0,
    0x0, 0x30, 0x8, 0xfe, 0x80, 0x0, 0x2, 0x0,
    0x0, 0x0, 0x0, 0x0, 0x0, 0x0, 0x0, 0x0,

    /* U+4F73 "佳" */
    0x0, 0x1, 0xa3, 0x0, 0xa, 0xe0, 0x0, 0x0,
    0x0, 0x7, 0xf2, 0x0, 0xa, 0xe0, 0x0, 0x0,
    0x0, 0xe, 0xc0, 0x77, 0x7d, 0xf7, 0x77, 0x20,
    0x0, 0x5f, 0x60, 0xff, 0xff, 0xff, 0xff, 0x50,
    0x0, 0xdf, 0x0, 0x0, 0xa, 0xe0, 0x0, 0x0,
    0x8, 0xff, 0x1, 0x11, 0x1b, 0xe1, 0x11, 0x10,
    0x4f, 0xff, 0xc, 0xff, 0xff, 0xff, 0xff, 0xf1,
    0x2e, 0x9f, 0x4, 0x55, 0x55, 0x55, 0x55, 0x50,
    0x1, 0x7f, 0x0, 0x0, 0x9, 0xd0, 0x0, 0x0,
    0x0, 0x7f, 0x2, 0x77, 0x7d, 0xf7, 0x77, 0x40,
    0x0, 0x7f, 0x5, 0xff, 0xff, 0xff, 0xff, 0x90,
    0x0, 0x7f, 0x0, 0x0, 0xa, 0xe0, 0x0, 0x0,
    0x0, 0x7f, 0x0, 0x0, 0xa, 0xe0, 0x0, 0x0,
    0x0, 0x7f, 0x27, 0x77, 0x7d, 0xf7, 0x77, 0x72,
    0x0, 0x7f, 0x4f, 0xff, 0xff, 0xff, 0xff, 0xf5,

    /* U+4F7F "使" */
    0x0, 0x0, 0x0, 0x0, 0x0, 0x0, 0x0, 0x0,
    0x0, 0x1, 0xd4, 0x0, 0xa, 0xd0, 0x0, 0x0,
    0x0, 0x8, 0xf2, 0x0, 0xa, 0xd0, 0x0, 0x0,
    0x0, 0xf, 0xbe, 0xff, 0xff, 0xff, 0xff, 0xf4,
    0x0, 0x7f, 0x56, 0x66, 0x6d, 0xe6, 0x66, 0x62,
    0x2, 0xff, 0x10, 0x11, 0x1b, 0xd1, 0x11, 0x10,
    0xc, 0xff, 0x18, 0xff, 0xff, 0xff, 0xff, 0xc0,
    0x8f, 0xcf, 0x18, 0xe2, 0x2b, 0xd2, 0x2b, 0xc0,
    0x38, 0x5f, 0x18, 0xd0, 0xa, 0xd0, 0xa, 0xc0,
    0x0, 0x5f, 0x18, 0xff, 0xff, 0xff, 0xff, 0xc0,
    0x0, 0x5f, 0x13, 0xa5, 0x4e, 0xc4, 0x44, 0x40,
    0x0, 0x5f, 0x12, 0xe9, 0x1f, 0x70, 0x0, 0x0,
    0x0, 0x5f, 0x10, 0x3f, 0xdf, 0x10, 0x0, 0x0,
    0x0, 0x5f, 0x10, 0xb, 0xff, 0x93, 0x0, 0x0,
    0x0, 0x5f, 0x39, 0xef, 0x77, 0xdf, 0xeb, 0x82,
    0x0, 0x5f, 0x2c, 0x82, 0x0, 0x4, 0x8b, 0xc0,

    /* U+4FDD "保" */
    0x0, 0x0, 0x83, 0x0, 0x0, 0x0, 0x0, 0x0,
    0x0, 0x5, 0xf4, 0xef, 0xff, 0xff, 0xff, 0x70,
    0x0, 0xd, 0xd0, 0xea, 0x55, 0x55, 0x5f, 0x70,
    0x0, 0x5f, 0x60, 0xe7, 0x0, 0x0, 0xf, 0x70,
    0x1, 0xef, 0x10, 0xe7, 0x0, 0x0, 0xf, 0x70,
    0xa, 0xff, 0x10, 0xef, 0xff, 0xff, 0xff, 0x70,
    0x7f, 0xdf, 0x10, 0x56, 0x6b, 0xf6, 0x66, 0x30,
    0x2a, 0x5f, 0x10, 0x0, 0x8, 0xf0, 0x0, 0x0,
    0x0, 0x5f, 0x2f, 0xff, 0xff, 0xff, 0xff, 0xf5,
    0x0, 0x5f, 0x16, 0x66, 0xcf, 0xff, 0x76, 0x62,
    0x0, 0x5f, 0x10, 0x5, 0xfe, 0xfe, 0xa0, 0x0,
    0x0, 0x5f, 0x10, 0x4f, 0xa8, 0xf3, 0xf8, 0x0,
    0x0, 0x5f, 0x28, 0xfc, 0x8, 0xf0, 0x6f, 0xb1,
    0x0, 0x5f, 0x5f, 0x90, 0x8, 0xf0, 0x5, 0xf7,
    0x0, 0x5f, 0x12, 0x0, 0x8, 0xf0, 0x0, 0x20,

    /* U+4FE1 "信" */
    0x0, 0x1, 0x40, 0x0, 0x6, 0x0, 0x0, 0x0,
    0x0, 0x7, 0xf1, 0x0, 0x1f, 0x80, 0x0, 0x0,
    0x0, 0xe, 0xa0, 0x0, 0x8, 0xc0, 0x0, 0x0,
    0x0, 0x5f, 0x3f, 0xff, 0xff, 0xff, 0xff, 0xf3,
    0x0, 0xcf, 0x4, 0x44, 0x44, 0x44, 0x44, 0x41,
    0x7, 0xff, 0x0, 0x55, 0x55, 0x55, 0x55, 0x0,
    0x3f, 0xff, 0x0, 0xcd, 0xdd, 0xdd, 0xdd, 0x0,
    0x3d, 0x7f, 0x0, 0x33, 0x33, 0x33, 0x33, 0x0,
    0x0, 0x5f, 0x0, 0xdf, 0xff, 0xff, 0xff, 0x0,
    0x0, 0x5f, 0x0, 0x0, 0x0, 0x0, 0x0, 0x0,
    0x0, 0x5f, 0x1, 0xff, 0xff, 0xff, 0xff, 0x30,
    0x0, 0x5f, 0x1, 0xf6, 0x44, 0x44, 0x6f, 0x30,
    0x0, 0x5f, 0x1, 0xf3, 0x0, 0x0, 0x2f, 0x30,
    0x0, 0x5f, 0x1, 0xf6, 0x44, 0x44, 0x6f, 0x30,
    0x0, 0x5f, 0x1, 0xff, 0xff, 0xff, 0xff, 0x30,
    0x0, 0x0, 0x0, 0x0, 0x0, 0x0, 0x0, 0x0,

    /* U+503C "值" */
    0x0, 0x0, 0x0, 0x0, 0x0, 0x0, 0x0, 0x0,
    0x0, 0x0, 0xb3, 0x0, 0x7, 0xf2, 0x0, 0x0,
    0x0, 0x7, 0xf2, 0x0, 0x8, 0xf0, 0x0, 0x0,
    0x0, 0xd, 0xc8, 0xff, 0xff, 0xff, 0xff, 0xf1,
    0x0, 0x5f, 0x53, 0x55, 0x5e, 0xb5, 0x55, 0x50,
    0x0, 0xdf, 0x0, 0x23, 0x3f, 0x83, 0x33, 0x0,
    0x7, 0xfe, 0x0, 0xcf, 0xff, 0xff, 0xff, 0x20,
    0x3f, 0xfe, 0x0, 0xc8, 0x0, 0x0, 0x4f, 0x20,
    0x1d, 0x9e, 0x0, 0xcf, 0xff, 0xff, 0xff, 0x20,
    0x0, 0x7e, 0x0, 0xc9, 0x0, 0x0, 0x4f, 0x20,
    0x0, 0x7e, 0x0, 0xce, 0xdd, 0xdd, 0xef, 0x20,
    0x0, 0x7e, 0x0, 0xc9, 0x11, 0x11, 0x5f, 0x20,
    0x0, 0x7e, 0x0, 0xce, 0xcc, 0xcc, 0xdf, 0x20,
    0x0, 0x7e, 0x0, 0xcb, 0x44, 0x44, 0x7f, 0x20,
    0x0, 0x7e, 0x14, 0xda, 0x44, 0x44, 0x7f, 0x62,
    0x0, 0x7e, 0x4f, 0xff, 0xff, 0xff, 0xff, 0xf7,

    /* U+5145 "充" */
    0x0, 0x0, 0x0, 0x16, 0x30, 0x0, 0x0, 0x0,
    0x0, 0x0, 0x0, 0x1e, 0xd0, 0x0, 0x0, 0x0,
    0x0, 0x0, 0x0, 0x7, 0xe3, 0x0, 0x0, 0x0,
    0xf, 0xff, 0xff, 0xff, 0xff, 0xff, 0xff, 0xf0,
    0x7, 0x77, 0x8f, 0xe7, 0x77, 0x87, 0x77, 0x70,
    0x0, 0x0, 0xbf, 0x30, 0x2, 0xf9, 0x0, 0x0,
    0x0, 0xb, 0xf3, 0x0, 0x0, 0x4f, 0xb0, 0x0,
    0x0, 0xef, 0xed, 0xde, 0xef, 0xff, 0xfc, 0x0,
    0x0, 0xbc, 0xbe, 0xf8, 0x7f, 0xc5, 0x6f, 0x80,
    0x0, 0x0, 0xe, 0xc0, 0xf, 0xa0, 0x3, 0x0,
    0x0, 0x0, 0x2f, 0x90, 0xf, 0xa0, 0x0, 0x0,
    0x0, 0x0, 0x9f, 0x30, 0xf, 0xa0, 0x0, 0xd3,
    0x0, 0x6, 0xfc, 0x0, 0xf, 0xa0, 0x1, 0xf5,
    0x4, 0xbf, 0xd1, 0x0, 0xf, 0xe7, 0x7a, 0xf2,
    0xd, 0xfa, 0x10, 0x0, 0x7, 0xff, 0xff, 0x90,
    0x2, 0x10, 0x0, 0x0, 0x0, 0x0, 0x0, 0x0,

    /* U+5148 "先" */
    0x0, 0x3, 0x71, 0xb, 0xc0, 0x0, 0x0, 0x0,
    0x0, 0x9, 0xf1, 0xb, 0xc0, 0x0, 0x0, 0x0,
    0x0, 0xe, 0xd2, 0x2c, 0xd2, 0x22, 0x22, 0x0,
    0x0, 0x4f, 0xff, 0xff, 0xff, 0xff, 0xfe, 0x0,
    0x0, 0xcf, 0x54, 0x4d, 0xd4, 0x44, 0x44, 0x0,
    0x4, 0xf6, 0x0, 0xb, 0xc0, 0x0, 0x0, 0x0,
    0x0, 0x40, 0x0, 0xb, 0xc0, 0x0, 0x0, 0x0,
    0x1f, 0xff, 0xff, 0xff, 0xff, 0xff, 0xff, 0xf1,
    0x7, 0x77, 0x8f, 0xb7, 0x7d, 0xe7, 0x77, 0x70,
    0x0, 0x0, 0x3f, 0x50, 0xb, 0xc0, 0x0, 0x0,
    0x0, 0x0, 0x7f, 0x20, 0xb, 0xc0, 0x0, 0x0,
    0x0, 0x0, 0xec, 0x0, 0xb, 0xc0, 0x1, 0x81,
    0x0, 0xb, 0xf5, 0x0, 0xb, 0xc0, 0x2, 0xf3,
    0x5, 0xdf, 0x70, 0x0, 0xa, 0xe7, 0x7a, 0xf1,
    0x1e, 0xd5, 0x0, 0x0, 0x4, 0xef, 0xff, 0x80,
    0x1, 0x0, 0x0, 0x0, 0x0, 0x0, 0x0, 0x0,

    /* U+5165 "入" */
    0x0, 0x0, 0x1, 0x0, 0x0, 0x0, 0x0, 0x0,
    0x0, 0x0, 0x1e, 0x60, 0x0, 0x0, 0x0, 0x0,
    0x0, 0x0, 0x1c, 0xf6, 0x0, 0x0, 0x0, 0x0,
    0x0, 0x0, 0x0, 0xcf, 0x30, 0x0, 0x0, 0x0,
    0x0, 0x0, 0x0, 0x1f, 0xd0, 0x0, 0x0, 0x0,
    0x0, 0x0, 0x0, 0x2f, 0xf6, 0x0, 0x0, 0x0,
    0x0, 0x0, 0x0, 0x7f, 0xee, 0x10, 0x0, 0x0,
    0x0, 0x0, 0x0, 0xcf, 0x3f, 0x90, 0x0, 0x0,
    0x0, 0x0, 0x4, 0xf9, 0xa, 0xf2, 0x0, 0x0,
    0x0, 0x0, 0xc, 0xf2, 0x2, 0xfc, 0x0, 0x0,
    0x0, 0x0, 0x6f, 0x90, 0x0, 0x9f, 0x60, 0x0,
    0x0, 0x4, 0xfe, 0x10, 0x0, 0x1e, 0xf3, 0x0,
    0x0, 0x5f, 0xf3, 0x0, 0x0, 0x3, 0xff, 0x40,
    0xa, 0xff, 0x40, 0x0, 0x0, 0x0, 0x6f, 0xf5,
    0xb, 0xc2, 0x0, 0x0, 0x0, 0x0, 0x3, 0xe1,
    0x0, 0x0, 0x0, 0x0, 0x0, 0x0, 0x0, 0x0,

    /* U+516C "公" */
    0x0, 0x0, 0x0, 0x0, 0x0, 0x10, 0x0, 0x0,
    0x0, 0x0, 0x5e, 0x50, 0x5, 0xf3, 0x0, 0x0,
    0x0, 0x0, 0xdf, 0x10, 0x0, 0xec, 0x0, 0x0,
    0x0, 0x6, 0xf7, 0x0, 0x0, 0x5f, 0x80, 0x0,
    0x0, 0x1e, 0xe0, 0x0, 0x0, 0xb, 0xf5, 0x0,
    0x0, 0xcf, 0x50, 0x8, 0x20, 0x1, 0xef, 0x30,
    0xb, 0xf9, 0x0, 0x6f, 0x90, 0x0, 0x3f, 0xf3,
    0x8, 0xa0, 0x0, 0xee, 0x10, 0x0, 0x4, 0xa0,
    0x0, 0x0, 0x8, 0xf6, 0x0, 0x0, 0x0, 0x0,
    0x0, 0x0, 0x2f, 0xc0, 0x1, 0xb7, 0x0, 0x0,
    0x0, 0x0, 0xce, 0x20, 0x0, 0xbf, 0x30, 0x0,
    0x0, 0x9, 0xf5, 0x0, 0x0, 0x1e, 0xe1, 0x0,
    0x0, 0x9f, 0xe9, 0xab, 0xcd, 0xef, 0xf9, 0x0,
    0x0, 0xcf, 0xff, 0xed, 0xca, 0x98, 0xcf, 0x30,
    0x0, 0x33, 0x10, 0x0, 0x0, 0x0, 0x2f, 0x80,
    0x0, 0x0, 0x0, 0x0, 0x0, 0x0, 0x1, 0x0,

    /* U+5199 "写" */
    0xef, 0xff, 0xff, 0xff, 0xff, 0xff, 0xfa, 0xeb,
    0x68, 0xa6, 0x66, 0x66, 0x66, 0xfa, 0xe9, 0x9,
    0xf0, 0x0, 0x0, 0x0, 0xea, 0x53, 0xc, 0xe5,
    0x55, 0x55, 0x53, 0x53, 0x0, 0xf, 0xff, 0xff,
    0xff, 0xf9, 0x0, 0x0, 0x2f, 0x60, 0x0, 0x0,
    0x0, 0x0, 0x0, 0x5f, 0x64, 0x44, 0x44, 0x44,
    0x0, 0x0, 0x9f, 0xff, 0xff, 0xff, 0xff, 0x10,
    0x0, 0x0, 0x0, 0x0, 0x0, 0x8f, 0x0, 0x46,
    0x66, 0x66, 0x66, 0x61, 0x9d, 0x0, 0xaf, 0xff,
    0xff, 0xff, 0xf3, 0xcb, 0x0, 0x0, 0x0, 0x0,
    0x0, 0x0, 0xf8, 0x0, 0x0, 0x0, 0x0, 0x46,
    0x5a, 0xf3, 0x0, 0x0, 0x0, 0x0, 0x6f, 0xff,
    0x80, 0x0, 0x0, 0x0, 0x0, 0x0, 0x0, 0x0,
    0x0,

    /* U+51C6 "准" */
    0x0, 0x0, 0x0, 0x7, 0x20, 0x52, 0x0, 0x0,
    0x1c, 0x50, 0x0, 0x6f, 0x20, 0xdb, 0x0, 0x0,
    0xc, 0xe1, 0x0, 0xdc, 0x0, 0x5f, 0x20, 0x0,
    0x3, 0xf8, 0x4, 0xff, 0xee, 0xef, 0xee, 0xe1,
    0x0, 0xbe, 0xc, 0xf7, 0x66, 0xbf, 0x66, 0x60,
    0x0, 0x21, 0x6f, 0xf1, 0x0, 0x8e, 0x0, 0x0,
    0x0, 0x3, 0xfe, 0xf7, 0x55, 0xbf, 0x55, 0x40,
    0x0, 0x6, 0xd5, 0xff, 0xff, 0xff, 0xff, 0xb0,
    0x0, 0x3, 0x4, 0xf1, 0x0, 0x8e, 0x0, 0x0,
    0x0, 0x4f, 0x44, 0xf6, 0x55, 0xbf, 0x55, 0x40,
    0x0, 0xbe, 0x4, 0xff, 0xff, 0xff, 0xff, 0xb0,
    0x2, 0xf8, 0x4, 0xf1, 0x0, 0x8e, 0x0, 0x0,
    0xa, 0xf2, 0x4, 0xf3, 0x11, 0x9e, 0x11, 0x10,
    0x2f, 0xa0, 0x4, 0xff, 0xff, 0xff, 0xff, 0xf5,
    0x2, 0x20, 0x4, 0xf5, 0x33, 0x33, 0x33, 0x31,

    /* U+51FA "出" */
    0x0, 0x0, 0x0, 0xfa, 0x0, 0x0, 0x0, 0x1,
    0x10, 0x0, 0xfa, 0x0, 0x2, 0x10, 0xd, 0xc0,
    0x0, 0xfa, 0x0, 0xf, 0xa0, 0xd, 0xc0, 0x0,
    0xfa, 0x0, 0xf, 0xa0, 0xd, 0xc0, 0x0, 0xfa,
    0x0, 0xf, 0xa0, 0xd, 0xc0, 0x0, 0xfa, 0x0,
    0xf, 0xa0, 0xd, 0xff, 0xff, 0xff, 0xff, 0xff,
    0xa0, 0x6, 0x88, 0x88, 0xfd, 0x88, 0x88, 0x50,
    0x7c, 0x10, 0x0, 0xfa, 0x0, 0x5, 0xd3, 0x9f,
    0x10, 0x0, 0xfa, 0x0, 0x6, 0xf4, 0x9f, 0x10,
    0x0, 0xfa, 0x0, 0x6, 0xf4, 0x9f, 0x10, 0x0,
    0xfa, 0x0, 0x6, 0xf4, 0x9f, 0x10, 0x0, 0xfa,
    0x0, 0x6, 0xf4, 0x9f, 0xff, 0xff, 0xff, 0xff,
    0xff, 0xf4, 0x47, 0x77, 0x77, 0x77, 0x77, 0x7a,
    0xf4,

    /* U+51FB "击" */
    0x0, 0x0, 0x0, 0xb, 0xd0, 0x0, 0x0, 0x0,
    0x0, 0x0, 0x0, 0xb, 0xd0, 0x0, 0x0, 0x0,
    0x0, 0x0, 0x0, 0xb, 0xd0, 0x0, 0x0, 0x0,
    0x0, 0xef, 0xff, 0xff, 0xff, 0xff, 0xff, 0x0,
    0x0, 0x67, 0x77, 0x7d, 0xe7, 0x77, 0x77, 0x0,
    0x0, 0x0, 0x0, 0xb, 0xd0, 0x0, 0x0, 0x0,
    0x7, 0x77, 0x77, 0x7d, 0xe7, 0x77, 0x77, 0x70,
    0xf, 0xff, 0xff, 0xff, 0xff, 0xff, 0xff, 0xf1,
    0x0, 0x22, 0x0, 0xb, 0xd0, 0x0, 0x22, 0x0,
    0x0, 0xbd, 0x0, 0xb, 0xd0, 0x0, 0xcb, 0x0,
    0x0, 0xbd, 0x0, 0xb, 0xd0, 0x0, 0xcb, 0x0,
    0x0, 0xbd, 0x0, 0xb, 0xd0, 0x0, 0xcb, 0x0,
    0x0, 0xbd, 0x0, 0xb, 0xd0, 0x0, 0xcb, 0x0,
    0x0, 0xbf, 0xff, 0xff, 0xff, 0xff, 0xfb, 0x0,
    0x0, 0x68, 0x88, 0x88, 0x88, 0x88, 0xeb, 0x0,

    /* U+5206 "分" */
    0x0, 0x0, 0x1, 0x0, 0x0, 0x10, 0x0, 0x0,
    0x0, 0x0, 0x5f, 0x70, 0x4, 0xf4, 0x0, 0x0,
    0x0, 0x0, 0xdf, 0x10, 0x0, 0xdd, 0x0, 0x0,
    0x0, 0x6, 0xf8, 0x0, 0x0, 0x4f, 0x90, 0x0,
    0x0, 0x2e, 0xd0, 0x0, 0x0, 0x9, 0xf6, 0x0,
    0x1, 0xdf, 0x30, 0x0, 0x0, 0x0, 0xcf, 0x50,
    0x1d, 0xfd, 0x88, 0x88, 0x88, 0x88, 0xae, 0xf3,
    0x9, 0x7e, 0xff, 0xff, 0xff, 0xff, 0xf3, 0x80,
    0x0, 0x0, 0x3, 0xf6, 0x0, 0x9, 0xf0, 0x0,
    0x0, 0x0, 0x7, 0xf2, 0x0, 0xa, 0xe0, 0x0,
    0x0, 0x0, 0xd, 0xd0, 0x0, 0xb, 0xd0, 0x0,
    0x0, 0x0, 0x7f, 0x60, 0x0, 0xd, 0xc0, 0x0,
    0x0, 0x7, 0xfc, 0x0, 0x0, 0xf, 0xa0, 0x0,
    0x5, 0xdf, 0xc0, 0x1, 0x87, 0xaf, 0x60, 0x0,
    0x9, 0xe7, 0x0, 0x0, 0xef, 0xfb, 0x0, 0x0,
    0x0, 0x0, 0x0, 0x0, 0x0, 0x0, 0x0, 0x0,

    /* U+5230 "到" */
    0x0, 0x0, 0x0, 0x0, 0x0, 0x0, 0xe, 0x80,
    0xef, 0xff, 0xff, 0xff, 0x50, 0x0, 0xe8, 0x4,
    0x5d, 0xe5, 0x65, 0x51, 0xe6, 0xe, 0x80, 0x3,
    0xf5, 0xd, 0x90, 0xe, 0x60, 0xe8, 0x0, 0xbc,
    0x0, 0x5f, 0x40, 0xe6, 0xe, 0x80, 0x6f, 0xee,
    0xff, 0xfd, 0xe, 0x60, 0xe8, 0x2, 0xa8, 0x65,
    0x33, 0xc1, 0xe6, 0xe, 0x80, 0x0, 0x7, 0xf0,
    0x0, 0xe, 0x60, 0xe8, 0x2, 0x55, 0xaf, 0x55,
    0x50, 0xe6, 0xe, 0x80, 0x8f, 0xff, 0xff, 0xff,
    0xe, 0x60, 0xe8, 0x0, 0x11, 0x8f, 0x11, 0x10,
    0xe6, 0xe, 0x80, 0x0, 0x7, 0xf0, 0x1, 0x9,
    0x40, 0xe8, 0x0, 0x3, 0xaf, 0xbe, 0xf3, 0x0,
    0xe, 0x80, 0xdf, 0xff, 0xc9, 0x63, 0x1, 0x77,
    0xf7, 0x7, 0x52, 0x0, 0x0, 0x0, 0xe, 0xfc,
    0x20, 0x0, 0x0, 0x0, 0x0, 0x0, 0x0, 0x0,

    /* U+5269 "剩" */
    0x0, 0x2, 0x35, 0x7a, 0xc1, 0x0, 0x8, 0xe0,
    0x9f, 0xff, 0xff, 0xd9, 0x20, 0x0, 0x8e, 0x1,
    0x33, 0x6f, 0x30, 0x0, 0x2c, 0x28, 0xe2, 0xdd,
    0xdd, 0xfd, 0xdd, 0xd5, 0xf3, 0x8e, 0x17, 0x89,
    0x9f, 0x99, 0x77, 0x4f, 0x38, 0xe0, 0x2, 0xf3,
    0xf3, 0xf1, 0x22, 0xf3, 0x8e, 0xe, 0xff, 0x3f,
    0x3f, 0xda, 0x2f, 0x38, 0xe0, 0x3, 0xf3, 0xf3,
    0xf5, 0x2, 0xf3, 0x8e, 0x9, 0xdf, 0x3f, 0x3f,
    0x1b, 0x5f, 0x38, 0xe0, 0x85, 0xf6, 0xf4, 0xaf,
    0xc3, 0xf3, 0x8e, 0x0, 0x4, 0xff, 0xf6, 0x0,
    0x2f, 0x38, 0xe0, 0x2, 0xed, 0xf9, 0xfb, 0x10,
    0x20, 0x8e, 0x5, 0xfc, 0x3f, 0x32, 0xdc, 0x0,
    0x8, 0xe2, 0xfc, 0x13, 0xf3, 0x1, 0x20, 0x56,
    0xcd, 0x3, 0x0, 0x3e, 0x30, 0x0, 0x9, 0xfe,
    0x60, 0x0, 0x0, 0x0, 0x0, 0x0, 0x0, 0x0,

    /* U+52A0 "加" */
    0x0, 0x1f, 0x60, 0x0, 0x0, 0x0, 0x0, 0x0,
    0x1, 0xf6, 0x0, 0x0, 0x0, 0x0, 0x0, 0x0,
    0x1f, 0x60, 0x0, 0xc, 0xdd, 0xdd, 0x81, 0x88,
    0xfb, 0x88, 0x70, 0xef, 0xee, 0xf9, 0x2f, 0xff,
    0xff, 0xfe, 0xe, 0x80, 0xe, 0x90, 0x2, 0xf5,
    0x8, 0xe0, 0xe8, 0x0, 0xe9, 0x0, 0x3f, 0x40,
    0x9d, 0xe, 0x80, 0xe, 0x90, 0x4, 0xf3, 0x9,
    0xd0, 0xe8, 0x0, 0xe9, 0x0, 0x6f, 0x10, 0xad,
    0xe, 0x80, 0xe, 0x90, 0x8, 0xe0, 0xa, 0xc0,
    0xe8, 0x0, 0xe9, 0x0, 0xcb, 0x0, 0xbc, 0xe,
    0x80, 0xe, 0x90, 0x1f, 0x70, 0xc, 0xb0, 0xe8,
    0x0, 0xe9, 0x7, 0xf1, 0x0, 0xe9, 0xe, 0xc7,
    0x7f, 0x92, 0xfb, 0x28, 0xaf, 0x60, 0xef, 0xff,
    0xf9, 0x4e, 0x10, 0xff, 0xb1, 0xe, 0x80, 0xc,
    0x80, 0x10, 0x0, 0x0, 0x0, 0x0, 0x0, 0x0,

    /* U+52A8 "动" */
    0x0, 0x0, 0x0, 0x0, 0x0, 0xcb, 0x0, 0x0,
    0x2, 0x33, 0x33, 0x32, 0x0, 0xcb, 0x0, 0x0,
    0x9, 0xff, 0xff, 0xfa, 0x0, 0xcb, 0x0, 0x0,
    0x1, 0x11, 0x11, 0x11, 0x0, 0xca, 0x0, 0x0,
    0x0, 0x0, 0x0, 0x0, 0xce, 0xff, 0xee, 0xe2,
    0x16, 0x66, 0x66, 0x66, 0x89, 0xfd, 0x9b, 0xf2,
    0x2f, 0xff, 0xff, 0xfe, 0x0, 0xf8, 0x5, 0xf2,
    0x0, 0x2f, 0x50, 0x0, 0x0, 0xf6, 0x6, 0xf1,
    0x0, 0x6f, 0x3, 0xb0, 0x2, 0xf5, 0x6, 0xf0,
    0x0, 0xba, 0x1, 0xf4, 0x6, 0xf1, 0x7, 0xf0,
    0x1, 0xf5, 0x2, 0xdb, 0xa, 0xe0, 0x8, 0xf0,
    0x9, 0xfb, 0xef, 0xff, 0x2f, 0x90, 0xa, 0xd0,
    0xd, 0xfb, 0x73, 0x1a, 0xaf, 0x20, 0xc, 0xb0,
    0x2, 0x0, 0x0, 0x4, 0xfa, 0x46, 0x8f, 0x80,
    0x0, 0x0, 0x0, 0x5, 0xd1, 0x4f, 0xfc, 0x10,
    0x0, 0x0, 0x0, 0x0, 0x0, 0x0, 0x0, 0x0,

    /* U+52FF "勿" */
    0x0, 0x0, 0x62, 0x0, 0x0, 0x0, 0x0, 0x0,
    0x0, 0x3f, 0x80, 0x0, 0x0, 0x0, 0x0, 0x0,
    0x9, 0xf3, 0x0, 0x0, 0x0, 0x0, 0x0, 0x0,
    0xff, 0xff, 0xff, 0xff, 0xff, 0xfe, 0x0, 0x7f,
    0x97, 0xee, 0x78, 0xfb, 0x7d, 0xd0, 0x1f, 0xc0,
    0x2f, 0x70, 0x5f, 0x30, 0xbc, 0xc, 0xf3, 0x8,
    0xf1, 0x9, 0xf0, 0xc, 0xb4, 0xf6, 0x1, 0xea,
    0x0, 0xdb, 0x0, 0xda, 0x2, 0x0, 0x8f, 0x20,
    0x3f, 0x50, 0xe, 0xa0, 0x0, 0x3f, 0x90, 0x9,
    0xf0, 0x0, 0xf8, 0x0, 0x1e, 0xd0, 0x2, 0xf9,
    0x0, 0x1f, 0x70, 0x1d, 0xf3, 0x0, 0xbf, 0x10,
    0x3, 0xf5, 0x7, 0xf4, 0x0, 0x7f, 0x70, 0x0,
    0x7f, 0x30, 0x1, 0x0, 0x6f, 0xb0, 0x37, 0x7e,
    0xe0, 0x0, 0x0, 0x5, 0xb0, 0x3, 0xff, 0xe4,
    0x0, 0x0, 0x0, 0x0, 0x0, 0x0, 0x0, 0x0,

    /* U+5339 "匹" */
    0x8f, 0xff, 0xff, 0xff, 0xff, 0xff, 0xfd, 0x8,
    0xf7, 0x79, 0xf9, 0x79, 0xf9, 0x77, 0x60, 0x8e,
    0x0, 0x4f, 0x30, 0x4f, 0x30, 0x0, 0x8, 0xe0,
    0x4, 0xf2, 0x4, 0xf3, 0x0, 0x0, 0x8e, 0x0,
    0x5f, 0x10, 0x4f, 0x30, 0x0, 0x8, 0xe0, 0x8,
    0xf0, 0x4, 0xf3, 0x0, 0x0, 0x8e, 0x0, 0xac,
    0x0, 0x4f, 0x30, 0x44, 0x8, 0xe0, 0x1f, 0x80,
    0x4, 0xf3, 0x7, 0xe0, 0x8e, 0xa, 0xf2, 0x0,
    0x3f, 0x63, 0xac, 0x8, 0xe7, 0xf8, 0x0, 0x1,
    0xef, 0xff, 0x60, 0x8e, 0x17, 0x0, 0x0, 0x0,
    0x22, 0x10, 0x8, 0xe0, 0x0, 0x0, 0x0, 0x0,
    0x0, 0x0, 0x8f, 0xff, 0xff, 0xff, 0xff, 0xff,
    0xff, 0x13, 0x66, 0x66, 0x66, 0x66, 0x66, 0x66,
    0x60,

    /* U+534F "协" */
    0x0, 0x8e, 0x0, 0x0, 0x4e, 0x10, 0x0, 0x0,
    0x0, 0x8e, 0x0, 0x0, 0x5f, 0x10, 0x0, 0x0,
    0x0, 0x8e, 0x0, 0x0, 0x5f, 0x10, 0x0, 0x0,
    0x0, 0x8e, 0x0, 0xcc, 0xdf, 0xcc, 0xc5, 0x0,
    0x3f, 0xff, 0xf8, 0xcc, 0xdf, 0xcc, 0xf6, 0x0,
    0x17, 0xbf, 0x73, 0x0, 0x6f, 0x0, 0xf6, 0x0,
    0x0, 0x8e, 0x0, 0xb3, 0x8e, 0x0, 0xfb, 0x80,
    0x0, 0x8e, 0x4, 0xf1, 0xad, 0x1, 0xfc, 0xe0,
    0x0, 0x8e, 0x9, 0xd0, 0xe9, 0x1, 0xf7, 0xf3,
    0x0, 0x8e, 0x1f, 0x63, 0xf5, 0x2, 0xf4, 0xe6,
    0x0, 0x8e, 0x1a, 0xa, 0xe0, 0x3, 0xf3, 0xc9,
    0x0, 0x8e, 0x0, 0x3f, 0x70, 0x4, 0xf2, 0x0,
    0x0, 0x8e, 0x1, 0xde, 0x0, 0x7, 0xf1, 0x0,
    0x0, 0x8e, 0xc, 0xf3, 0x17, 0x6d, 0xd0, 0x0,
    0x0, 0x8e, 0x2c, 0x40, 0xe, 0xfe, 0x50, 0x0,
    0x0, 0x0, 0x0, 0x0, 0x0, 0x0, 0x0, 0x0,

    /* U+5361 "卡" */
    0x0, 0x0, 0x0, 0x2f, 0x60, 0x0, 0x0, 0x0,
    0x0, 0x0, 0x0, 0x2f, 0x60, 0x0, 0x0, 0x0,
    0x0, 0x0, 0x0, 0x2f, 0xa6, 0x66, 0x64, 0x0,
    0x0, 0x0, 0x0, 0x2f, 0xff, 0xff, 0xfa, 0x0,
    0x0, 0x0, 0x0, 0x2f, 0x60, 0x0, 0x0, 0x0,
    0x0, 0x0, 0x0, 0x2f, 0x60, 0x0, 0x0, 0x0,
    0x18, 0x88, 0x88, 0xaf, 0xb8, 0x88, 0x88, 0x82,
    0x3f, 0xff, 0xff, 0xff, 0xff, 0xff, 0xff, 0xf3,
    0x0, 0x0, 0x0, 0x1f, 0x70, 0x0, 0x0, 0x0,
    0x0, 0x0, 0x0, 0x1f, 0x77, 0x20, 0x0, 0x0,
    0x0, 0x0, 0x0, 0x1f, 0xbe, 0xfc, 0x60, 0x0,
    0x0, 0x0, 0x0, 0x1f, 0x70, 0x4b, 0xff, 0x40,
    0x0, 0x0, 0x0, 0x1f, 0x70, 0x0, 0x28, 0x0,
    0x0, 0x0, 0x0, 0x1f, 0x70, 0x0, 0x0, 0x0,
    0x0, 0x0, 0x0, 0x1f, 0x70, 0x0, 0x0, 0x0,

    /* U+5370 "印" */
    0x0, 0x0, 0x0, 0x10, 0x0, 0x0, 0x0, 0x0,
    0x0, 0x38, 0xed, 0x14, 0x77, 0x77, 0x74, 0x5,
    0xff, 0xea, 0x40, 0x9f, 0xff, 0xff, 0x90, 0x7f,
    0x30, 0x0, 0x9, 0xe0, 0x0, 0xe9, 0x7, 0xf1,
    0x0, 0x0, 0x9e, 0x0, 0xe, 0x90, 0x7f, 0x10,
    0x0, 0x9, 0xe0, 0x0, 0xe9, 0x7, 0xff, 0xff,
    0xf4, 0x9e, 0x0, 0xe, 0x90, 0x7f, 0x87, 0x77,
    0x29, 0xe0, 0x0, 0xe9, 0x7, 0xf1, 0x0, 0x0,
    0x9e, 0x0, 0xe, 0x90, 0x7f, 0x10, 0x0, 0x9,
    0xe0, 0x0, 0xe9, 0x7, 0xf1, 0x2, 0x62, 0x9e,
    0x0, 0xe, 0x90, 0xcf, 0xbe, 0xff, 0x49, 0xe0,
    0x9a, 0xf8, 0xf, 0xfd, 0x95, 0x10, 0x9e, 0xb,
    0xec, 0x20, 0x41, 0x0, 0x0, 0x9, 0xe0, 0x0,
    0x0, 0x0, 0x0, 0x0, 0x0, 0x9e, 0x0, 0x0,
    0x0,

    /* U+5373 "即" */
    0x7, 0xff, 0xff, 0xff, 0xd, 0xee, 0xee, 0x80,
    0x7f, 0x65, 0x5b, 0xf0, 0xec, 0x77, 0xf8, 0x7,
    0xf1, 0x0, 0x8f, 0xe, 0x90, 0xe, 0x80, 0x7f,
    0x76, 0x6b, 0xf0, 0xe9, 0x0, 0xe8, 0x7, 0xff,
    0xff, 0xff, 0xe, 0x90, 0xe, 0x80, 0x7f, 0x10,
    0x8, 0xf0, 0xe9, 0x0, 0xe8, 0x7, 0xf5, 0x44,
    0xbf, 0xe, 0x90, 0xe, 0x80, 0x7f, 0xff, 0xff,
    0xf0, 0xe9, 0x0, 0xe8, 0x7, 0xf2, 0x1, 0x20,
    0xe, 0x90, 0xe, 0x80, 0x7f, 0x10, 0xea, 0x0,
    0xe9, 0x11, 0xf8, 0x7, 0xf1, 0x8, 0xf4, 0xe,
    0x9a, 0xff, 0x50, 0x9f, 0x8c, 0xff, 0xc0, 0xe9,
    0x25, 0x20, 0xf, 0xfd, 0x84, 0x6f, 0x2e, 0x90,
    0x0, 0x0, 0x63, 0x0, 0x0, 0x10, 0xe9, 0x0,
    0x0,

    /* U+5382 "厂" */
    0x0, 0x78, 0x88, 0x88, 0x88, 0x88, 0x88, 0x80,
    0xd, 0xff, 0xff, 0xff, 0xff, 0xff, 0xfe, 0x0,
    0xdc, 0x0, 0x0, 0x0, 0x0, 0x0, 0x0, 0xd,
    0xc0, 0x0, 0x0, 0x0, 0x0, 0x0, 0x0, 0xdc,
    0x0, 0x0, 0x0, 0x0, 0x0, 0x0, 0xd, 0xc0,
    0x0, 0x0, 0x0, 0x0, 0x0, 0x0, 0xeb, 0x0,
    0x0, 0x0, 0x0, 0x0, 0x0, 0xf, 0xa0, 0x0,
    0x0, 0x0, 0x0, 0x0, 0x0, 0xf9, 0x0, 0x0,
    0x0, 0x0, 0x0, 0x0, 0x2f, 0x70, 0x0, 0x0,
    0x0, 0x0, 0x0, 0x6, 0xf4, 0x0, 0x0, 0x0,
    0x0, 0x0, 0x0, 0xaf, 0x0, 0x0, 0x0, 0x0,
    0x0, 0x0, 0x2f, 0xb0, 0x0, 0x0, 0x0, 0x0,
    0x0, 0x3, 0xe3, 0x0, 0x0, 0x0, 0x0, 0x0,
    0x0, 0x0, 0x0, 0x0, 0x0, 0x0, 0x0, 0x0,
    0x0,

    /* U+538B "压" */
    0x3, 0xff, 0xff, 0xff, 0xff, 0xff, 0xff, 0xf4,
    0x3, 0xf9, 0x77, 0x77, 0x77, 0x77, 0x77, 0x72,
    0x3, 0xf3, 0x0, 0x0, 0x8a, 0x0, 0x0, 0x0,
    0x3, 0xf3, 0x0, 0x0, 0xbd, 0x0, 0x0, 0x0,
    0x3, 0xf3, 0x0, 0x0, 0xbd, 0x0, 0x0, 0x0,
    0x4, 0xf3, 0x55, 0x55, 0xce, 0x55, 0x55, 0x20,
    0x4, 0xf2, 0xef, 0xff, 0xff, 0xff, 0xff, 0x70,
    0x5, 0xf2, 0x11, 0x11, 0xbd, 0x11, 0x11, 0x0,
    0x6, 0xf0, 0x0, 0x0, 0xbd, 0xc, 0x80, 0x0,
    0x7, 0xf0, 0x0, 0x0, 0xbd, 0x4, 0xf9, 0x0,
    0xa, 0xc0, 0x0, 0x0, 0xbd, 0x0, 0x5c, 0x0,
    0xe, 0x90, 0x0, 0x0, 0xbd, 0x0, 0x0, 0x0,
    0x4f, 0x4d, 0xff, 0xff, 0xff, 0xff, 0xff, 0xf2,
    0x4d, 0x6, 0x77, 0x77, 0x77, 0x77, 0x77, 0x71,
    0x0, 0x0, 0x0, 0x0, 0x0, 0x0, 0x0, 0x0,

    /* U+53D1 "发" */
    0x0, 0x0, 0x0, 0x7, 0x40, 0x2, 0x0, 0x0,
    0x0, 0xb, 0xd0, 0xf, 0xb0, 0xe, 0xb0, 0x0,
    0x0, 0x1f, 0x80, 0x3f, 0x80, 0x4, 0xf9, 0x0,
    0x0, 0x8f, 0x20, 0x6f, 0x50, 0x0, 0x63, 0x0,
    0x1, 0xff, 0xff, 0xff, 0xff, 0xff, 0xff, 0xf0,
    0x0, 0x98, 0x77, 0xfe, 0x77, 0x77, 0x77, 0x70,
    0x0, 0x0, 0x4, 0xf8, 0x0, 0x0, 0x0, 0x0,
    0x0, 0x0, 0xb, 0xff, 0xff, 0xff, 0xf8, 0x0,
    0x0, 0x0, 0x4f, 0xf9, 0x77, 0x7b, 0xf4, 0x0,
    0x0, 0x0, 0xdf, 0xdc, 0x0, 0x1e, 0xd0, 0x0,
    0x0, 0xb, 0xf6, 0x2f, 0x90, 0xbf, 0x30, 0x0,
    0x0, 0xaf, 0x90, 0x5, 0xfe, 0xf5, 0x0, 0x0,
    0x2d, 0xf9, 0x0, 0x5, 0xff, 0xe5, 0x0, 0x0,
    0x2d, 0x50, 0x27, 0xdf, 0xc5, 0xcf, 0xd8, 0x40,
    0x0, 0x0, 0xdf, 0xb4, 0x0, 0x5, 0xbf, 0xf3,
    0x0, 0x0, 0x21, 0x0, 0x0, 0x0, 0x1, 0x30,

    /* U+53D6 "取" */
    0x3f, 0xff, 0xff, 0xff, 0x0, 0x0, 0x0, 0x0,
    0x18, 0xf7, 0x5b, 0xf5, 0xdf, 0xff, 0xff, 0xd0,
    0x4, 0xf2, 0x8, 0xf0, 0x9f, 0xba, 0xad, 0xb0,
    0x4, 0xf7, 0x5b, 0xf0, 0xf, 0x50, 0xc, 0x80,
    0x4, 0xff, 0xff, 0xf0, 0xc, 0x80, 0xf, 0x50,
    0x4, 0xf2, 0x8, 0xf0, 0x9, 0xc0, 0x3f, 0x20,
    0x4, 0xf4, 0x18, 0xf0, 0x5, 0xf1, 0x9e, 0x0,
    0x4, 0xff, 0xff, 0xf0, 0x0, 0xf7, 0xe7, 0x0,
    0x4, 0xf5, 0x39, 0xf0, 0x0, 0x9f, 0xf1, 0x0,
    0x4, 0xf2, 0x8, 0xf4, 0x10, 0x4f, 0xb0, 0x0,
    0x29, 0xfc, 0xdf, 0xfe, 0x40, 0xbf, 0xe2, 0x0,
    0x3f, 0xc9, 0x7a, 0xf0, 0x8, 0xf7, 0xed, 0x10,
    0x0, 0x0, 0x8, 0xf0, 0xbf, 0x70, 0x3f, 0xe3,
    0x0, 0x0, 0x8, 0xf0, 0xc5, 0x0, 0x2, 0xb1,
    0x0, 0x0, 0x0, 0x0, 0x0, 0x0, 0x0, 0x0,

    /* U+53EF "可" */
    0x17, 0x77, 0x77, 0x77, 0x77, 0x77, 0x77, 0x71,
    0x2f, 0xff, 0xff, 0xff, 0xff, 0xff, 0xff, 0xf3,
    0x0, 0x0, 0x0, 0x0, 0x0, 0x5, 0xf5, 0x0,
    0x0, 0x0, 0x0, 0x0, 0x0, 0x4, 0xf4, 0x0,
    0x0, 0x9f, 0xff, 0xff, 0xf1, 0x4, 0xf4, 0x0,
    0x0, 0x9f, 0x77, 0x7b, 0xf1, 0x4, 0xf4, 0x0,
    0x0, 0x9e, 0x0, 0x6, 0xf1, 0x4, 0xf4, 0x0,
    0x0, 0x9e, 0x0, 0x6, 0xf1, 0x4, 0xf4, 0x0,
    0x0, 0x9e, 0x11, 0x17, 0xf1, 0x4, 0xf4, 0x0,
    0x0, 0x9f, 0xff, 0xff, 0xf1, 0x4, 0xf4, 0x0,
    0x0, 0x9e, 0x44, 0x44, 0x40, 0x4, 0xf4, 0x0,
    0x0, 0x35, 0x0, 0x0, 0x0, 0x4, 0xf4, 0x0,
    0x0, 0x0, 0x0, 0x0, 0x59, 0x8b, 0xf3, 0x0,
    0x0, 0x0, 0x0, 0x0, 0x4f, 0xfe, 0x90, 0x0,
    0x0, 0x0, 0x0, 0x0, 0x0, 0x0, 0x0, 0x0,

    /* U+53F7 "号" */
    0x0, 0x1f, 0xff, 0xff, 0xff, 0xff, 0xf1, 0x0,
    0x1, 0xf9, 0x55, 0x55, 0x55, 0xaf, 0x10, 0x0,
    0x1f, 0x50, 0x0, 0x0, 0x7, 0xf1, 0x0, 0x1,
    0xff, 0xee, 0xee, 0xee, 0xff, 0x10, 0x0, 0x6,
    0x66, 0x66, 0x66, 0x66, 0x60, 0x0, 0x11, 0x11,
    0x11, 0x11, 0x11, 0x11, 0x11, 0x1f, 0xff, 0xff,
    0xff, 0xff, 0xff, 0xff, 0xf0, 0x44, 0x4f, 0xc4,
    0x44, 0x44, 0x44, 0x44, 0x0, 0x5, 0xf8, 0x33,
    0x33, 0x33, 0x30, 0x0, 0x0, 0xbf, 0xff, 0xff,
    0xff, 0xff, 0x10, 0x0, 0x2, 0x22, 0x22, 0x22,
    0x2c, 0xe0, 0x0, 0x0, 0x0, 0x0, 0x0, 0x0,
    0xfb, 0x0, 0x0, 0x0, 0x0, 0x6, 0x65, 0xaf,
    0x60, 0x0, 0x0, 0x0, 0x0, 0xbf, 0xff, 0xa0,
    0x0, 0x0, 0x0, 0x0, 0x0, 0x0, 0x0, 0x0,
    0x0,

    /* U+540D "名" */
    0x0, 0x0, 0x0, 0x75, 0x0, 0x0, 0x0, 0x0,
    0x0, 0x8, 0xf7, 0x0, 0x0, 0x0, 0x0, 0x0,
    0x7f, 0xff, 0xff, 0xff, 0xe4, 0x0, 0x1a, 0xfa,
    0x66, 0x66, 0x7f, 0xf1, 0x6, 0xef, 0x70, 0x0,
    0x0, 0x9f, 0x60, 0x8, 0xc2, 0x8d, 0x20, 0x9,
    0xf8, 0x0, 0x0, 0x0, 0x3e, 0xe5, 0xcf, 0x70,
    0x0, 0x0, 0x0, 0x2, 0xff, 0xe4, 0x0, 0x0,
    0x0, 0x2, 0x8e, 0xff, 0x86, 0x66, 0x64, 0x19,
    0xdf, 0xff, 0xff, 0xff, 0xff, 0xf9, 0xc, 0xa7,
    0xf6, 0x0, 0x0, 0x0, 0xe9, 0x0, 0x0, 0xf6,
    0x0, 0x0, 0x0, 0xe9, 0x0, 0x0, 0xf6, 0x0,
    0x0, 0x0, 0xe9, 0x0, 0x0, 0xff, 0xff, 0xff,
    0xff, 0xf9, 0x0, 0x0, 0xfa, 0x66, 0x66, 0x66,
    0xf9, 0x0, 0x0, 0x0, 0x0, 0x0, 0x0, 0x0,

    /* U+540E "后" */
    0x0, 0x0, 0x0, 0x0, 0x0, 0x1, 0x50, 0x0,
    0x0, 0x13, 0x45, 0x78, 0xac, 0xef, 0xfb, 0x0,
    0x0, 0xaf, 0xff, 0xed, 0xba, 0x75, 0x20, 0x0,
    0x0, 0xaf, 0x10, 0x0, 0x0, 0x0, 0x0, 0x0,
    0x0, 0xaf, 0x11, 0x11, 0x11, 0x11, 0x11, 0x10,
    0x0, 0xaf, 0xff, 0xff, 0xff, 0xff, 0xff, 0xf6,
    0x0, 0xaf, 0x55, 0x55, 0x55, 0x55, 0x55, 0x52,
    0x0, 0xbe, 0x0, 0x0, 0x0, 0x0, 0x0, 0x0,
    0x0, 0xcd, 0x6, 0x77, 0x77, 0x77, 0x77, 0x0,
    0x0, 0xeb, 0xe, 0xff, 0xff, 0xff, 0xff, 0x10,
    0x0, 0xf8, 0xe, 0x90, 0x0, 0x0, 0x8f, 0x10,
    0x4, 0xf4, 0xe, 0x90, 0x0, 0x0, 0x8f, 0x10,
    0x9, 0xf0, 0xe, 0x90, 0x0, 0x0, 0x8f, 0x10,
    0x2f, 0x90, 0xe, 0xff, 0xff, 0xff, 0xff, 0x10,
    0x3c, 0x10, 0xe, 0xc7, 0x77, 0x77, 0xbf, 0x10,
    0x0, 0x0, 0x0, 0x0, 0x0, 0x0, 0x0, 0x0,

    /* U+5411 "向" */
    0x0, 0x0, 0x2, 0x95, 0x0, 0x0, 0x0, 0x0,
    0x0, 0x8, 0xf5, 0x0, 0x0, 0x0, 0x0, 0x0,
    0xe, 0xd0, 0x0, 0x0, 0x0, 0x7f, 0xff, 0xff,
    0xff, 0xff, 0xff, 0xf8, 0x8f, 0x88, 0x88, 0x88,
    0x88, 0x88, 0xf9, 0x8f, 0x0, 0x0, 0x0, 0x0,
    0x0, 0xe9, 0x8f, 0x0, 0x66, 0x66, 0x66, 0x0,
    0xe9, 0x8f, 0x2, 0xff, 0xff, 0xff, 0x20, 0xe9,
    0x8f, 0x2, 0xf3, 0x0, 0x3f, 0x20, 0xe9, 0x8f,
    0x2, 0xf3, 0x0, 0x3f, 0x20, 0xe9, 0x8f, 0x2,
    0xf8, 0x55, 0x8f, 0x20, 0xe9, 0x8f, 0x2, 0xff,
    0xff, 0xff, 0x20, 0xe9, 0x8f, 0x2, 0xf3, 0x0,
    0x0, 0x0, 0xe9, 0x8f, 0x0, 0x20, 0x0, 0x6,
    0x78, 0xf8, 0x8f, 0x0, 0x0, 0x0, 0x7, 0xff,
    0xc2, 0x0, 0x0, 0x0, 0x0, 0x0, 0x0, 0x0,

    /* U+542F "启" */
    0x0, 0x0, 0x0, 0x4, 0x30, 0x0, 0x0, 0x0,
    0x0, 0x0, 0x0, 0xdd, 0x0, 0x0, 0x0, 0x0,
    0x24, 0x44, 0x49, 0xf6, 0x44, 0x44, 0x0, 0x9,
    0xff, 0xff, 0xff, 0xff, 0xff, 0xf0, 0x0, 0x9f,
    0x22, 0x22, 0x22, 0x22, 0x8f, 0x0, 0x9, 0xf0,
    0x0, 0x0, 0x0, 0x7, 0xf0, 0x0, 0x9f, 0xff,
    0xff, 0xff, 0xff, 0xff, 0x0, 0xa, 0xf7, 0x77,
    0x77, 0x77, 0x77, 0x70, 0x0, 0xbe, 0x0, 0x0,
    0x0, 0x0, 0x0, 0x0, 0xc, 0xc7, 0xff, 0xff,
    0xff, 0xff, 0xf6, 0x0, 0xea, 0x7f, 0x55, 0x55,
    0x55, 0x7f, 0x60, 0x2f, 0x77, 0xf0, 0x0, 0x0,
    0x2, 0xf6, 0x7, 0xf2, 0x7f, 0x0, 0x0, 0x0,
    0x3f, 0x61, 0xeb, 0x7, 0xff, 0xff, 0xff, 0xff,
    0xf6, 0x3e, 0x20, 0x7f, 0x55, 0x55, 0x55, 0x7f,
    0x60, 0x0, 0x0, 0x0, 0x0, 0x0, 0x0, 0x0,

    /* U+548C "和" */
    0x0, 0x0, 0x0, 0x30, 0x0, 0x0, 0x0, 0x0,
    0x14, 0x7a, 0xef, 0x80, 0x0, 0x0, 0x0, 0xe,
    0xfe, 0xfa, 0x30, 0x9f, 0xff, 0xff, 0x90, 0x10,
    0x2f, 0x50, 0x9, 0xf6, 0x66, 0xf9, 0x0, 0x2,
    0xf5, 0x0, 0x9e, 0x0, 0xf, 0x93, 0xff, 0xff,
    0xff, 0xe9, 0xe0, 0x0, 0xf9, 0x17, 0x7d, 0xfa,
    0x76, 0x9e, 0x0, 0xf, 0x90, 0x1, 0xff, 0xd1,
    0x9, 0xe0, 0x0, 0xf9, 0x0, 0x7f, 0xff, 0xc0,
    0x9e, 0x0, 0xf, 0x90, 0xe, 0x9f, 0x7f, 0x99,
    0xe0, 0x0, 0xf9, 0x9, 0xe3, 0xf5, 0x68, 0x9e,
    0x0, 0xf, 0x94, 0xf6, 0x2f, 0x50, 0x9, 0xe2,
    0x22, 0xf9, 0x3b, 0x2, 0xf5, 0x0, 0x9f, 0xff,
    0xff, 0x90, 0x0, 0x2f, 0x50, 0x9, 0xe4, 0x44,
    0xf9, 0x0, 0x2, 0xf5, 0x0, 0x58, 0x0, 0x7,
    0x40,

    /* U+54C1 "品" */
    0x0, 0x8f, 0xff, 0xff, 0xff, 0xf7, 0x0, 0x0,
    0x8f, 0x77, 0x77, 0x77, 0xf7, 0x0, 0x0, 0x8e,
    0x0, 0x0, 0x1, 0xf7, 0x0, 0x0, 0x8e, 0x0,
    0x0, 0x1, 0xf7, 0x0, 0x0, 0x8f, 0xff, 0xff,
    0xff, 0xf7, 0x0, 0x0, 0x47, 0x77, 0x77, 0x77,
    0x73, 0x0, 0x0, 0x0, 0x0, 0x0, 0x0, 0x0,
    0x0, 0xef, 0xff, 0xff, 0x7, 0xff, 0xff, 0xfa,
    0xec, 0x88, 0xbf, 0x7, 0xf8, 0x88, 0xeb, 0xe7,
    0x0, 0x7f, 0x7, 0xf0, 0x0, 0xcb, 0xe7, 0x0,
    0x7f, 0x7, 0xf0, 0x0, 0xcb, 0xe7, 0x0, 0x7f,
    0x7, 0xf0, 0x0, 0xcb, 0xef, 0xff, 0xff, 0x7,
    0xff, 0xff, 0xfb, 0xeb, 0x77, 0xae, 0x7, 0xf7,
    0x77, 0xda,

    /* U+55B7 "喷" */
    0x0, 0x0, 0x0, 0x0, 0x6f, 0x0, 0x0, 0x9,
    0xaa, 0x90, 0xbb, 0xbd, 0xfc, 0xbb, 0x70, 0xec,
    0xce, 0x7, 0x77, 0xbf, 0x87, 0x75, 0xe, 0x43,
    0xe0, 0xa, 0x83, 0x70, 0xc6, 0x0, 0xe4, 0x3e,
    0x7d, 0xfe, 0xdd, 0xdf, 0xed, 0x3e, 0x43, 0xe5,
    0x9e, 0xd9, 0x99, 0xfc, 0x92, 0xe4, 0x3e, 0x0,
    0x86, 0x0, 0x9, 0x50, 0xe, 0x43, 0xe0, 0x7f,
    0xff, 0xff, 0xff, 0x30, 0xe4, 0x3e, 0x7, 0xe4,
    0x44, 0x46, 0xf3, 0xe, 0x77, 0xe0, 0x7d, 0x3,
    0x90, 0x2f, 0x30, 0xef, 0xfe, 0x7, 0xd0, 0x5f,
    0x2, 0xf3, 0xe, 0x51, 0x10, 0x7d, 0x7, 0xf0,
    0x2f, 0x30, 0x72, 0x0, 0x3, 0x62, 0xe9, 0x76,
    0x61, 0x0, 0x0, 0x1, 0x4a, 0xfb, 0x6, 0xde,
    0x70, 0x0, 0x0, 0xde, 0xa4, 0x0, 0x0, 0x6e,
    0x60, 0x0, 0x0, 0x0, 0x0, 0x0, 0x0, 0x0,

    /* U+5634 "嘴" */
    0x0, 0x0, 0x0, 0x1f, 0x20, 0xe6, 0x0, 0x0,
    0x0, 0x2, 0xf2, 0xf4, 0x1e, 0x62, 0x70, 0xcd,
    0xdb, 0x2f, 0x2f, 0xf9, 0xef, 0xd9, 0x1e, 0x99,
    0xd2, 0xf2, 0xf5, 0x2e, 0x70, 0x54, 0xe2, 0x4d,
    0x8f, 0xff, 0xe8, 0xbf, 0xff, 0x5e, 0x24, 0xd5,
    0x58, 0xe3, 0x12, 0x31, 0x0, 0xe2, 0x4d, 0x2,
    0xef, 0xff, 0xff, 0x40, 0xe, 0x24, 0xd4, 0xec,
    0x22, 0x4f, 0xa2, 0x20, 0xe2, 0x4d, 0xaf, 0xff,
    0xff, 0xff, 0xfe, 0xe, 0x24, 0xd0, 0xba, 0x13,
    0xf4, 0x17, 0xe0, 0xee, 0xed, 0xb, 0xff, 0xff,
    0xff, 0xfe, 0xe, 0xa9, 0x70, 0xca, 0x13, 0xf4,
    0x17, 0xe0, 0xc2, 0x0, 0xf, 0xff, 0xff, 0xff,
    0xfe, 0x0, 0x0, 0x6, 0xf2, 0x2, 0xf3, 0x6,
    0xe0, 0x0, 0x0, 0xd8, 0x0, 0x2f, 0x3e, 0xfb,
    0x0, 0x0, 0x1, 0x0, 0x0, 0x0, 0x11, 0x0,

    /* U+5668 "器" */
    0x0, 0xff, 0xff, 0xf1, 0x3f, 0xff, 0xff, 0x0,
    0x0, 0xf8, 0x48, 0xf1, 0x3f, 0x64, 0x8f, 0x0,
    0x0, 0xf5, 0x5, 0xf1, 0x3f, 0x20, 0x6f, 0x0,
    0x0, 0xf9, 0x69, 0xf1, 0x3f, 0x76, 0xaf, 0x0,
    0x0, 0xdd, 0xdd, 0xe3, 0x3d, 0xfe, 0xdd, 0x0,
    0x0, 0x0, 0x0, 0xcd, 0x0, 0x9d, 0x60, 0x0,
    0x3f, 0xff, 0xff, 0xff, 0xff, 0xff, 0xff, 0xf3,
    0x16, 0x67, 0xff, 0x76, 0x6a, 0xfb, 0x66, 0x61,
    0x0, 0x2d, 0xf5, 0x0, 0x0, 0xaf, 0x90, 0x0,
    0x19, 0xff, 0xb6, 0x60, 0x16, 0x7e, 0xff, 0x82,
    0x3f, 0xfe, 0xde, 0xf1, 0x3f, 0xed, 0xef, 0xf3,
    0x0, 0xf6, 0x5, 0xf1, 0x3f, 0x20, 0x6f, 0x10,
    0x0, 0xf9, 0x48, 0xf1, 0x3f, 0x64, 0x9f, 0x10,
    0x0, 0xff, 0xff, 0xe1, 0x3f, 0xff, 0xfe, 0x10,

    /* U+56DE "回" */
    0xaf, 0xff, 0xff, 0xff, 0xff, 0xff, 0xfe, 0xaf,
    0x88, 0x88, 0x88, 0x88, 0x88, 0xde, 0xae, 0x0,
    0x0, 0x0, 0x0, 0x0, 0xbe, 0xae, 0x0, 0x22,
    0x22, 0x22, 0x0, 0xbe, 0xae, 0x1, 0xff, 0xff,
    0xff, 0x60, 0xbe, 0xae, 0x1, 0xf7, 0x33, 0x4f,
    0x60, 0xbe, 0xae, 0x1, 0xf5, 0x0, 0x1f, 0x60,
    0xbe, 0xae, 0x1, 0xf5, 0x0, 0x1f, 0x60, 0xbe,
    0xae, 0x1, 0xf9, 0x55, 0x6f, 0x60, 0xbe, 0xae,
    0x1, 0xff, 0xff, 0xff, 0x60, 0xbe, 0xae, 0x0,
    0x0, 0x0, 0x0, 0x0, 0xbe, 0xae, 0x0, 0x0,
    0x0, 0x0, 0x0, 0xbe, 0xaf, 0xff, 0xff, 0xff,
    0xff, 0xff, 0xfe, 0xaf, 0x77, 0x77, 0x77, 0x77,
    0x77, 0xde,

    /* U+5728 "在" */
    0x0, 0x0, 0x0, 0x62, 0x0, 0x0, 0x0, 0x0,
    0x0, 0x0, 0x3, 0xf7, 0x0, 0x0, 0x0, 0x0,
    0x2, 0x22, 0x29, 0xf4, 0x22, 0x22, 0x22, 0x20,
    0xf, 0xff, 0xff, 0xff, 0xff, 0xff, 0xff, 0xf1,
    0x4, 0x44, 0xbf, 0x64, 0x44, 0x44, 0x44, 0x40,
    0x0, 0x2, 0xfa, 0x0, 0x7, 0xd0, 0x0, 0x0,
    0x0, 0xc, 0xf1, 0x0, 0x8, 0xf0, 0x0, 0x0,
    0x0, 0x9f, 0x80, 0x0, 0x8, 0xf0, 0x0, 0x0,
    0xa, 0xff, 0x70, 0xff, 0xff, 0xff, 0xff, 0x60,
    0x5f, 0xbf, 0x70, 0x55, 0x5b, 0xf6, 0x55, 0x20,
    0x6, 0x1f, 0x70, 0x0, 0x8, 0xf0, 0x0, 0x0,
    0x0, 0xf, 0x70, 0x0, 0x8, 0xf0, 0x0, 0x0,
    0x0, 0xf, 0x70, 0x0, 0x8, 0xf0, 0x0, 0x0,
    0x0, 0xf, 0x73, 0x66, 0x6b, 0xf6, 0x66, 0x60,
    0x0, 0xf, 0x79, 0xff, 0xff, 0xff, 0xff, 0xf0,

    /* U+5730 "地" */
    0x0, 0x5c, 0x0, 0x0, 0x0, 0xf7, 0x0, 0x0,
    0x0, 0x6f, 0x0, 0x0, 0x0, 0xf7, 0x0, 0x0,
    0x0, 0x6f, 0x0, 0x3f, 0x30, 0xf7, 0x0, 0x0,
    0x0, 0x6f, 0x0, 0x3f, 0x30, 0xf7, 0x7, 0x60,
    0x37, 0xbf, 0x86, 0x3f, 0x30, 0xfc, 0xef, 0xc0,
    0x5e, 0xff, 0xfb, 0x3f, 0x69, 0xff, 0xac, 0xc0,
    0x0, 0x6f, 0x0, 0x7f, 0xfe, 0xf7, 0xa, 0xc0,
    0x0, 0x6f, 0xa, 0xff, 0x70, 0xf7, 0xa, 0xc0,
    0x0, 0x6f, 0x2, 0x5f, 0x30, 0xf7, 0xa, 0xb0,
    0x0, 0x6f, 0x37, 0x3f, 0x30, 0xf7, 0x3d, 0xa0,
    0x0, 0x9f, 0xfd, 0x3f, 0x30, 0xf7, 0xee, 0x40,
    0x5f, 0xfb, 0x40, 0x3f, 0x30, 0x31, 0x0, 0x93,
    0x18, 0x20, 0x0, 0x3f, 0x40, 0x0, 0x0, 0xf6,
    0x0, 0x0, 0x0, 0x1f, 0xb6, 0x55, 0x58, 0xf3,
    0x0, 0x0, 0x0, 0x8, 0xef, 0xff, 0xff, 0x90,

    /* U+5740 "址" */
    0x0, 0x4e, 0x10, 0x0, 0x0, 0x9e, 0x0, 0x0,
    0x0, 0x5f, 0x10, 0x0, 0x0, 0x9e, 0x0, 0x0,
    0x0, 0x5f, 0x10, 0x0, 0x0, 0x9e, 0x0, 0x0,
    0x0, 0x5f, 0x10, 0x0, 0x0, 0x9e, 0x0, 0x0,
    0x38, 0xbf, 0x98, 0x3c, 0x30, 0x9e, 0x0, 0x0,
    0x4b, 0xdf, 0xcb, 0x4f, 0x40, 0x9e, 0x0, 0x0,
    0x0, 0x5f, 0x10, 0x3f, 0x40, 0x9f, 0xff, 0xf3,
    0x0, 0x5f, 0x10, 0x3f, 0x40, 0x9f, 0x66, 0x61,
    0x0, 0x5f, 0x10, 0x3f, 0x40, 0x9e, 0x0, 0x0,
    0x0, 0x5f, 0x49, 0x3f, 0x40, 0x9e, 0x0, 0x0,
    0x1, 0x9f, 0xfe, 0x5f, 0x40, 0x9e, 0x0, 0x0,
    0x5f, 0xfc, 0x50, 0x3f, 0x40, 0x9e, 0x0, 0x0,
    0x2a, 0x30, 0x0, 0x3f, 0x40, 0x9e, 0x0, 0x0,
    0x0, 0x0, 0x7, 0x9f, 0xa7, 0xcf, 0x77, 0x73,
    0x0, 0x0, 0x1f, 0xff, 0xff, 0xff, 0xff, 0xf7,

    /* U+578B "型" */
    0x0, 0x0, 0x0, 0x0, 0x0, 0x0, 0xf, 0x60,
    0x7, 0xff, 0xff, 0xff, 0xc0, 0xf6, 0xf, 0x60,
    0x2, 0x6f, 0x85, 0xfa, 0x40, 0xf6, 0xf, 0x60,
    0x0, 0xf, 0x50, 0xf7, 0x0, 0xf6, 0xf, 0x60,
    0x6, 0x6f, 0x96, 0xfa, 0x60, 0xf6, 0xf, 0x60,
    0xf, 0xff, 0xff, 0xff, 0xf2, 0xf6, 0xf, 0x60,
    0x0, 0x7f, 0x10, 0xf7, 0x0, 0x62, 0xf, 0x60,
    0x1, 0xea, 0x0, 0xf7, 0x0, 0x1, 0x2f, 0x60,
    0xe, 0xe1, 0x0, 0xf8, 0x10, 0xf, 0xff, 0x20,
    0x3, 0x10, 0x0, 0xb, 0xc0, 0x3, 0x31, 0x0,
    0x0, 0x47, 0x77, 0x7d, 0xe7, 0x77, 0x74, 0x0,
    0x0, 0x8e, 0xee, 0xef, 0xfe, 0xee, 0xe8, 0x0,
    0x0, 0x0, 0x0, 0xb, 0xc0, 0x0, 0x0, 0x0,
    0x16, 0x66, 0x66, 0x6d, 0xe6, 0x66, 0x66, 0x61,
    0x3f, 0xff, 0xff, 0xff, 0xff, 0xff, 0xff, 0xf3,

    /* U+57DF "域" */
    0x0, 0x0, 0x0, 0x0, 0x0, 0x12, 0x0, 0x0,
    0x0, 0xe7, 0x0, 0x0, 0x0, 0xac, 0x7c, 0x0,
    0x0, 0xe7, 0x0, 0x0, 0x0, 0xac, 0x2f, 0xa0,
    0x0, 0xe7, 0x3, 0x33, 0x33, 0xbd, 0x38, 0xb0,
    0x0, 0xe7, 0xe, 0xff, 0xff, 0xff, 0xff, 0xf1,
    0x49, 0xfc, 0x82, 0x22, 0x22, 0xad, 0x22, 0x20,
    0x7f, 0xff, 0xd2, 0x44, 0x42, 0x8e, 0x2, 0x10,
    0x0, 0xe8, 0x7, 0xfe, 0xf9, 0x7f, 0xd, 0xa0,
    0x0, 0xe7, 0x7, 0xa0, 0x99, 0x6f, 0x3f, 0x40,
    0x0, 0xe7, 0x7, 0xa0, 0x99, 0x4f, 0xbe, 0x0,
    0x0, 0xe7, 0x27, 0xff, 0xf9, 0x1f, 0xf7, 0x0,
    0x0, 0xee, 0xf2, 0x33, 0x33, 0xf, 0xe0, 0x0,
    0x4d, 0xfc, 0x43, 0x6a, 0xdf, 0xbf, 0xa0, 0x20,
    0x4b, 0x40, 0x4f, 0xea, 0x57, 0xfd, 0xf0, 0xc3,
    0x0, 0x0, 0x2, 0x0, 0x9f, 0x72, 0xfb, 0xf2,
    0x0, 0x0, 0x0, 0x0, 0x76, 0x0, 0x6f, 0xa0,

    /* U+5907 "备" */
    0x0, 0x0, 0x3, 0x61, 0x0, 0x0, 0x0, 0x0,
    0x0, 0x0, 0x2e, 0xe3, 0x22, 0x22, 0x10, 0x0,
    0x0, 0x2, 0xef, 0xff, 0xff, 0xff, 0xc0, 0x0,
    0x0, 0x7f, 0xfb, 0x22, 0x24, 0xde, 0x20, 0x0,
    0xa, 0xf8, 0x6f, 0xc4, 0x6e, 0xd2, 0x0, 0x0,
    0x0, 0x20, 0x4, 0xff, 0xfe, 0x30, 0x0, 0x0,
    0x13, 0x69, 0xef, 0xd8, 0x9e, 0xfe, 0xb8, 0x62,
    0x6f, 0xfc, 0x93, 0x0, 0x0, 0x48, 0xbe, 0xf2,
    0x3, 0x7e, 0xee, 0xee, 0xee, 0xee, 0xe4, 0x0,
    0x0, 0x7f, 0x76, 0x6f, 0xc6, 0x69, 0xf4, 0x0,
    0x0, 0x7f, 0x21, 0x1e, 0xa1, 0x16, 0xf4, 0x0,
    0x0, 0x7f, 0xff, 0xff, 0xff, 0xff, 0xf4, 0x0,
    0x0, 0x7f, 0x21, 0x1e, 0xa1, 0x16, 0xf4, 0x0,
    0x0, 0x7f, 0x65, 0x5f, 0xc5, 0x59, 0xf4, 0x0,
    0x0, 0x7f, 0xff, 0xff, 0xff, 0xff, 0xf4, 0x0,

    /* U+590D "复" */
    0x0, 0x0, 0x51, 0x0, 0x0, 0x0, 0x0, 0x0,
    0x0, 0x7, 0xf4, 0x0, 0x0, 0x0, 0x0, 0x0,
    0x0, 0x2f, 0xff, 0xff, 0xff, 0xff, 0xff, 0xa0,
    0x3, 0xec, 0x33, 0x33, 0x33, 0x33, 0x33, 0x20,
    0xe, 0xc9, 0xee, 0xee, 0xee, 0xee, 0xe8, 0x0,
    0x3, 0x9, 0xe2, 0x22, 0x22, 0x22, 0xf9, 0x0,
    0x0, 0x9, 0xff, 0xff, 0xff, 0xff, 0xf9, 0x0,
    0x0, 0x9, 0xe1, 0x11, 0x11, 0x11, 0xf9, 0x0,
    0x0, 0x9, 0xff, 0xff, 0xff, 0xff, 0xf9, 0x0,
    0x0, 0x0, 0x6f, 0x82, 0x22, 0x22, 0x10, 0x0,
    0x0, 0x7, 0xff, 0xff, 0xff, 0xff, 0xf2, 0x0,
    0x2, 0xcf, 0xae, 0x40, 0x1, 0xaf, 0x50, 0x0,
    0x0, 0x92, 0x4, 0xec, 0x9f, 0xd3, 0x0, 0x0,
    0x1, 0x34, 0x7b, 0xef, 0xff, 0xc9, 0x64, 0x31,
    0x3f, 0xff, 0xda, 0x51, 0x3, 0x8c, 0xef, 0xf3,
    0x4, 0x20, 0x0, 0x0, 0x0, 0x0, 0x0, 0x20,

    /* U+5916 "外" */
    0x0, 0xb, 0x90, 0x0, 0x8, 0xf1, 0x0, 0x0,
    0x0, 0x1f, 0x90, 0x0, 0x8, 0xf1, 0x0, 0x0,
    0x0, 0x5f, 0x71, 0x11, 0x8, 0xf1, 0x0, 0x0,
    0x0, 0x9f, 0xff, 0xff, 0x58, 0xf1, 0x0, 0x0,
    0x0, 0xec, 0x44, 0x9f, 0x28, 0xf1, 0x0, 0x0,
    0x6, 0xf4, 0x0, 0xae, 0x8, 0xf9, 0x10, 0x0,
    0x1e, 0xd1, 0x0, 0xeb, 0x8, 0xff, 0xd2, 0x0,
    0x5f, 0x7f, 0x73, 0xf6, 0x8, 0xf4, 0xee, 0x20,
    0x2, 0x8, 0xff, 0xf0, 0x8, 0xf1, 0x2e, 0xe2,
    0x0, 0x0, 0x7f, 0x80, 0x8, 0xf1, 0x3, 0x80,
    0x0, 0x1, 0xdf, 0x10, 0x8, 0xf1, 0x0, 0x0,
    0x0, 0xb, 0xf5, 0x0, 0x8, 0xf1, 0x0, 0x0,
    0x2, 0xcf, 0x90, 0x0, 0x8, 0xf1, 0x0, 0x0,
    0x4f, 0xf8, 0x0, 0x0, 0x8, 0xf1, 0x0, 0x0,
    0x9, 0x40, 0x0, 0x0, 0x8, 0xf1, 0x0, 0x0,

    /* U+591F "够" */
    0x0, 0x13, 0x0, 0x0, 0x0, 0x24, 0x0, 0x0,
    0x0, 0x8f, 0x0, 0x0, 0x0, 0xdd, 0x33, 0x10,
    0x0, 0xed, 0x66, 0x63, 0xa, 0xff, 0xff, 0xa0,
    0x6, 0xff, 0xff, 0xf9, 0xbe, 0x30, 0x6f, 0x20,
    0x1e, 0xc0, 0x0, 0xe9, 0x96, 0xc6, 0xf9, 0x0,
    0x2c, 0xed, 0xd3, 0xe7, 0x0, 0xcf, 0x90, 0x0,
    0x4, 0xf5, 0xf3, 0xe8, 0x5c, 0xfb, 0x20, 0x0,
    0x4, 0xe0, 0xe3, 0xf7, 0xc9, 0x6f, 0x81, 0x10,
    0x4, 0xe0, 0xe3, 0xf7, 0x2, 0xef, 0xff, 0xf5,
    0x4, 0xe0, 0xe4, 0xf6, 0x5f, 0xc3, 0x2a, 0xf0,
    0x4, 0xff, 0xf4, 0xf9, 0xfa, 0x81, 0x3f, 0x90,
    0x4, 0xf4, 0x42, 0xf5, 0x20, 0xbe, 0xdd, 0x10,
    0x0, 0x20, 0x3, 0xf3, 0x0, 0x5f, 0xf2, 0x0,
    0x0, 0x3, 0x5a, 0xf1, 0x4a, 0xfd, 0x20, 0x0,
    0x0, 0x5, 0xff, 0x86, 0xfe, 0x70, 0x0, 0x0,
    0x0, 0x0, 0x0, 0x0, 0x40, 0x0, 0x0, 0x0,

    /* U+5931 "失" */
    0x0, 0x6, 0x80, 0xd, 0xb0, 0x0, 0x0, 0x0,
    0x0, 0xe, 0xe0, 0xd, 0xb0, 0x0, 0x0, 0x0,
    0x0, 0x3f, 0x90, 0xd, 0xb0, 0x0, 0x0, 0x0,
    0x0, 0x9f, 0xff, 0xff, 0xff, 0xff, 0xfc, 0x0,
    0x1, 0xfd, 0x99, 0x9f, 0xe9, 0x99, 0x97, 0x0,
    0xb, 0xf3, 0x0, 0xd, 0xb0, 0x0, 0x0, 0x0,
    0x8, 0x80, 0x0, 0xe, 0xa0, 0x0, 0x0, 0x0,
    0x17, 0x77, 0x77, 0x7f, 0xc7, 0x77, 0x77, 0x71,
    0x2f, 0xff, 0xff, 0xff, 0xff, 0xff, 0xff, 0xf2,
    0x0, 0x0, 0x0, 0xaf, 0xf9, 0x0, 0x0, 0x0,
    0x0, 0x0, 0x3, 0xfb, 0x8f, 0x30, 0x0, 0x0,
    0x0, 0x0, 0x2e, 0xf2, 0x1e, 0xe2, 0x0, 0x0,
    0x0, 0x6, 0xff, 0x40, 0x3, 0xfe, 0x60, 0x0,
    0x17, 0xdf, 0xd3, 0x0, 0x0, 0x3d, 0xfd, 0x82,
    0x1e, 0xd6, 0x0, 0x0, 0x0, 0x0, 0x7d, 0xf2,
    0x1, 0x0, 0x0, 0x0, 0x0, 0x0, 0x0, 0x10,

    /* U+597D "好" */
    0x0, 0x0, 0x0, 0x0, 0x0, 0x0, 0x0, 0x0,
    0x0, 0x5f, 0x20, 0x0, 0x0, 0x0, 0x0, 0x0,
    0x0, 0x7f, 0x0, 0x4, 0xcc, 0xcc, 0xcc, 0x80,
    0x0, 0x9e, 0x0, 0x5, 0xdd, 0xdd, 0xef, 0xb0,
    0x14, 0xcd, 0x44, 0x30, 0x0, 0x0, 0xce, 0x10,
    0x5f, 0xff, 0xff, 0xe0, 0x0, 0x9, 0xf3, 0x0,
    0x3, 0xf6, 0x2b, 0xb0, 0x0, 0x6f, 0x50, 0x0,
    0x5, 0xf1, 0xd, 0x90, 0x0, 0x7f, 0x10, 0x0,
    0x9, 0xd0, 0xf, 0x7f, 0xff, 0xff, 0xff, 0xf7,
    0xe, 0xc0, 0x6f, 0x27, 0x77, 0xbf, 0x87, 0x73,
    0x8, 0xfc, 0xcc, 0x0, 0x0, 0x7f, 0x10, 0x0,
    0x0, 0x4e, 0xf8, 0x0, 0x0, 0x7f, 0x10, 0x0,
    0x0, 0x1d, 0xff, 0x50, 0x0, 0x7f, 0x10, 0x0,
    0x1, 0xcf, 0x4d, 0xe0, 0x0, 0x7f, 0x10, 0x0,
    0x3e, 0xf4, 0x1, 0x40, 0x56, 0xcf, 0x0, 0x0,
    0x1c, 0x20, 0x0, 0x0, 0x8f, 0xe8, 0x0, 0x0,
    0x0, 0x0, 0x0, 0x0, 0x0, 0x0, 0x0, 0x0,

    /* U+5B89 "安" */
    0x0, 0x0, 0x3, 0xa2, 0x0, 0x0, 0x0, 0x0,
    0x0, 0x0, 0x2f, 0xa0, 0x0, 0x0, 0x0, 0x9e,
    0xee, 0xee, 0xff, 0xee, 0xee, 0xe9, 0x9, 0xf7,
    0x77, 0x77, 0x77, 0x77, 0x7f, 0xa0, 0x9e, 0x0,
    0x9, 0xc1, 0x0, 0x0, 0xfa, 0x4, 0x60, 0x1,
    0xfc, 0x0, 0x0, 0x7, 0x40, 0x44, 0x44, 0x9f,
    0x84, 0x44, 0x44, 0x44, 0xf, 0xff, 0xff, 0xff,
    0xff, 0xff, 0xff, 0xf0, 0x22, 0x2c, 0xf4, 0x22,
    0x2e, 0xd2, 0x22, 0x0, 0x5, 0xf9, 0x0, 0x6,
    0xf5, 0x0, 0x0, 0x0, 0xaf, 0xfb, 0x54, 0xfb,
    0x0, 0x0, 0x0, 0x0, 0x17, 0xdf, 0xff, 0x30,
    0x0, 0x0, 0x0, 0x0, 0x4b, 0xfd, 0xff, 0xa3,
    0x0, 0x2, 0x69, 0xdf, 0xd5, 0x2, 0x9f, 0xfb,
    0x20, 0x7f, 0xea, 0x50, 0x0, 0x0, 0x2a, 0xf5,
    0x0, 0x30, 0x0, 0x0, 0x0, 0x0, 0x1, 0x0,

    /* U+5B9A "定" */
    0x0, 0x0, 0x0, 0x2a, 0x30, 0x0, 0x0, 0x0,
    0x0, 0x0, 0x0, 0x1f, 0xa0, 0x0, 0x0, 0x0,
    0xe, 0xff, 0xff, 0xff, 0xff, 0xff, 0xff, 0x90,
    0xe, 0xc7, 0x77, 0x77, 0x77, 0x77, 0x7f, 0x90,
    0xe, 0x80, 0x0, 0x0, 0x0, 0x0, 0xe, 0x90,
    0xb, 0x75, 0x77, 0x77, 0x77, 0x77, 0x3b, 0x70,
    0x0, 0xa, 0xff, 0xff, 0xff, 0xff, 0x60, 0x0,
    0x0, 0x0, 0x0, 0xf, 0x90, 0x0, 0x0, 0x0,
    0x0, 0xd, 0xb0, 0xf, 0x90, 0x0, 0x0, 0x0,
    0x0, 0xf, 0x80, 0xf, 0xff, 0xff, 0xf3, 0x0,
    0x0, 0x4f, 0xb0, 0xf, 0xc7, 0x77, 0x71, 0x0,
    0x0, 0x9f, 0xf5, 0xf, 0x90, 0x0, 0x0, 0x0,
    0x2, 0xf8, 0xaf, 0x7f, 0x90, 0x0, 0x0, 0x0,
    0x1c, 0xe1, 0xa, 0xff, 0xd9, 0x88, 0x88, 0x81,
    0x4f, 0x40, 0x0, 0x49, 0xde, 0xff, 0xff, 0xe0,
    0x1, 0x0, 0x0, 0x0, 0x0, 0x0, 0x0, 0x0,

    /* U+5BC6 "密" */
    0x0, 0x0, 0x0, 0x19, 0x30, 0x0, 0x0, 0x0,
    0x2, 0x33, 0x33, 0x3f, 0xa3, 0x33, 0x33, 0x20,
    0xe, 0xff, 0xff, 0xff, 0xff, 0xff, 0xff, 0xb0,
    0xe, 0x92, 0x25, 0xc4, 0x22, 0x32, 0x2d, 0xb0,
    0xe, 0x80, 0x3, 0x9f, 0x72, 0xea, 0xc, 0xb0,
    0x0, 0x87, 0x5f, 0x3, 0x9e, 0xb3, 0x91, 0x0,
    0x4, 0xf5, 0x5f, 0x2a, 0xf9, 0x4, 0xcd, 0x20,
    0x2f, 0xa0, 0x7f, 0xfc, 0x30, 0x2f, 0x3d, 0xd0,
    0x7, 0x9e, 0xff, 0xfd, 0xdd, 0xfd, 0x1, 0x60,
    0x4f, 0xd8, 0x32, 0x48, 0x75, 0x41, 0x0, 0x0,
    0x2, 0x46, 0x0, 0xe, 0x90, 0x0, 0xa5, 0x0,
    0x0, 0x9d, 0x0, 0xe, 0x90, 0x0, 0xf7, 0x0,
    0x0, 0x9e, 0x0, 0xe, 0x90, 0x0, 0xf7, 0x0,
    0x0, 0x9f, 0xff, 0xff, 0xff, 0xff, 0xf7, 0x0,
    0x0, 0x36, 0x66, 0x66, 0x66, 0x66, 0xf7, 0x0,

    /* U+5BFC "导" */
    0x0, 0xef, 0xff, 0xff, 0xff, 0xff, 0xf3, 0x0,
    0x0, 0xec, 0x44, 0x44, 0x44, 0x47, 0xf3, 0x0,
    0x0, 0xeb, 0x33, 0x33, 0x33, 0x37, 0xf3, 0x0,
    0x0, 0xef, 0xff, 0xff, 0xff, 0xff, 0xf3, 0x0,
    0x0, 0xea, 0x11, 0x11, 0x11, 0x11, 0x16, 0x40,
    0x0, 0xde, 0x54, 0x44, 0x44, 0x44, 0x6f, 0xa0,
    0x0, 0x3b, 0xef, 0xff, 0xff, 0xff, 0xeb, 0x20,
    0x0, 0x0, 0x0, 0x0, 0x0, 0xa8, 0x0, 0x0,
    0xf, 0xff, 0xff, 0xff, 0xff, 0xff, 0xff, 0xf1,
    0x7, 0x7a, 0xe7, 0x77, 0x77, 0xed, 0x77, 0x70,
    0x0, 0x5, 0xfb, 0x0, 0x0, 0xdb, 0x0, 0x0,
    0x0, 0x0, 0x3f, 0xb0, 0x0, 0xdb, 0x0, 0x0,
    0x0, 0x0, 0x5, 0x34, 0x55, 0xea, 0x0, 0x0,
    0x0, 0x0, 0x0, 0x8, 0xff, 0xd4, 0x0, 0x0,

    /* U+5C06 "将" */
    0x0, 0x8, 0xf0, 0x0, 0x7, 0xa2, 0x0, 0x0,
    0x0, 0x8, 0xf0, 0x0, 0x6f, 0xe4, 0x33, 0x10,
    0x1, 0x8, 0xf0, 0x8, 0xff, 0xff, 0xff, 0xd0,
    0x2f, 0x68, 0xf2, 0xdf, 0x92, 0x0, 0x9f, 0x30,
    0x6, 0xfd, 0xf0, 0x61, 0xae, 0x4b, 0xf6, 0x0,
    0x0, 0x8b, 0xf0, 0x0, 0x3e, 0xfe, 0x30, 0x0,
    0x0, 0x8, 0xf1, 0x9e, 0xfe, 0x71, 0xc5, 0x0,
    0x0, 0x8, 0xf0, 0xa9, 0x40, 0x1, 0xf6, 0x0,
    0x0, 0x4e, 0xf5, 0xee, 0xee, 0xef, 0xff, 0xe4,
    0x6, 0xff, 0xf3, 0x79, 0x77, 0x78, 0xfb, 0x72,
    0x3f, 0x98, 0xf0, 0x1f, 0x80, 0x1, 0xf6, 0x0,
    0x4, 0x8, 0xf0, 0x7, 0xf5, 0x1, 0xf6, 0x0,
    0x0, 0x8, 0xf0, 0x0, 0xc9, 0x1, 0xf6, 0x0,
    0x0, 0x8, 0xf0, 0x0, 0x2, 0x67, 0xf6, 0x0,
    0x0, 0x8, 0xf0, 0x0, 0x3, 0xff, 0xc1, 0x0,

    /* U+5C0F "小" */
    0x0, 0x0, 0x0, 0xb, 0xe0, 0x0, 0x0, 0x0,
    0x0, 0x0, 0x0, 0xb, 0xe0, 0x0, 0x0, 0x0,
    0x0, 0x0, 0x0, 0xb, 0xe0, 0x0, 0x0, 0x0,
    0x0, 0x1, 0x0, 0xb, 0xe0, 0x0, 0x20, 0x0,
    0x0, 0x1f, 0xa0, 0xb, 0xe0, 0xa, 0xf1, 0x0,
    0x0, 0x5f, 0x60, 0xb, 0xe0, 0x4, 0xf8, 0x0,
    0x0, 0x9f, 0x20, 0xb, 0xe0, 0x0, 0xcf, 0x10,
    0x0, 0xed, 0x0, 0xb, 0xe0, 0x0, 0x5f, 0x80,
    0x4, 0xf7, 0x0, 0xb, 0xe0, 0x0, 0xe, 0xe0,
    0xc, 0xf1, 0x0, 0xb, 0xe0, 0x0, 0x8, 0xf4,
    0x4f, 0x80, 0x0, 0xb, 0xe0, 0x0, 0x3, 0xf9,
    0x2, 0x0, 0x0, 0xb, 0xe0, 0x0, 0x0, 0x82,
    0x0, 0x0, 0x0, 0xb, 0xe0, 0x0, 0x0, 0x0,
    0x0, 0x0, 0x68, 0x8e, 0xd0, 0x0, 0x0, 0x0,
    0x0, 0x0, 0x6f, 0xfd, 0x50, 0x0, 0x0, 0x0,
    0x0, 0x0, 0x0, 0x0, 0x0, 0x0, 0x0, 0x0,

    /* U+5C1D "尝" */
    0x0, 0x17, 0x30, 0xc, 0xc0, 0x2, 0x82, 0x0,
    0x1, 0xed, 0x0, 0xcc, 0x0, 0xcf, 0x20, 0x0,
    0x6, 0xf4, 0xc, 0xc0, 0x4f, 0x50, 0x0, 0xae,
    0xff, 0xee, 0xff, 0xee, 0xfe, 0xea, 0xa, 0xe6,
    0x66, 0x66, 0x66, 0x66, 0x6f, 0xb0, 0xad, 0x0,
    0x0, 0x0, 0x0, 0x0, 0xeb, 0x3, 0x6f, 0xff,
    0xff, 0xff, 0xff, 0xe5, 0x40, 0x0, 0x55, 0x55,
    0x55, 0x55, 0x55, 0x0, 0x2, 0x22, 0x22, 0x22,
    0x22, 0x22, 0x22, 0x20, 0xff, 0xff, 0xff, 0xff,
    0xff, 0xff, 0xff, 0x4, 0x44, 0x6f, 0xe5, 0x44,
    0x86, 0x44, 0x40, 0x0, 0xc, 0xf3, 0x0, 0x1e,
    0xd1, 0x0, 0x0, 0xb, 0xf4, 0x0, 0x0, 0x4f,
    0xd0, 0x0, 0x1d, 0xfe, 0xbc, 0xde, 0xff, 0xff,
    0xa0, 0x0, 0xee, 0xcb, 0x98, 0x76, 0x43, 0x8f,
    0x40, 0x0, 0x0, 0x0, 0x0, 0x0, 0x0, 0x20,

    /* U+5C31 "就" */
    0x0, 0x0, 0x0, 0x0, 0x0, 0x0, 0x0, 0x0,
    0x0, 0x6, 0xe0, 0x0, 0x0, 0x7f, 0x0, 0x0,
    0x0, 0x4, 0xf4, 0x0, 0x0, 0x7f, 0x5c, 0x0,
    0x15, 0x56, 0xfa, 0x55, 0x0, 0x7e, 0x1e, 0x70,
    0x3f, 0xff, 0xff, 0xff, 0x10, 0x8e, 0x6, 0xe0,
    0x1, 0x22, 0x22, 0x21, 0x46, 0xbe, 0x66, 0x73,
    0x6, 0xff, 0xff, 0xf8, 0xaf, 0xff, 0xff, 0xf7,
    0x6, 0xe0, 0x0, 0xe8, 0x0, 0xbc, 0x20, 0x0,
    0x6, 0xe3, 0x33, 0xe8, 0x0, 0xdf, 0xe0, 0x0,
    0x6, 0xff, 0xff, 0xf7, 0x0, 0xfd, 0xe0, 0x0,
    0x0, 0x51, 0xf5, 0x60, 0x4, 0xf9, 0xe0, 0x0,
    0x3, 0xf2, 0xf5, 0xe6, 0x8, 0xe6, 0xe0, 0x0,
    0x9, 0xc0, 0xf4, 0x7d, 0x1f, 0x86, 0xe0, 0x21,
    0x1f, 0x40, 0xf4, 0x14, 0x9f, 0x16, 0xe0, 0x6b,
    0x6, 0x14, 0xf4, 0x6, 0xf7, 0x5, 0xf6, 0xba,
    0x0, 0x4f, 0xd1, 0xa, 0x90, 0x1, 0x9c, 0xa2,
    0x0, 0x0, 0x0, 0x0, 0x0, 0x0, 0x0, 0x0,

    /* U+5C40 "局" */
    0x0, 0x8f, 0xff, 0xff, 0xff, 0xff, 0xfa, 0x0,
    0x8, 0xf4, 0x44, 0x44, 0x44, 0x4e, 0xa0, 0x0,
    0x8f, 0x0, 0x0, 0x0, 0x0, 0xda, 0x0, 0x8,
    0xfd, 0xdd, 0xdd, 0xdd, 0xdf, 0xa0, 0x0, 0x9f,
    0x66, 0x66, 0x66, 0x66, 0x64, 0x0, 0x9, 0xf5,
    0x55, 0x55, 0x55, 0x55, 0x54, 0x0, 0xaf, 0xff,
    0xff, 0xff, 0xff, 0xff, 0xc0, 0xc, 0xb0, 0x0,
    0x0, 0x0, 0x0, 0xcb, 0x0, 0xe8, 0xe, 0xee,
    0xee, 0xe2, 0xd, 0xb0, 0x2f, 0x50, 0xf9, 0x44,
    0x7f, 0x30, 0xea, 0x7, 0xf2, 0xf, 0x60, 0x3,
    0xf3, 0xf, 0x80, 0xec, 0x0, 0xfe, 0xdd, 0xef,
    0x31, 0xf7, 0x5f, 0x50, 0xf, 0x95, 0x55, 0x97,
    0xaf, 0x40, 0x50, 0x0, 0x41, 0x0, 0x6, 0xff,
    0xa0, 0x0, 0x0, 0x0, 0x0, 0x0, 0x0, 0x0,
    0x0,

    /* U+5C4F "屏" */
    0x0, 0xff, 0xff, 0xff, 0xff, 0xff, 0xff, 0x90,
    0x0, 0xfb, 0x44, 0x44, 0x44, 0x44, 0x4f, 0x90,
    0x0, 0xf9, 0x11, 0x11, 0x11, 0x11, 0x1f, 0x90,
    0x0, 0xff, 0xff, 0xff, 0xff, 0xff, 0xff, 0x90,
    0x0, 0xfa, 0x35, 0xd5, 0x33, 0x38, 0xc5, 0x10,
    0x0, 0xf9, 0x0, 0xd8, 0x0, 0xd, 0xc0, 0x0,
    0x0, 0xf8, 0xcf, 0xff, 0xff, 0xff, 0xff, 0xd0,
    0x1, 0xf7, 0x44, 0xaf, 0x44, 0x5f, 0x94, 0x40,
    0x2, 0xf6, 0x0, 0x8f, 0x0, 0x1f, 0x60, 0x0,
    0x3, 0xf6, 0x55, 0xbf, 0x55, 0x6f, 0xa5, 0x52,
    0x6, 0xf5, 0xee, 0xff, 0xee, 0xef, 0xfe, 0xe5,
    0xb, 0xe0, 0x3, 0xf9, 0x0, 0x1f, 0x60, 0x0,
    0x2f, 0x80, 0x5e, 0xd1, 0x0, 0x1f, 0x60, 0x0,
    0x3d, 0x11, 0xd9, 0x10, 0x0, 0x1f, 0x60, 0x0,
    0x0, 0x0, 0x0, 0x0, 0x0, 0x0, 0x0, 0x0,

    /* U+5DF2 "已" */
    0xbf, 0xff, 0xff, 0xff, 0xff, 0xff, 0x10, 0x5,
    0x77, 0x77, 0x77, 0x77, 0x7b, 0xf1, 0x0, 0x0,
    0x0, 0x0, 0x0, 0x0, 0x7f, 0x10, 0x0, 0x75,
    0x0, 0x0, 0x0, 0x7, 0xf1, 0x0, 0xe, 0xa0,
    0x0, 0x0, 0x0, 0x7f, 0x10, 0x0, 0xeb, 0x22,
    0x22, 0x22, 0x29, 0xf1, 0x0, 0xe, 0xff, 0xff,
    0xff, 0xff, 0xff, 0x10, 0x0, 0xeb, 0x44, 0x44,
    0x44, 0x47, 0xa0, 0x0, 0xe, 0xa0, 0x0, 0x0,
    0x0, 0x0, 0x0, 0x0, 0xea, 0x0, 0x0, 0x0,
    0x0, 0x5, 0x70, 0xe, 0xa0, 0x0, 0x0, 0x0,
    0x0, 0x8f, 0x0, 0xea, 0x0, 0x0, 0x0, 0x0,
    0xd, 0xd0, 0xb, 0xf9, 0x87, 0x77, 0x77, 0x8b,
    0xf7, 0x0, 0x2b, 0xef, 0xff, 0xff, 0xff, 0xe9,
    0x0,

    /* U+5E55 "幕" */
    0x0, 0x0, 0x6f, 0x0, 0x1, 0xf5, 0x0, 0x0,
    0xf, 0xff, 0xff, 0xff, 0xff, 0xff, 0xff, 0xf0,
    0x2, 0x22, 0x6c, 0x32, 0x23, 0xc6, 0x22, 0x20,
    0x0, 0x13, 0x33, 0x33, 0x33, 0x33, 0x31, 0x0,
    0x0, 0x6f, 0xcb, 0xbb, 0xbb, 0xbb, 0xf8, 0x0,
    0x0, 0x6f, 0x87, 0x77, 0x77, 0x77, 0xf8, 0x0,
    0x0, 0x6f, 0x54, 0x44, 0x44, 0x44, 0xf8, 0x0,
    0x0, 0x6f, 0xff, 0xff, 0xff, 0xff, 0xf8, 0x0,
    0x3, 0x33, 0x3d, 0xd3, 0x33, 0x33, 0x33, 0x30,
    0x2f, 0xff, 0xff, 0xff, 0xff, 0xff, 0xff, 0xf2,
    0x0, 0x2c, 0xf4, 0xc, 0xa0, 0x3f, 0xb2, 0x0,
    0x19, 0xff, 0xff, 0xff, 0xff, 0xff, 0xff, 0xa2,
    0x2e, 0x7b, 0xd3, 0x3d, 0xb3, 0x3b, 0xd6, 0xc1,
    0x0, 0xa, 0xc0, 0xc, 0xa0, 0x2b, 0xd0, 0x0,
    0x0, 0xa, 0xc0, 0xc, 0xa0, 0xdd, 0x70, 0x0,

    /* U+5E72 "干" */
    0x2, 0x88, 0x88, 0x88, 0x88, 0x88, 0x88, 0x30,
    0x5, 0xff, 0xff, 0xff, 0xff, 0xff, 0xff, 0x70,
    0x0, 0x0, 0x0, 0xe, 0xc0, 0x0, 0x0, 0x0,
    0x0, 0x0, 0x0, 0xe, 0xc0, 0x0, 0x0, 0x0,
    0x0, 0x0, 0x0, 0xe, 0xc0, 0x0, 0x0, 0x0,
    0x0, 0x0, 0x0, 0xe, 0xc0, 0x0, 0x0, 0x0,
    0x2f, 0xff, 0xff, 0xff, 0xff, 0xff, 0xff, 0xf3,
    0x18, 0x88, 0x88, 0x8f, 0xe8, 0x88, 0x88, 0x81,
    0x0, 0x0, 0x0, 0xe, 0xc0, 0x0, 0x0, 0x0,
    0x0, 0x0, 0x0, 0xe, 0xc0, 0x0, 0x0, 0x0,
    0x0, 0x0, 0x0, 0xe, 0xc0, 0x0, 0x0, 0x0,
    0x0, 0x0, 0x0, 0xe, 0xc0, 0x0, 0x0, 0x0,
    0x0, 0x0, 0x0, 0xe, 0xc0, 0x0, 0x0, 0x0,
    0x0, 0x0, 0x0, 0xe, 0xc0, 0x0, 0x0, 0x0,

    /* U+5E76 "并" */
    0x0, 0x1, 0x60, 0x0, 0x0, 0x7, 0x20, 0x0,
    0x0, 0x4, 0xf8, 0x0, 0x0, 0x6f, 0x80, 0x0,
    0x0, 0x0, 0xaf, 0x20, 0x0, 0xce, 0x0, 0x0,
    0x2, 0x33, 0x6d, 0x53, 0x35, 0xfa, 0x33, 0x20,
    0xa, 0xff, 0xff, 0xff, 0xff, 0xff, 0xff, 0xb0,
    0x2, 0x33, 0xaf, 0x33, 0x33, 0xfb, 0x33, 0x20,
    0x0, 0x0, 0x9f, 0x0, 0x0, 0xfa, 0x0, 0x0,
    0x0, 0x0, 0x9f, 0x0, 0x0, 0xfa, 0x0, 0x0,
    0x17, 0x77, 0xcf, 0x77, 0x77, 0xfd, 0x77, 0x71,
    0x3f, 0xff, 0xff, 0xff, 0xff, 0xff, 0xff, 0xf3,
    0x0, 0x0, 0xdc, 0x0, 0x0, 0xfa, 0x0, 0x0,
    0x0, 0x4, 0xf8, 0x0, 0x0, 0xfa, 0x0, 0x0,
    0x0, 0x2e, 0xe1, 0x0, 0x0, 0xfa, 0x0, 0x0,
    0x6, 0xef, 0x30, 0x0, 0x0, 0xfa, 0x0, 0x0,
    0xa, 0xc2, 0x0, 0x0, 0x0, 0xfa, 0x0, 0x0,
    0x0, 0x0, 0x0, 0x0, 0x0, 0x0, 0x0, 0x0,

    /* U+5E8A "床" */
    0x0, 0x0, 0x0, 0x2, 0x70, 0x0, 0x0, 0x0,
    0x0, 0x0, 0x0, 0x6, 0xf6, 0x0, 0x0, 0x0,
    0x1, 0x77, 0x77, 0x78, 0xfe, 0x77, 0x77, 0x71,
    0x2, 0xff, 0xff, 0xff, 0xff, 0xff, 0xff, 0xf2,
    0x2, 0xf4, 0x0, 0x0, 0x6f, 0x10, 0x0, 0x0,
    0x2, 0xf4, 0x0, 0x0, 0x6f, 0x10, 0x0, 0x0,
    0x3, 0xf5, 0x66, 0x66, 0xaf, 0x76, 0x66, 0x60,
    0x3, 0xf4, 0xff, 0xff, 0xff, 0xff, 0xff, 0xf0,
    0x4, 0xf3, 0x0, 0x7, 0xff, 0xe2, 0x0, 0x0,
    0x5, 0xf2, 0x0, 0x3f, 0xef, 0xed, 0x0, 0x0,
    0x7, 0xf0, 0x1, 0xeb, 0x7f, 0x3e, 0xb0, 0x0,
    0xa, 0xd0, 0x2e, 0xe1, 0x6f, 0x14, 0xfc, 0x10,
    0xe, 0xa6, 0xfd, 0x20, 0x6f, 0x10, 0x4e, 0xf3,
    0x5f, 0x54, 0xa0, 0x0, 0x6f, 0x10, 0x1, 0x80,
    0x3b, 0x0, 0x0, 0x0, 0x6f, 0x10, 0x0, 0x0,

    /* U+5EA6 "度" */
    0x0, 0x0, 0x0, 0x2, 0x70, 0x0, 0x0, 0x0,
    0x0, 0x0, 0x0, 0x4, 0xf7, 0x0, 0x0, 0x0,
    0x1, 0xff, 0xff, 0xff, 0xff, 0xff, 0xff, 0xf3,
    0x1, 0xfa, 0x66, 0x98, 0x66, 0x69, 0x86, 0x61,
    0x1, 0xf6, 0x0, 0xe8, 0x0, 0xe, 0x80, 0x0,
    0x1, 0xfa, 0xff, 0xff, 0xff, 0xff, 0xff, 0xf0,
    0x1, 0xf7, 0x33, 0xfa, 0x33, 0x3f, 0xa3, 0x30,
    0x1, 0xf6, 0x0, 0xea, 0x44, 0x4f, 0x80, 0x0,
    0x2, 0xf5, 0x0, 0xde, 0xee, 0xee, 0x80, 0x0,
    0x3, 0xf4, 0x33, 0x33, 0x33, 0x33, 0x42, 0x0,
    0x4, 0xf3, 0xff, 0xff, 0xff, 0xff, 0xfc, 0x0,
    0x7, 0xf0, 0x6, 0xf6, 0x0, 0x1c, 0xe2, 0x0,
    0xb, 0xd0, 0x0, 0x5f, 0xb8, 0xfd, 0x20, 0x0,
    0x1f, 0x90, 0x36, 0x9e, 0xff, 0xfa, 0x74, 0x10,
    0x5f, 0x39, 0xff, 0xd8, 0x43, 0x8d, 0xff, 0xf2,
    0x2, 0x1, 0x20, 0x0, 0x0, 0x0, 0x3, 0x30,

    /* U+5F00 "开" */
    0xa, 0xff, 0xff, 0xff, 0xff, 0xff, 0xff, 0xb0,
    0x4, 0x66, 0xbf, 0x76, 0x66, 0xee, 0x66, 0x50,
    0x0, 0x0, 0x7f, 0x10, 0x0, 0xcc, 0x0, 0x0,
    0x0, 0x0, 0x7f, 0x10, 0x0, 0xcc, 0x0, 0x0,
    0x0, 0x0, 0x7f, 0x10, 0x0, 0xcc, 0x0, 0x0,
    0x0, 0x0, 0x7f, 0x10, 0x0, 0xcc, 0x0, 0x0,
    0x3f, 0xff, 0xff, 0xff, 0xff, 0xff, 0xff, 0xf3,
    0x17, 0x77, 0xcf, 0x77, 0x77, 0xee, 0x77, 0x71,
    0x0, 0x0, 0xcd, 0x0, 0x0, 0xcc, 0x0, 0x0,
    0x0, 0x2, 0xf9, 0x0, 0x0, 0xcc, 0x0, 0x0,
    0x0, 0xa, 0xf3, 0x0, 0x0, 0xcc, 0x0, 0x0,
    0x0, 0x7f, 0x90, 0x0, 0x0, 0xcc, 0x0, 0x0,
    0x9, 0xfc, 0x0, 0x0, 0x0, 0xcc, 0x0, 0x0,
    0x9, 0xa0, 0x0, 0x0, 0x0, 0xcc, 0x0, 0x0,
    0x0, 0x0, 0x0, 0x0, 0x0, 0x0, 0x0, 0x0,

    /* U+5F0F "式" */
    0x0, 0x0, 0x0, 0x0, 0x0, 0x0, 0x0, 0x0,
    0x0, 0x0, 0x0, 0x0, 0x1f, 0x82, 0xc1, 0x0,
    0x0, 0x0, 0x0, 0x0, 0x1f, 0x83, 0xfd, 0x10,
    0x0, 0x0, 0x0, 0x0, 0x1f, 0x80, 0x3f, 0x50,
    0x18, 0x88, 0x88, 0x88, 0x9f, 0xc8, 0x8b, 0x81,
    0x2f, 0xff, 0xff, 0xff, 0xff, 0xff, 0xff, 0xf2,
    0x0, 0x0, 0x0, 0x0, 0xe, 0xb0, 0x0, 0x0,
    0x0, 0x0, 0x0, 0x0, 0xc, 0xd0, 0x0, 0x0,
    0x9, 0xff, 0xff, 0xff, 0x6a, 0xf0, 0x0, 0x0,
    0x4, 0x77, 0xfc, 0x77, 0x38, 0xf1, 0x0, 0x0,
    0x0, 0x0, 0xe9, 0x0, 0x5, 0xf5, 0x0, 0x0,
    0x0, 0x0, 0xe9, 0x0, 0x1, 0xf9, 0x0, 0x10,
    0x0, 0x0, 0xe9, 0x2, 0x40, 0xce, 0x0, 0xd5,
    0x0, 0x36, 0xfe, 0xff, 0xe0, 0x6f, 0x60, 0xf6,
    0xf, 0xff, 0xda, 0x63, 0x0, 0xd, 0xfb, 0xf2,
    0x5, 0x41, 0x0, 0x0, 0x0, 0x2, 0xcf, 0x90,

    /* U+5F31 "弱" */
    0xb, 0xff, 0xff, 0xf4, 0x8f, 0xff, 0xff, 0x90,
    0x45, 0x55, 0x7f, 0x43, 0x55, 0x55, 0xf9, 0x0,
    0x0, 0x3, 0xf4, 0x0, 0x0, 0xe, 0x90, 0x4f,
    0xff, 0xff, 0x43, 0xff, 0xff, 0xf9, 0x5, 0xf7,
    0x66, 0x61, 0x3f, 0x86, 0x66, 0x30, 0x6f, 0x0,
    0x0, 0x4, 0xf2, 0x0, 0x0, 0x7, 0xff, 0xff,
    0xf6, 0x6f, 0xff, 0xff, 0xc0, 0x37, 0x55, 0x6f,
    0x62, 0x75, 0x55, 0xdc, 0x6, 0xfc, 0x52, 0xf5,
    0x3f, 0xd6, 0xc, 0xb0, 0x2, 0x8e, 0x6f, 0x40,
    0x18, 0xe5, 0xea, 0x0, 0x49, 0xef, 0xf2, 0x3,
    0x8e, 0xff, 0x91, 0xff, 0xb6, 0x8f, 0xa, 0xfc,
    0x62, 0xf7, 0x5, 0x14, 0x5d, 0xd0, 0x32, 0x32,
    0x7f, 0x40, 0x0, 0x9f, 0xe4, 0x0, 0xc, 0xff,
    0xc0, 0x0, 0x0, 0x0, 0x0, 0x0, 0x12, 0x10,
    0x0,

    /* U+5F55 "录" */
    0x0, 0x0, 0x0, 0x0, 0x0, 0x0, 0x0, 0x0,
    0x0, 0xef, 0xff, 0xff, 0xff, 0xff, 0xf3, 0x0,
    0x0, 0x66, 0x66, 0x66, 0x66, 0x6a, 0xf3, 0x0,
    0x0, 0x0, 0x0, 0x0, 0x0, 0x7, 0xf2, 0x0,
    0x0, 0x6f, 0xff, 0xff, 0xff, 0xff, 0xf1, 0x0,
    0x0, 0x24, 0x44, 0x44, 0x44, 0x4a, 0xf0, 0x0,
    0x5, 0x55, 0x55, 0x55, 0x55, 0x5b, 0xf6, 0x50,
    0xe, 0xff, 0xff, 0xff, 0xff, 0xff, 0xff, 0xf0,
    0x0, 0x47, 0x0, 0xc, 0xd0, 0x0, 0x96, 0x0,
    0x0, 0x5e, 0xe4, 0xc, 0xf9, 0x1b, 0xf6, 0x0,
    0x0, 0x1, 0xb8, 0x3e, 0xef, 0xfc, 0x20, 0x0,
    0x0, 0x2, 0x8e, 0xff, 0xb5, 0xfa, 0x10, 0x0,
    0x7, 0xdf, 0xe7, 0x1c, 0xb0, 0x4f, 0xe8, 0x30,
    0x7, 0xa4, 0x4, 0x4e, 0xb0, 0x1, 0x8e, 0xd0,
    0x0, 0x0, 0xd, 0xfe, 0x50, 0x0, 0x0, 0x10,

    /* U+5F84 "径" */
    0x0, 0x3, 0x91, 0x0, 0x0, 0x0, 0x0, 0x0,
    0x0, 0x1e, 0xd0, 0xdf, 0xff, 0xff, 0xfe, 0x20,
    0x2, 0xde, 0x20, 0x56, 0x66, 0x69, 0xfb, 0x0,
    0xe, 0xe3, 0x0, 0x0, 0x0, 0x2e, 0xe1, 0x0,
    0x7, 0x12, 0xf6, 0x0, 0x5, 0xfe, 0x20, 0x0,
    0x0, 0xc, 0xe1, 0x1, 0xaf, 0xff, 0x92, 0x0,
    0x0, 0x8f, 0x82, 0x9f, 0xf7, 0x7, 0xef, 0x80,
    0x9, 0xff, 0x6a, 0xf9, 0x10, 0x0, 0x19, 0xe1,
    0x3f, 0xcf, 0x61, 0x55, 0x55, 0x55, 0x55, 0x20,
    0x7, 0x1f, 0x60, 0xdf, 0xff, 0xff, 0xff, 0x50,
    0x0, 0x1f, 0x60, 0x0, 0x7, 0xf2, 0x0, 0x0,
    0x0, 0x1f, 0x60, 0x0, 0x7, 0xf1, 0x0, 0x0,
    0x0, 0x1f, 0x60, 0x0, 0x7, 0xf1, 0x0, 0x0,
    0x0, 0x1f, 0x64, 0x66, 0x6a, 0xf7, 0x66, 0x61,
    0x0, 0x1f, 0x6a, 0xff, 0xff, 0xff, 0xff, 0xf4,

    /* U+5F85 "待" */
    0x0, 0x5, 0x91, 0x0, 0x7, 0xf0, 0x0, 0x0,
    0x0, 0x2f, 0xb0, 0x0, 0x7, 0xf0, 0x0, 0x0,
    0x1, 0xdd, 0x10, 0x66, 0x6b, 0xf6, 0x66, 0x40,
    0x2e, 0xe2, 0x0, 0xef, 0xff, 0xff, 0xff, 0x90,
    0x1c, 0x11, 0xb3, 0x0, 0x7, 0xf0, 0x0, 0x0,
    0x0, 0xc, 0xe6, 0x66, 0x6b, 0xf6, 0x66, 0x62,
    0x0, 0x9f, 0x5c, 0xff, 0xff, 0xff, 0xff, 0xf5,
    0xa, 0xff, 0x40, 0x0, 0x0, 0x4, 0xf3, 0x0,
    0x7f, 0xbf, 0x44, 0x66, 0x66, 0x69, 0xf9, 0x61,
    0x18, 0x2f, 0x49, 0xff, 0xff, 0xff, 0xff, 0xf4,
    0x0, 0x2f, 0x40, 0x29, 0x0, 0x4, 0xf3, 0x0,
    0x0, 0x2f, 0x40, 0x1e, 0xb0, 0x4, 0xf3, 0x0,
    0x0, 0x2f, 0x40, 0x4, 0xf5, 0x4, 0xf3, 0x0,
    0x0, 0x2f, 0x40, 0x0, 0x33, 0x69, 0xf3, 0x0,
    0x0, 0x2f, 0x40, 0x0, 0x5, 0xff, 0xb0, 0x0,
    0x0, 0x0, 0x0, 0x0, 0x0, 0x0, 0x0, 0x0,

    /* U+6001 "态" */
    0x0, 0x0, 0x0, 0xc, 0xc0, 0x0, 0x0, 0x0,
    0x0, 0x0, 0x0, 0xe, 0xa0, 0x0, 0x0, 0x0,
    0x5, 0x55, 0x55, 0x5f, 0xb5, 0x55, 0x55, 0x51,
    0x2f, 0xff, 0xff, 0xff, 0xff, 0xff, 0xff, 0xf3,
    0x0, 0x0, 0x0, 0xbf, 0xbe, 0x20, 0x0, 0x0,
    0x0, 0x0, 0x4, 0xf8, 0x2f, 0xb0, 0x0, 0x0,
    0x0, 0x0, 0x4f, 0xc1, 0x6, 0xfb, 0x10, 0x0,
    0x0, 0x2a, 0xfc, 0xaf, 0x80, 0x7f, 0xe7, 0x10,
    0x1d, 0xfe, 0x70, 0x8, 0xfa, 0x3, 0xdf, 0xf2,
    0x7, 0x50, 0x0, 0x2b, 0x71, 0x0, 0x4, 0x50,
    0x0, 0xb5, 0xaa, 0xc, 0xe2, 0x0, 0xd9, 0x0,
    0x2, 0xf5, 0xbc, 0x0, 0xdd, 0x1, 0x7f, 0x20,
    0x7, 0xf1, 0xbc, 0x0, 0x23, 0xd, 0x7f, 0x90,
    0xe, 0xa0, 0xae, 0x65, 0x55, 0x8f, 0x59, 0xf0,
    0x6, 0x30, 0x4d, 0xff, 0xff, 0xfb, 0x3, 0x60,

    /* U+6062 "恢" */
    0x0, 0x0, 0x0, 0x0, 0x0, 0x0, 0x0, 0x0,
    0x0, 0x6e, 0x0, 0x3, 0xf2, 0x0, 0x0, 0x0,
    0x0, 0x6e, 0x0, 0x5, 0xf1, 0x0, 0x0, 0x0,
    0x0, 0x6e, 0x1, 0x27, 0xf2, 0x22, 0x22, 0x20,
    0x4, 0x8f, 0xb8, 0xff, 0xff, 0xff, 0xff, 0xf1,
    0xd, 0xbe, 0xc8, 0x2c, 0xc2, 0x26, 0x42, 0x20,
    0xf, 0xae, 0x7b, 0xf, 0x80, 0xf, 0x50, 0x0,
    0x2f, 0x7e, 0x24, 0x3f, 0x4a, 0x3f, 0x45, 0xa0,
    0x4b, 0x6e, 0x0, 0x7f, 0x1f, 0x3f, 0x2a, 0x80,
    0x0, 0x6e, 0x0, 0xcb, 0x5d, 0x4f, 0x1e, 0x40,
    0x0, 0x6e, 0x3, 0xf5, 0xa7, 0x8f, 0x5e, 0x0,
    0x0, 0x6e, 0xb, 0xd0, 0x0, 0xdf, 0x61, 0x0,
    0x0, 0x6e, 0x6f, 0x40, 0x6, 0xfb, 0xd0, 0x0,
    0x0, 0x6e, 0x17, 0x0, 0x3f, 0x91, 0xe9, 0x0,
    0x0, 0x6e, 0x0, 0x18, 0xfd, 0x0, 0x5f, 0xa1,
    0x0, 0x6e, 0x0, 0xd, 0x80, 0x0, 0x3, 0xa0,
    0x0, 0x0, 0x0, 0x0, 0x0, 0x0, 0x0, 0x0,

    /* U+60A8 "您" */
    0x0, 0x0, 0x62, 0x5, 0x20, 0x0, 0x0, 0x0,
    0x0, 0x6, 0xf4, 0x1f, 0x81, 0x11, 0x11, 0x0,
    0x0, 0x1f, 0xa0, 0x9f, 0xff, 0xff, 0xff, 0xf0,
    0x0, 0xcf, 0x44, 0xf7, 0x33, 0x53, 0x3e, 0xa0,
    0x1c, 0xff, 0x4d, 0xb0, 0x3, 0xf3, 0x2f, 0x30,
    0x3f, 0x8f, 0x41, 0x1b, 0x53, 0xf3, 0x95, 0x0,
    0x2, 0x2f, 0x40, 0x6f, 0x33, 0xf3, 0x9f, 0x10,
    0x0, 0x2f, 0x44, 0xf9, 0x3, 0xf3, 0xe, 0xa0,
    0x0, 0x2f, 0x42, 0x90, 0x69, 0xf2, 0x6, 0x80,
    0x0, 0x2e, 0x30, 0x6, 0xbd, 0x90, 0x0, 0x0,
    0x0, 0x50, 0x75, 0x1d, 0xd1, 0x0, 0x57, 0x0,
    0x2, 0xf6, 0xda, 0x1, 0xeb, 0x0, 0x7f, 0x30,
    0x8, 0xf1, 0xda, 0x0, 0x43, 0xd, 0x7e, 0xb0,
    0x1f, 0x90, 0xdd, 0x66, 0x66, 0x8f, 0x68, 0xf1,
    0x5, 0x20, 0x5e, 0xff, 0xff, 0xfb, 0x1, 0x20,

    /* U+6211 "我" */
    0x0, 0x0, 0x26, 0xb9, 0x2f, 0x71, 0x60, 0x0,
    0x8, 0xbe, 0xff, 0xfa, 0x2f, 0x76, 0xf8, 0x0,
    0xd, 0xda, 0xfa, 0x0, 0xf, 0x80, 0x9f, 0x50,
    0x0, 0x0, 0xe9, 0x0, 0xf, 0x80, 0xc, 0x80,
    0x0, 0x0, 0xe9, 0x0, 0xf, 0x90, 0x0, 0x0,
    0x2f, 0xff, 0xff, 0xff, 0xff, 0xff, 0xff, 0xf2,
    0x17, 0x77, 0xfc, 0x77, 0x7d, 0xe7, 0x77, 0x71,
    0x0, 0x0, 0xe9, 0x0, 0xa, 0xf0, 0x2c, 0x30,
    0x0, 0x0, 0xec, 0x8b, 0x47, 0xf2, 0xde, 0x10,
    0x29, 0xcf, 0xff, 0xda, 0x34, 0xfd, 0xf4, 0x0,
    0x2e, 0xb8, 0xea, 0x0, 0x0, 0xff, 0x60, 0x0,
    0x0, 0x0, 0xe9, 0x0, 0x1b, 0xfe, 0x0, 0xb4,
    0x0, 0x0, 0xe9, 0x6, 0xee, 0x9f, 0x60, 0xd6,
    0x3, 0x78, 0xf9, 0x5f, 0xa1, 0xc, 0xf9, 0xf3,
    0x1, 0xff, 0xc2, 0x3, 0x0, 0x1, 0xcf, 0xa0,
    0x0, 0x0, 0x0, 0x0, 0x0, 0x0, 0x0, 0x0,

    /* U+6216 "或" */
    0x0, 0x0, 0x0, 0x0, 0x0, 0x0, 0x0, 0x0,
    0x0, 0x0, 0x0, 0x0, 0x5f, 0x46, 0xb2, 0x0,
    0x0, 0x0, 0x0, 0x0, 0x4f, 0x55, 0xfe, 0x30,
    0x0, 0x0, 0x0, 0x0, 0x5f, 0x60, 0x3d, 0x40,
    0xf, 0xff, 0xff, 0xff, 0xff, 0xff, 0xff, 0xf1,
    0x7, 0x77, 0x77, 0x77, 0x8f, 0xb7, 0x77, 0x70,
    0x0, 0x44, 0x44, 0x42, 0xf, 0x80, 0x16, 0x10,
    0x2, 0xff, 0xff, 0xf9, 0xe, 0xa0, 0x7f, 0x30,
    0x2, 0xf3, 0x0, 0xe9, 0xd, 0xc0, 0xdd, 0x0,
    0x2, 0xf3, 0x0, 0xe9, 0xa, 0xf4, 0xf6, 0x0,
    0x2, 0xf8, 0x66, 0xe9, 0x7, 0xfd, 0xe0, 0x0,
    0x2, 0xdd, 0xdd, 0xd8, 0x3, 0xff, 0x50, 0x0,
    0x0, 0x0, 0x1, 0x47, 0x4, 0xfd, 0x0, 0xa2,
    0x6, 0x9b, 0xef, 0xfc, 0x8f, 0xef, 0x40, 0xf5,
    0xd, 0xb8, 0x52, 0x3c, 0xf8, 0xd, 0xfc, 0xf2,
    0x0, 0x0, 0x0, 0x1c, 0x40, 0x2, 0xcf, 0x80,
    0x0, 0x0, 0x0, 0x0, 0x0, 0x0, 0x0, 0x0,

    /* U+6233 "戳" */
    0x0, 0x0, 0x0, 0x0, 0x0, 0x6f, 0x1, 0x0,
    0x2f, 0xff, 0xaf, 0xff, 0xf2, 0x5f, 0x6e, 0x10,
    0x8, 0x39, 0x98, 0x53, 0xf2, 0x5f, 0x1d, 0x90,
    0x7, 0xc8, 0x94, 0xe3, 0xf2, 0x4f, 0x15, 0xa0,
    0x4, 0xbf, 0x94, 0xbf, 0xf2, 0x4f, 0x56, 0x83,
    0x3e, 0x79, 0xad, 0x83, 0xfa, 0xff, 0xfe, 0xc4,
    0x0, 0x5b, 0x3a, 0x10, 0x54, 0x6f, 0x41, 0x40,
    0x0, 0xed, 0x8f, 0xb8, 0x80, 0xf, 0x58, 0xd0,
    0xa, 0xf9, 0x7f, 0xa7, 0x70, 0xf, 0x8f, 0x70,
    0x6f, 0xfc, 0xbf, 0xdb, 0x80, 0xd, 0xfe, 0x0,
    0x7, 0xf6, 0x3f, 0x83, 0x20, 0xa, 0xf5, 0x0,
    0x1, 0xfe, 0xdf, 0xed, 0x90, 0xc, 0xf0, 0x73,
    0x1, 0xf4, 0x1e, 0x71, 0x0, 0xbf, 0xf4, 0xa6,
    0x1, 0xff, 0xef, 0xfe, 0xec, 0xe2, 0xde, 0xf3,
    0x1, 0xf6, 0x33, 0x33, 0x3b, 0x20, 0x3f, 0xc0,
    0x0, 0x0, 0x0, 0x0, 0x0, 0x0, 0x0, 0x0,

    /* U+6237 "户" */
    0x0, 0x0, 0x0, 0x6, 0x40, 0x0, 0x0, 0x0,
    0x0, 0x0, 0xd, 0xc0, 0x0, 0x0, 0x0, 0x0,
    0x0, 0x8, 0xf3, 0x0, 0x0, 0x0, 0x7f, 0xff,
    0xff, 0xff, 0xff, 0xfa, 0x0, 0x7f, 0x65, 0x55,
    0x55, 0x55, 0xfa, 0x0, 0x7f, 0x10, 0x0, 0x0,
    0x0, 0xea, 0x0, 0x7f, 0x10, 0x0, 0x0, 0x0,
    0xea, 0x0, 0x8f, 0xff, 0xff, 0xff, 0xff, 0xfa,
    0x0, 0x8f, 0x77, 0x77, 0x77, 0x77, 0xfa, 0x0,
    0xad, 0x0, 0x0, 0x0, 0x0, 0x96, 0x0, 0xda,
    0x0, 0x0, 0x0, 0x0, 0x0, 0x1, 0xf7, 0x0,
    0x0, 0x0, 0x0, 0x0, 0x6, 0xf3, 0x0, 0x0,
    0x0, 0x0, 0x0, 0xe, 0xe0, 0x0, 0x0, 0x0,
    0x0, 0x0, 0x4f, 0x50, 0x0, 0x0, 0x0, 0x0,
    0x0, 0x3, 0x0, 0x0, 0x0, 0x0, 0x0, 0x0,

    /* U+6253 "打" */
    0x0, 0xc, 0xb0, 0x0, 0x0, 0x0, 0x0, 0x0,
    0x0, 0xc, 0xb0, 0x8, 0x88, 0x88, 0x88, 0x85,
    0x0, 0xc, 0xb0, 0x1f, 0xff, 0xff, 0xff, 0xfa,
    0x5, 0x5d, 0xd5, 0x43, 0x33, 0x3c, 0xf3, 0x32,
    0x1f, 0xff, 0xff, 0xb0, 0x0, 0xb, 0xe0, 0x0,
    0x1, 0x1d, 0xb1, 0x10, 0x0, 0xb, 0xe0, 0x0,
    0x0, 0xc, 0xb0, 0x0, 0x0, 0xb, 0xe0, 0x0,
    0x0, 0xc, 0xc7, 0x80, 0x0, 0xb, 0xe0, 0x0,
    0x7, 0xaf, 0xff, 0xa0, 0x0, 0xb, 0xe0, 0x0,
    0xf, 0xef, 0xc0, 0x0, 0x0, 0xb, 0xe0, 0x0,
    0x1, 0xc, 0xb0, 0x0, 0x0, 0xb, 0xe0, 0x0,
    0x0, 0xc, 0xb0, 0x0, 0x0, 0xb, 0xe0, 0x0,
    0x0, 0xc, 0xb0, 0x0, 0x0, 0xb, 0xe0, 0x0,
    0x4, 0x6e, 0xa0, 0x0, 0x68, 0x8f, 0xd0, 0x0,
    0x6, 0xfd, 0x40, 0x0, 0x5f, 0xfe, 0x50, 0x0,
    0x0, 0x0, 0x0, 0x0, 0x0, 0x0, 0x0, 0x0,

    /* U+626B "扫" */
    0x0, 0xc, 0xa0, 0x0, 0x0, 0x0, 0x0, 0x0,
    0x0, 0xca, 0x0, 0x44, 0x44, 0x44, 0x44, 0x0,
    0xc, 0xa0, 0xe, 0xff, 0xff, 0xff, 0xe0, 0x66,
    0xed, 0x64, 0x55, 0x55, 0x55, 0xbe, 0x1f, 0xff,
    0xff, 0x90, 0x0, 0x0, 0x8, 0xe0, 0x0, 0xca,
    0x0, 0x0, 0x0, 0x0, 0x8e, 0x0, 0xc, 0xa0,
    0x0, 0x0, 0x0, 0x8, 0xe0, 0x0, 0xcb, 0x56,
    0x8f, 0xff, 0xff, 0xfe, 0x16, 0xaf, 0xff, 0xb4,
    0x88, 0x88, 0x8c, 0xe1, 0xfd, 0xfc, 0x10, 0x0,
    0x0, 0x0, 0x8e, 0x1, 0xc, 0xa0, 0x0, 0x0,
    0x0, 0x8, 0xe0, 0x0, 0xca, 0x0, 0x0, 0x0,
    0x0, 0x8e, 0x0, 0xc, 0xa0, 0x3, 0x33, 0x33,
    0x3a, 0xe0, 0x35, 0xea, 0x0, 0xff, 0xff, 0xff,
    0xfe, 0x7, 0xfe, 0x40, 0x3, 0x33, 0x33, 0x3a,
    0xe0, 0x0, 0x0, 0x0, 0x0, 0x0, 0x0, 0x0,

    /* U+627E "找" */
    0x0, 0x2f, 0x40, 0x0, 0x8d, 0x5, 0x20, 0x0,
    0x0, 0x2f, 0x40, 0x0, 0x8f, 0xd, 0xe1, 0x0,
    0x0, 0x2f, 0x40, 0x0, 0x7f, 0x2, 0xfb, 0x0,
    0x15, 0x7f, 0x85, 0x0, 0x7f, 0x10, 0x67, 0x0,
    0x4f, 0xff, 0xff, 0x43, 0x9f, 0x99, 0xbd, 0xe1,
    0x0, 0x3f, 0x50, 0x9f, 0xff, 0xed, 0xb9, 0x81,
    0x0, 0x2f, 0x40, 0x23, 0x4f, 0x50, 0x6, 0x0,
    0x0, 0x2f, 0x88, 0x20, 0xf, 0x80, 0x6f, 0x30,
    0x28, 0xcf, 0xfe, 0x30, 0xd, 0xb2, 0xf9, 0x0,
    0x4f, 0xcf, 0x60, 0x0, 0x9, 0xfc, 0xe1, 0x0,
    0x0, 0x2f, 0x40, 0x0, 0x5, 0xff, 0x30, 0x0,
    0x0, 0x2f, 0x40, 0x0, 0x2d, 0xfb, 0x0, 0xb4,
    0x0, 0x2f, 0x40, 0x6, 0xfe, 0xbf, 0x50, 0xf6,
    0x5, 0x7f, 0x40, 0xdf, 0xb1, 0x1e, 0xfd, 0xf2,
    0xc, 0xfc, 0x10, 0x34, 0x0, 0x2, 0xbf, 0x90,
    0x0, 0x0, 0x0, 0x0, 0x0, 0x0, 0x0, 0x0,

    /* U+62E9 "择" */
    0x0, 0x5f, 0x10, 0x0, 0x0, 0x0, 0x0, 0x0,
    0x0, 0x5f, 0x10, 0x9f, 0xff, 0xff, 0xff, 0x80,
    0x0, 0x5f, 0x10, 0x38, 0xf7, 0x55, 0xbf, 0x20,
    0x16, 0x9f, 0x75, 0x0, 0xad, 0x15, 0xf7, 0x0,
    0x4f, 0xff, 0xff, 0x0, 0xd, 0xdf, 0x90, 0x0,
    0x0, 0x5f, 0x20, 0x1, 0x6d, 0xff, 0x82, 0x0,
    0x0, 0x5f, 0x12, 0xcf, 0xf9, 0x16, 0xef, 0xd6,
    0x0, 0x5f, 0xbb, 0x96, 0x11, 0xf6, 0x5, 0xa2,
    0x29, 0xef, 0xfb, 0x14, 0x45, 0xf9, 0x44, 0x10,
    0x5f, 0xdf, 0x30, 0x5f, 0xff, 0xff, 0xff, 0x60,
    0x0, 0x5f, 0x10, 0x0, 0x2, 0xf7, 0x0, 0x0,
    0x0, 0x5f, 0x10, 0x66, 0x67, 0xfa, 0x66, 0x63,
    0x0, 0x5f, 0x12, 0xff, 0xff, 0xff, 0xff, 0xf7,
    0x6, 0xaf, 0x10, 0x0, 0x1, 0xf6, 0x0, 0x0,
    0xc, 0xfa, 0x0, 0x0, 0x1, 0xf6, 0x0, 0x0,
    0x0, 0x0, 0x0, 0x0, 0x0, 0x0, 0x0, 0x0,

    /* U+6301 "持" */
    0x0, 0x0, 0x0, 0x0, 0x0, 0x0, 0x0, 0x0,
    0x0, 0x2f, 0x30, 0x0, 0x0, 0xe8, 0x0, 0x0,
    0x0, 0x2f, 0x30, 0x0, 0x0, 0xe8, 0x0, 0x0,
    0x0, 0x2f, 0x30, 0x16, 0x66, 0xfb, 0x66, 0x50,
    0x3, 0x6f, 0x62, 0x3f, 0xff, 0xff, 0xff, 0xd0,
    0x2f, 0xff, 0xfb, 0x0, 0x0, 0xe8, 0x0, 0x0,
    0x1, 0x4f, 0x41, 0x66, 0x66, 0xfb, 0x66, 0x64,
    0x0, 0x2f, 0x30, 0xff, 0xff, 0xff, 0xff, 0xf9,
    0x0, 0x2f, 0x65, 0x0, 0x0, 0x0, 0xd9, 0x0,
    0x16, 0xbf, 0xfb, 0x56, 0x66, 0x66, 0xec, 0x63,
    0x3f, 0xef, 0x50, 0xcf, 0xff, 0xff, 0xff, 0xf7,
    0x2, 0x2f, 0x30, 0x5, 0x80, 0x0, 0xd9, 0x0,
    0x0, 0x2f, 0x30, 0x4, 0xf6, 0x0, 0xd9, 0x0,
    0x0, 0x2f, 0x30, 0x0, 0x9e, 0x0, 0xd9, 0x0,
    0x6, 0x9f, 0x20, 0x0, 0x11, 0x66, 0xf9, 0x0,
    0x9, 0xea, 0x0, 0x0, 0x0, 0xcf, 0xd3, 0x0,

    /* U+6309 "按" */
    0x0, 0x0, 0x0, 0x0, 0x0, 0x0, 0x0, 0x0,
    0x0, 0x2f, 0x40, 0x0, 0x4, 0xf3, 0x0, 0x0,
    0x0, 0x2f, 0x40, 0x0, 0x2, 0xf7, 0x0, 0x0,
    0x0, 0x2f, 0x40, 0x8b, 0xbb, 0xfe, 0xbb, 0xb3,
    0x15, 0x7f, 0x85, 0xbe, 0xcc, 0xcc, 0xcc, 0xf5,
    0x3f, 0xff, 0xfe, 0xbb, 0x7, 0x60, 0x1, 0xf5,
    0x0, 0x3f, 0x50, 0x77, 0xf, 0xa0, 0x1, 0xb3,
    0x0, 0x2f, 0x40, 0x33, 0x7f, 0x83, 0x33, 0x32,
    0x0, 0x2f, 0x43, 0xff, 0xff, 0xff, 0xff, 0xf8,
    0x0, 0x5f, 0xdf, 0x34, 0xf8, 0x11, 0xdd, 0x10,
    0x4e, 0xff, 0xb6, 0xa, 0xf1, 0x1, 0xf8, 0x0,
    0x28, 0x6f, 0x40, 0x1e, 0xf8, 0x19, 0xf2, 0x0,
    0x0, 0x2f, 0x40, 0x0, 0x7e, 0xff, 0x80, 0x0,
    0x0, 0x2f, 0x40, 0x0, 0x1a, 0xff, 0xe6, 0x0,
    0x5, 0x8f, 0x40, 0x7b, 0xfe, 0x62, 0xbf, 0xc2,
    0xc, 0xfc, 0x0, 0xbb, 0x61, 0x0, 0x6, 0xc1,
    0x0, 0x0, 0x0, 0x0, 0x0, 0x0, 0x0, 0x0,

    /* U+6362 "换" */
    0x0, 0x0, 0x0, 0x0, 0x0, 0x0, 0x0, 0x0,
    0x0, 0x5f, 0x20, 0x0, 0x7d, 0x20, 0x0, 0x0,
    0x0, 0x5f, 0x20, 0x0, 0xee, 0x11, 0x10, 0x0,
    0x0, 0x5f, 0x20, 0x8, 0xff, 0xff, 0xfd, 0x0,
    0x4, 0x8f, 0x62, 0x4f, 0xb2, 0x26, 0xf7, 0x0,
    0x1f, 0xff, 0xfb, 0xff, 0x43, 0x3d, 0xe3, 0x10,
    0x4, 0x8f, 0x63, 0xcf, 0xff, 0xff, 0xff, 0x70,
    0x0, 0x5f, 0x20, 0x4f, 0x20, 0xf6, 0xf, 0x70,
    0x0, 0x5f, 0x64, 0x4f, 0x21, 0xf6, 0xf, 0x70,
    0x18, 0xcf, 0xf9, 0x4f, 0x22, 0xf5, 0xf, 0x70,
    0x1e, 0xcf, 0x26, 0xff, 0xef, 0xff, 0xef, 0xf7,
    0x0, 0x5f, 0x22, 0x66, 0x6e, 0xfd, 0x66, 0x63,
    0x0, 0x5f, 0x20, 0x0, 0x7f, 0x8f, 0x70, 0x0,
    0x0, 0x5f, 0x20, 0x8, 0xf7, 0x6, 0xf7, 0x0,
    0x6, 0xaf, 0x25, 0xdf, 0x60, 0x0, 0x7f, 0xe5,
    0x9, 0xea, 0xc, 0xa2, 0x0, 0x0, 0x2, 0xc4,
    0x0, 0x0, 0x0, 0x0, 0x0, 0x0, 0x0, 0x0,

    /* U+636E "据" */
    0x0, 0x4f, 0x10, 0x0, 0x0, 0x0, 0x0, 0x0,
    0x0, 0x4f, 0x10, 0x8f, 0xff, 0xff, 0xff, 0xf0,
    0x0, 0x4f, 0x10, 0x8f, 0x44, 0x44, 0x49, 0xf0,
    0x18, 0xaf, 0x97, 0x8e, 0x0, 0x0, 0x5, 0xf0,
    0x1d, 0xef, 0xdb, 0x8f, 0xff, 0xff, 0xff, 0xf0,
    0x0, 0x4f, 0x10, 0x9f, 0x55, 0x8f, 0x75, 0x50,
    0x0, 0x4f, 0x10, 0x9e, 0x0, 0x4f, 0x20, 0x0,
    0x0, 0x4f, 0x66, 0xaf, 0xff, 0xff, 0xff, 0xf5,
    0x18, 0xcf, 0xfa, 0xbd, 0x55, 0x8f, 0x65, 0x51,
    0x2f, 0xcf, 0x20, 0xca, 0x0, 0x4f, 0x20, 0x0,
    0x0, 0x4f, 0x10, 0xe8, 0xff, 0xff, 0xff, 0xf1,
    0x0, 0x4f, 0x12, 0xf6, 0xf8, 0x44, 0x47, 0xf1,
    0x0, 0x4f, 0x16, 0xf1, 0xf4, 0x0, 0x3, 0xf1,
    0x7, 0xbf, 0x1d, 0xb0, 0xf7, 0x44, 0x47, 0xf1,
    0x9, 0xc7, 0x2d, 0x30, 0xff, 0xff, 0xff, 0xf1,
    0x0, 0x0, 0x0, 0x0, 0x0, 0x0, 0x0, 0x0,

    /* U+63A5 "接" */
    0x0, 0xc9, 0x0, 0x0, 0xb, 0x50, 0x0, 0x0,
    0x0, 0xc9, 0x0, 0x0, 0xb, 0xc0, 0x0, 0x0,
    0x0, 0xc9, 0x1, 0xff, 0xff, 0xff, 0xff, 0xa0,
    0x35, 0xdb, 0x50, 0x5a, 0x95, 0x57, 0xc6, 0x30,
    0x9f, 0xff, 0xf1, 0x9, 0xd0, 0x9, 0xe0, 0x0,
    0x0, 0xc9, 0x2, 0x35, 0xe5, 0x4f, 0x83, 0x30,
    0x0, 0xc9, 0x9, 0xff, 0xff, 0xff, 0xff, 0xf1,
    0x0, 0xca, 0x50, 0x11, 0x5e, 0x31, 0x11, 0x10,
    0x38, 0xef, 0xf4, 0x44, 0xce, 0x54, 0x44, 0x41,
    0xaf, 0xfb, 0x1c, 0xff, 0xff, 0xff, 0xff, 0xf3,
    0x10, 0xc9, 0x0, 0x1e, 0x90, 0x7, 0xf2, 0x0,
    0x0, 0xc9, 0x0, 0x9f, 0xc6, 0x3f, 0xa0, 0x0,
    0x0, 0xc9, 0x0, 0x3, 0x9f, 0xff, 0x40, 0x0,
    0x26, 0xe9, 0x5, 0x7a, 0xfe, 0x8c, 0xfc, 0x30,
    0x2f, 0xd3, 0xb, 0xc9, 0x50, 0x0, 0x4d, 0x50,
    0x0, 0x0, 0x0, 0x0, 0x0, 0x0, 0x0, 0x0,

    /* U+63A8 "推" */
    0x0, 0x4f, 0x30, 0x0, 0xb5, 0x3a, 0x0, 0x0,
    0x0, 0x4f, 0x30, 0x4, 0xf5, 0x3f, 0x60, 0x0,
    0x0, 0x4f, 0x30, 0xa, 0xf0, 0xd, 0xb0, 0x0,
    0x16, 0x9f, 0x86, 0x1f, 0xfb, 0xbe, 0xcb, 0xb0,
    0x3f, 0xff, 0xfe, 0x9f, 0xdb, 0xbf, 0xdb, 0xb0,
    0x0, 0x4f, 0x32, 0xff, 0x90, 0xf, 0x50, 0x0,
    0x0, 0x4f, 0x3d, 0xee, 0xb6, 0x6f, 0x96, 0x40,
    0x0, 0x4f, 0x5c, 0x4d, 0xff, 0xff, 0xff, 0xc0,
    0x5, 0xaf, 0xfd, 0xd, 0x90, 0xf, 0x50, 0x0,
    0x3f, 0xef, 0x60, 0xd, 0xb5, 0x5f, 0x95, 0x40,
    0x2, 0x4f, 0x30, 0xd, 0xff, 0xff, 0xff, 0xc0,
    0x0, 0x4f, 0x30, 0xd, 0x90, 0xf, 0x60, 0x0,
    0x0, 0x4f, 0x30, 0xd, 0x91, 0x2f, 0x61, 0x10,
    0x6, 0xaf, 0x20, 0xd, 0xff, 0xff, 0xff, 0xf5,
    0xa, 0xfa, 0x0, 0xd, 0xb4, 0x44, 0x44, 0x41,
    0x0, 0x0, 0x0, 0x0, 0x0, 0x0, 0x0, 0x0,

    /* U+63CF "描" */
    0x0, 0x5f, 0x0, 0x0, 0xf7, 0x0, 0xf7, 0x0,
    0x0, 0x5f, 0x0, 0x0, 0xf7, 0x0, 0xf7, 0x0,
    0x0, 0x5f, 0x0, 0x44, 0xfa, 0x44, 0xfa, 0x42,
    0x5, 0x9f, 0x64, 0xff, 0xff, 0xff, 0xff, 0xf7,
    0x1c, 0xdf, 0xc8, 0x11, 0xf8, 0x11, 0xf8, 0x10,
    0x0, 0x5f, 0x0, 0x0, 0x84, 0x0, 0x84, 0x0,
    0x0, 0x5f, 0x0, 0x25, 0x55, 0x55, 0x55, 0x50,
    0x0, 0x5f, 0x44, 0x6f, 0xff, 0xff, 0xff, 0xf0,
    0x16, 0xcf, 0xfa, 0x6f, 0x0, 0xf6, 0x7, 0xf0,
    0x3f, 0xef, 0x30, 0x6f, 0x11, 0xf7, 0x18, 0xf0,
    0x2, 0x5f, 0x0, 0x6f, 0xff, 0xff, 0xff, 0xf0,
    0x0, 0x5f, 0x0, 0x6f, 0x33, 0xf8, 0x39, 0xf0,
    0x0, 0x5f, 0x0, 0x6f, 0x0, 0xf6, 0x7, 0xf0,
    0x7, 0xbf, 0x0, 0x6f, 0xff, 0xff, 0xff, 0xf0,
    0xa, 0xd8, 0x0, 0x6f, 0x55, 0x55, 0x5a, 0xe0,

    /* U+652F "支" */
    0x0, 0x0, 0x0, 0xe, 0xa0, 0x0, 0x0, 0x0,
    0x0, 0x0, 0x0, 0xe, 0xa0, 0x0, 0x0, 0x0,
    0x0, 0x0, 0x0, 0xe, 0xa0, 0x0, 0x0, 0x0,
    0xe, 0xff, 0xff, 0xff, 0xff, 0xff, 0xff, 0xa0,
    0x6, 0x77, 0x77, 0x7f, 0xc7, 0x77, 0x77, 0x40,
    0x0, 0x0, 0x0, 0xe, 0xa0, 0x0, 0x0, 0x0,
    0x1, 0x77, 0x77, 0x7f, 0xd7, 0x77, 0x70, 0x0,
    0x2, 0xff, 0xff, 0xff, 0xff, 0xff, 0xf3, 0x0,
    0x0, 0x9, 0xf2, 0x0, 0x0, 0x2f, 0xa0, 0x0,
    0x0, 0x1, 0xec, 0x0, 0x0, 0xdf, 0x10, 0x0,
    0x0, 0x0, 0x4f, 0xc1, 0x1c, 0xf4, 0x0, 0x0,
    0x0, 0x0, 0x4, 0xfe, 0xef, 0x30, 0x0, 0x0,
    0x0, 0x0, 0x17, 0xef, 0xfd, 0x61, 0x0, 0x0,
    0x15, 0x8c, 0xff, 0xc5, 0x6d, 0xff, 0xc9, 0x61,
    0x4f, 0xfc, 0x82, 0x0, 0x0, 0x49, 0xdf, 0xd0,
    0x3, 0x0, 0x0, 0x0, 0x0, 0x0, 0x0, 0x10,

    /* U+653E "放" */
    0x0, 0x1, 0x40, 0x0, 0x1, 0x41, 0x0, 0x0,
    0x0, 0x6, 0xf1, 0x0, 0x6, 0xf3, 0x0, 0x0,
    0x0, 0x1, 0xf5, 0x0, 0xa, 0xf0, 0x0, 0x0,
    0x2d, 0xdd, 0xed, 0xdc, 0xe, 0xe7, 0x77, 0x74,
    0x18, 0xbf, 0x88, 0x87, 0x2f, 0xff, 0xff, 0xf9,
    0x0, 0x6f, 0x0, 0x0, 0x8f, 0x50, 0x3f, 0x40,
    0x0, 0x6f, 0x77, 0x73, 0xef, 0x90, 0x6f, 0x10,
    0x0, 0x6f, 0xee, 0xfd, 0xfc, 0xd0, 0xad, 0x0,
    0x0, 0x7f, 0x2, 0xf7, 0x83, 0xf3, 0xf9, 0x0,
    0x0, 0x8f, 0x3, 0xf3, 0x0, 0xdd, 0xf2, 0x0,
    0x0, 0xbc, 0x3, 0xf3, 0x0, 0x7f, 0xb0, 0x0,
    0x0, 0xf9, 0x4, 0xf2, 0x0, 0xaf, 0xd1, 0x0,
    0x6, 0xf3, 0x5, 0xf1, 0xa, 0xf9, 0xfc, 0x10,
    0x2f, 0xc2, 0x5b, 0xf6, 0xef, 0x50, 0x6f, 0xe5,
    0x2d, 0x13, 0xff, 0x77, 0xc3, 0x0, 0x4, 0xd3,
    0x0, 0x0, 0x0, 0x0, 0x0, 0x0, 0x0, 0x0,

    /* U+6559 "教" */
    0x0, 0xf, 0x60, 0x5, 0x14, 0xd2, 0x0, 0x0,
    0x0, 0xf, 0x60, 0x2f, 0x78, 0xf1, 0x0, 0x0,
    0xf, 0xff, 0xff, 0xbe, 0xb, 0xe0, 0x0, 0x0,
    0x5, 0x5f, 0x96, 0xf8, 0xf, 0xe8, 0x88, 0x81,
    0x24, 0x4f, 0x8a, 0xf5, 0x5f, 0xed, 0xef, 0xe2,
    0xaf, 0xff, 0xff, 0xff, 0xdf, 0x70, 0x7f, 0x10,
    0x0, 0x6, 0xf9, 0x3, 0xff, 0xb0, 0xad, 0x0,
    0x4, 0xff, 0xff, 0xfc, 0xfa, 0xf0, 0xea, 0x0,
    0x3c, 0xf7, 0x7f, 0x80, 0x42, 0xf8, 0xf5, 0x0,
    0x4d, 0x33, 0xf6, 0x0, 0x0, 0xdf, 0xe0, 0x0,
    0x25, 0x6a, 0xfb, 0xcd, 0x30, 0x8f, 0x80, 0x0,
    0x9f, 0xdd, 0xf9, 0x75, 0x12, 0xef, 0xc0, 0x0,
    0x0, 0x5, 0xf1, 0x0, 0x3d, 0xf8, 0xfa, 0x0,
    0x0, 0x48, 0xf1, 0x9, 0xff, 0x30, 0x8f, 0xd1,
    0x0, 0xef, 0xa0, 0x8, 0xa1, 0x0, 0x6, 0xb0,
    0x0, 0x0, 0x0, 0x0, 0x0, 0x0, 0x0, 0x0,

    /* U+6570 "数" */
    0x1, 0x50, 0xe8, 0x6, 0x0, 0xb4, 0x0, 0x0,
    0x4, 0xf1, 0xe8, 0x6f, 0x12, 0xf4, 0x0, 0x0,
    0x0, 0xe6, 0xe8, 0xd7, 0x5, 0xf2, 0x0, 0x0,
    0x9, 0xb9, 0xfc, 0xa9, 0x69, 0xf7, 0x66, 0x62,
    0xa, 0xad, 0xff, 0xba, 0x7d, 0xff, 0xff, 0xf6,
    0x0, 0x7f, 0xfd, 0xe8, 0x3f, 0xe0, 0x2f, 0x30,
    0x1d, 0xe4, 0xe8, 0x27, 0xbf, 0xf2, 0x5f, 0x0,
    0x6, 0x13, 0x80, 0x1, 0xf7, 0xd7, 0x8d, 0x0,
    0x3, 0x3a, 0xe3, 0x33, 0x50, 0x8b, 0xd9, 0x0,
    0xc, 0xff, 0xff, 0xff, 0x0, 0x4f, 0xf3, 0x0,
    0x0, 0x9d, 0x0, 0xd9, 0x0, 0xf, 0xd0, 0x0,
    0x1, 0xee, 0x79, 0xe1, 0x0, 0x6f, 0xf3, 0x0,
    0x0, 0x7, 0xff, 0x90, 0x4, 0xfa, 0xdd, 0x10,
    0x2, 0x7e, 0xd8, 0xf4, 0x8f, 0xb0, 0x2f, 0xe3,
    0x1f, 0xd7, 0x0, 0x16, 0xf8, 0x0, 0x3, 0xe6,
    0x1, 0x0, 0x0, 0x0, 0x20, 0x0, 0x0, 0x0,

    /* U+6587 "文" */
    0x0, 0x0, 0x0, 0x2, 0x30, 0x0, 0x0, 0x0,
    0x0, 0x0, 0x0, 0xe, 0xe0, 0x0, 0x0, 0x0,
    0x0, 0x0, 0x0, 0x8, 0xf6, 0x0, 0x0, 0x0,
    0x8, 0x88, 0x88, 0x89, 0xe9, 0x88, 0x88, 0x83,
    0x1f, 0xff, 0xff, 0xff, 0xff, 0xff, 0xff, 0xf7,
    0x0, 0x5, 0xf4, 0x0, 0x0, 0x1f, 0xb0, 0x0,
    0x0, 0x0, 0xdc, 0x0, 0x0, 0x7f, 0x30, 0x0,
    0x0, 0x0, 0x5f, 0x50, 0x0, 0xec, 0x0, 0x0,
    0x0, 0x0, 0xc, 0xe2, 0xa, 0xf4, 0x0, 0x0,
    0x0, 0x0, 0x1, 0xed, 0x7f, 0x70, 0x0, 0x0,
    0x0, 0x0, 0x0, 0x4f, 0xfb, 0x0, 0x0, 0x0,
    0x0, 0x0, 0x1, 0xaf, 0xfe, 0x40, 0x0, 0x0,
    0x0, 0x0, 0x5e, 0xf8, 0x5e, 0xfa, 0x10, 0x0,
    0x3, 0x8e, 0xfd, 0x30, 0x1, 0xaf, 0xfb, 0x60,
    0x1f, 0xfc, 0x50, 0x0, 0x0, 0x3, 0x9f, 0xf5,
    0x4, 0x20, 0x0, 0x0, 0x0, 0x0, 0x0, 0x40,

    /* U+6599 "料" */
    0x0, 0x0, 0x0, 0x0, 0x0, 0x0, 0x0, 0x0,
    0x0, 0xc, 0x90, 0x0, 0x0, 0x0, 0xe8, 0x0,
    0x1d, 0xc, 0x92, 0xe1, 0x57, 0x0, 0xe8, 0x0,
    0xf, 0x3c, 0x95, 0xe0, 0x7f, 0xb0, 0xe8, 0x0,
    0xb, 0x7c, 0x99, 0x90, 0x4, 0xf3, 0xe8, 0x0,
    0x9, 0xac, 0x9d, 0x30, 0x0, 0x20, 0xe8, 0x0,
    0x4, 0x3d, 0xa5, 0x21, 0x40, 0x0, 0xe8, 0x0,
    0x4f, 0xff, 0xff, 0xf7, 0xfa, 0x0, 0xe8, 0x0,
    0x14, 0x9f, 0xd4, 0x40, 0x4e, 0x90, 0xe8, 0x0,
    0x0, 0xcf, 0xf8, 0x0, 0x2, 0x10, 0xe8, 0x0,
    0x3, 0xfd, 0xcf, 0x50, 0x0, 0x14, 0xfd, 0xc5,
    0xc, 0x9c, 0x98, 0xc8, 0xce, 0xff, 0xfd, 0x93,
    0x6f, 0x2c, 0x90, 0x19, 0xa7, 0x41, 0xe8, 0x0,
    0x38, 0xc, 0x90, 0x0, 0x0, 0x0, 0xe8, 0x0,
    0x0, 0xc, 0x90, 0x0, 0x0, 0x0, 0xe8, 0x0,
    0x0, 0xc, 0x90, 0x0, 0x0, 0x0, 0xe8, 0x0,
    0x0, 0x0, 0x0, 0x0, 0x0, 0x0, 0x0, 0x0,

    /* U+65AD "断" */
    0x0, 0x0, 0x0, 0x0, 0x0, 0x0, 0x0, 0x0,
    0x0, 0x1f, 0x20, 0x0, 0x0, 0x2a, 0x90, 0xe6,
    0x41, 0xf2, 0x41, 0x16, 0xcf, 0xfc, 0x1e, 0x6e,
    0x2f, 0x3f, 0x3f, 0xfc, 0x83, 0x0, 0xe6, 0xa6,
    0xf8, 0xc0, 0xf6, 0x0, 0x0, 0xe, 0x65, 0x5f,
    0x84, 0xf, 0x50, 0x0, 0x0, 0xe9, 0xcc, 0xfc,
    0xc5, 0xf7, 0x22, 0x22, 0xe, 0x88, 0xbf, 0xa8,
    0x4f, 0xff, 0xff, 0xf4, 0xe6, 0xc, 0xfe, 0x21,
    0xf8, 0x39, 0xf3, 0x1e, 0x67, 0xef, 0xae, 0x3f,
    0x40, 0x7e, 0x0, 0xeb, 0xf4, 0xf3, 0x73, 0xf3,
    0x7, 0xe0, 0xe, 0x85, 0x1f, 0x20, 0x3f, 0x20,
    0x7e, 0x0, 0xe6, 0x0, 0x81, 0x6, 0xf0, 0x7,
    0xe0, 0xe, 0xa5, 0x55, 0x55, 0x9d, 0x0, 0x7e,
    0x0, 0xef, 0xff, 0xff, 0xee, 0x80, 0x7, 0xe0,
    0x0, 0x0, 0x0, 0x1, 0xd2, 0x0, 0x7e, 0x0,
    0x0, 0x0, 0x0, 0x0, 0x0, 0x0, 0x0, 0x0,

    /* U+65B0 "新" */
    0x0, 0x4, 0x70, 0x0, 0x0, 0x0, 0x3, 0x0,
    0x0, 0x5, 0xf2, 0x0, 0x2, 0x69, 0xdf, 0xa0,
    0x1f, 0xff, 0xff, 0xff, 0x3f, 0xeb, 0x73, 0x0,
    0x5, 0xc6, 0x47, 0xd5, 0x2f, 0x40, 0x0, 0x0,
    0x0, 0xe6, 0x8, 0xe0, 0x2f, 0x40, 0x0, 0x0,
    0x13, 0xba, 0x3d, 0xa3, 0x3f, 0x62, 0x22, 0x20,
    0x5f, 0xff, 0xff, 0xff, 0x7f, 0xff, 0xff, 0xf6,
    0x0, 0x2, 0xf3, 0x0, 0x2f, 0x73, 0xaf, 0x31,
    0x15, 0x56, 0xf7, 0x55, 0x4f, 0x30, 0x8e, 0x0,
    0x3f, 0xff, 0xff, 0xff, 0x5f, 0x20, 0x8e, 0x0,
    0x1, 0x72, 0xf4, 0x70, 0x5f, 0x10, 0x8e, 0x0,
    0x8, 0xc2, 0xf4, 0xd7, 0x8f, 0x0, 0x8e, 0x0,
    0x2f, 0x31, 0xf3, 0x4b, 0xdb, 0x0, 0x8e, 0x0,
    0x2, 0x39, 0xf3, 0x5, 0xf5, 0x0, 0x8e, 0x0,
    0x0, 0x3c, 0x90, 0x2, 0xa0, 0x0, 0x8e, 0x0,

    /* U+65B9 "方" */
    0x0, 0x0, 0x0, 0x7, 0x60, 0x0, 0x0, 0x0,
    0x0, 0x0, 0x0, 0xc, 0xe0, 0x0, 0x0, 0x0,
    0x0, 0x0, 0x0, 0x5, 0xf4, 0x0, 0x0, 0x0,
    0xf, 0xff, 0xff, 0xff, 0xff, 0xff, 0xff, 0xf1,
    0x7, 0x77, 0x7e, 0xe7, 0x77, 0x77, 0x77, 0x70,
    0x0, 0x0, 0xe, 0xc0, 0x0, 0x0, 0x0, 0x0,
    0x0, 0x0, 0xf, 0xb0, 0x0, 0x0, 0x0, 0x0,
    0x0, 0x0, 0x1f, 0xff, 0xff, 0xff, 0xf8, 0x0,
    0x0, 0x0, 0x5f, 0xa6, 0x66, 0x67, 0xf7, 0x0,
    0x0, 0x0, 0x9f, 0x20, 0x0, 0x3, 0xf5, 0x0,
    0x0, 0x1, 0xfd, 0x0, 0x0, 0x4, 0xf4, 0x0,
    0x0, 0x9, 0xf5, 0x0, 0x0, 0x7, 0xf1, 0x0,
    0x0, 0x5f, 0xc0, 0x0, 0x0, 0xa, 0xf0, 0x0,
    0x8, 0xfd, 0x10, 0x3, 0x76, 0x8f, 0xa0, 0x0,
    0x1d, 0xa1, 0x0, 0x3, 0xff, 0xfc, 0x20, 0x0,
    0x0, 0x0, 0x0, 0x0, 0x0, 0x0, 0x0, 0x0,

    /* U+65E0 "无" */
    0x0, 0x77, 0x77, 0x77, 0x77, 0x77, 0x77, 0x30,
    0x1, 0xff, 0xff, 0xff, 0xff, 0xff, 0xff, 0x80,
    0x0, 0x0, 0x0, 0xf, 0x90, 0x0, 0x0, 0x0,
    0x0, 0x0, 0x0, 0xf, 0x80, 0x0, 0x0, 0x0,
    0x0, 0x0, 0x0, 0x1f, 0x70, 0x0, 0x0, 0x0,
    0x1f, 0xff, 0xff, 0xff, 0xff, 0xff, 0xff, 0xf6,
    0x8, 0x88, 0x88, 0xcf, 0xee, 0x88, 0x88, 0x83,
    0x0, 0x0, 0x0, 0xcd, 0xbd, 0x0, 0x0, 0x0,
    0x0, 0x0, 0x2, 0xf8, 0xbd, 0x0, 0x0, 0x0,
    0x0, 0x0, 0xb, 0xf1, 0xbd, 0x0, 0x0, 0x0,
    0x0, 0x0, 0x7f, 0x80, 0xbd, 0x0, 0x0, 0xc4,
    0x0, 0x8, 0xfb, 0x0, 0xbd, 0x0, 0x0, 0xf7,
    0x4, 0xdf, 0xb0, 0x0, 0xaf, 0x87, 0x7a, 0xf4,
    0x1e, 0xe6, 0x0, 0x0, 0x3d, 0xff, 0xff, 0xa0,
    0x2, 0x0, 0x0, 0x0, 0x0, 0x0, 0x0, 0x0,

    /* U+65F6 "时" */
    0x0, 0x0, 0x0, 0x0, 0x0, 0xf, 0x80, 0x8,
    0x99, 0x99, 0x20, 0x0, 0x0, 0xf8, 0x0, 0xef,
    0xff, 0xf4, 0x0, 0x0, 0xf, 0x80, 0xe, 0x80,
    0x1f, 0x57, 0x77, 0x77, 0xfb, 0x72, 0xe7, 0x1,
    0xf5, 0xff, 0xff, 0xff, 0xff, 0x5e, 0x70, 0x1f,
    0x50, 0x0, 0x0, 0xf8, 0x0, 0xeb, 0x67, 0xf4,
    0x5, 0x0, 0xf, 0x80, 0xe, 0xfe, 0xef, 0x46,
    0xf5, 0x0, 0xf8, 0x0, 0xe7, 0x1, 0xf4, 0xb,
    0xe1, 0xf, 0x80, 0xe, 0x70, 0x1f, 0x40, 0x1f,
    0xb0, 0xf8, 0x0, 0xe7, 0x1, 0xf4, 0x0, 0x65,
    0xf, 0x80, 0xe, 0xff, 0xff, 0x40, 0x0, 0x0,
    0xf8, 0x0, 0xeb, 0x66, 0x61, 0x0, 0x0, 0xf,
    0x80, 0x9, 0x50, 0x0, 0x0, 0x8, 0x88, 0xf7,
    0x0, 0x0, 0x0, 0x0, 0x0, 0xdf, 0xeb, 0x10,
    0x0, 0x0, 0x0, 0x0, 0x0, 0x0, 0x0, 0x0,

    /* U+662F "是" */
    0x0, 0x7f, 0xff, 0xff, 0xff, 0xff, 0xf6, 0x0,
    0x0, 0x7f, 0x11, 0x11, 0x11, 0x12, 0xf6, 0x0,
    0x0, 0x7f, 0xdd, 0xdd, 0xdd, 0xde, 0xf6, 0x0,
    0x0, 0x7f, 0x22, 0x22, 0x22, 0x23, 0xf6, 0x0,
    0x0, 0x7f, 0xcc, 0xcc, 0xcc, 0xcd, 0xf6, 0x0,
    0x0, 0x24, 0x44, 0x44, 0x44, 0x44, 0x42, 0x0,
    0x6, 0x66, 0x66, 0x66, 0x66, 0x66, 0x66, 0x60,
    0x1f, 0xff, 0xff, 0xff, 0xff, 0xff, 0xff, 0xf1,
    0x0, 0x7, 0x90, 0x9, 0xe0, 0x0, 0x0, 0x0,
    0x0, 0xe, 0xc0, 0x9, 0xfe, 0xee, 0xee, 0x0,
    0x0, 0x4f, 0xf3, 0x9, 0xf6, 0x66, 0x66, 0x0,
    0x0, 0xce, 0xdd, 0x49, 0xe0, 0x0, 0x0, 0x0,
    0x9, 0xf4, 0x2e, 0xff, 0xf7, 0x76, 0x66, 0x72,
    0x3f, 0x70, 0x0, 0x6b, 0xef, 0xff, 0xff, 0xf2,
    0x1, 0x0, 0x0, 0x0, 0x0, 0x0, 0x0, 0x0,

    /* U+6682 "暂" */
    0x0, 0x0, 0x0, 0x0, 0x0, 0x0, 0x0, 0x0,
    0x0, 0xa, 0xb0, 0x0, 0x0, 0x13, 0x6a, 0x60,
    0x2f, 0xff, 0xff, 0xff, 0x4f, 0xff, 0xda, 0x50,
    0x2, 0xdc, 0x34, 0x22, 0xf, 0x60, 0x0, 0x0,
    0x5, 0xf2, 0x6f, 0x0, 0xf, 0x60, 0x0, 0x0,
    0xe, 0xfc, 0xef, 0xcc, 0x5f, 0xff, 0xff, 0xf4,
    0x5, 0x65, 0xaf, 0x55, 0x4f, 0x74, 0xda, 0x41,
    0x5, 0x67, 0xbf, 0xbd, 0x8f, 0x10, 0xd8, 0x0,
    0x1d, 0xba, 0xcf, 0x53, 0xdb, 0x0, 0xd8, 0x0,
    0x0, 0x0, 0x5b, 0x0, 0x73, 0x0, 0x96, 0x0,
    0x0, 0x4f, 0xff, 0xff, 0xff, 0xff, 0xf6, 0x0,
    0x0, 0x4f, 0x53, 0x33, 0x33, 0x34, 0xf6, 0x0,
    0x0, 0x4f, 0x64, 0x44, 0x44, 0x45, 0xf6, 0x0,
    0x0, 0x4f, 0xcc, 0xcc, 0xcc, 0xcc, 0xf6, 0x0,
    0x0, 0x4f, 0x53, 0x33, 0x33, 0x34, 0xf6, 0x0,
    0x0, 0x4f, 0xff, 0xff, 0xff, 0xff, 0xf6, 0x0,

    /* U+66F4 "更" */
    0xf, 0xff, 0xff, 0xff, 0xff, 0xff, 0xff, 0xf0,
    0x5, 0x55, 0x55, 0x5c, 0xf5, 0x55, 0x55, 0x50,
    0x0, 0x12, 0x22, 0x2b, 0xe2, 0x22, 0x22, 0x0,
    0x0, 0x8f, 0xff, 0xff, 0xff, 0xff, 0xff, 0x0,
    0x0, 0x8e, 0x11, 0x1b, 0xe1, 0x11, 0x8f, 0x0,
    0x0, 0x8e, 0x55, 0x5c, 0xf5, 0x55, 0xaf, 0x0,
    0x0, 0x8f, 0xcc, 0xce, 0xfc, 0xcc, 0xef, 0x0,
    0x0, 0x8e, 0x0, 0xb, 0xe0, 0x0, 0x8f, 0x0,
    0x0, 0x8f, 0xff, 0xff, 0xff, 0xff, 0xff, 0x0,
    0x0, 0x2b, 0xa3, 0x4f, 0xa3, 0x33, 0x33, 0x0,
    0x0, 0x7, 0xf8, 0xaf, 0x30, 0x0, 0x0, 0x0,
    0x0, 0x0, 0xaf, 0xfb, 0x20, 0x0, 0x0, 0x0,
    0x5, 0x8d, 0xfd, 0xaf, 0xff, 0xb9, 0x87, 0x73,
    0xd, 0xea, 0x40, 0x1, 0x58, 0xbc, 0xdf, 0xf3,
    0x0, 0x0, 0x0, 0x0, 0x0, 0x0, 0x0, 0x0,

    /* U+6700 "最" */
    0x0, 0x3f, 0xff, 0xff, 0xff, 0xff, 0xf4, 0x0,
    0x0, 0x3f, 0x40, 0x0, 0x0, 0x4, 0xf4, 0x0,
    0x0, 0x3f, 0xfe, 0xee, 0xee, 0xef, 0xf4, 0x0,
    0x0, 0x3f, 0x40, 0x0, 0x0, 0x4, 0xf4, 0x0,
    0x0, 0x3f, 0xff, 0xff, 0xff, 0xff, 0xf4, 0x0,
    0x14, 0x44, 0x44, 0x44, 0x44, 0x44, 0x44, 0x41,
    0x3e, 0xff, 0xee, 0xff, 0xee, 0xee, 0xee, 0xe3,
    0x0, 0xca, 0x22, 0xd9, 0x33, 0x33, 0x34, 0x10,
    0x0, 0xcf, 0xee, 0xf9, 0xcf, 0xff, 0xff, 0xa0,
    0x0, 0xca, 0x11, 0xd9, 0x1e, 0x60, 0x4f, 0x30,
    0x0, 0xcf, 0xff, 0xf9, 0x5, 0xf3, 0xea, 0x0,
    0x0, 0xca, 0x24, 0xec, 0x30, 0xaf, 0xd0, 0x0,
    0x3e, 0xff, 0xed, 0xfd, 0x7a, 0xfc, 0xfd, 0x71,
    0x3, 0x10, 0x0, 0xda, 0x99, 0x20, 0x17, 0xc1,

    /* U+6709 "有" */
    0x0, 0x0, 0x0, 0x61, 0x0, 0x0, 0x0, 0x0,
    0x0, 0x0, 0x4, 0xf6, 0x0, 0x0, 0x0, 0x0,
    0x7, 0x77, 0x7b, 0xf8, 0x77, 0x77, 0x77, 0x70,
    0xf, 0xff, 0xff, 0xff, 0xff, 0xff, 0xff, 0xf1,
    0x0, 0x0, 0x9f, 0x20, 0x0, 0x0, 0x0, 0x0,
    0x0, 0x4, 0xfd, 0x66, 0x66, 0x66, 0x61, 0x0,
    0x0, 0x1e, 0xff, 0xff, 0xff, 0xff, 0xf3, 0x0,
    0x2, 0xdf, 0xf6, 0x0, 0x0, 0x3, 0xf3, 0x0,
    0x2e, 0xf4, 0xff, 0xff, 0xff, 0xff, 0xf3, 0x0,
    0x1c, 0x30, 0xf9, 0x55, 0x55, 0x57, 0xf3, 0x0,
    0x0, 0x0, 0xf7, 0x11, 0x11, 0x14, 0xf3, 0x0,
    0x0, 0x0, 0xff, 0xff, 0xff, 0xff, 0xf3, 0x0,
    0x0, 0x0, 0xf8, 0x33, 0x33, 0x36, 0xf3, 0x0,
    0x0, 0x0, 0xf6, 0x0, 0x5, 0x69, 0xf3, 0x0,
    0x0, 0x0, 0xf6, 0x0, 0x7, 0xff, 0xb0, 0x0,

    /* U+672A "未" */
    0x0, 0x0, 0x0, 0xc, 0xc0, 0x0, 0x0, 0x0,
    0x0, 0x0, 0x0, 0xc, 0xc0, 0x0, 0x0, 0x0,
    0x0, 0x0, 0x0, 0xc, 0xc0, 0x0, 0x0, 0x0,
    0x0, 0xef, 0xff, 0xff, 0xff, 0xff, 0xff, 0x0,
    0x0, 0x78, 0x88, 0x8e, 0xe8, 0x88, 0x88, 0x0,
    0x0, 0x0, 0x0, 0xc, 0xc0, 0x0, 0x0, 0x0,
    0x0, 0x0, 0x0, 0xd, 0xc0, 0x0, 0x0, 0x0,
    0x1f, 0xff, 0xff, 0xff, 0xff, 0xff, 0xff, 0xf2,
    0x7, 0x77, 0x77, 0xef, 0xfe, 0x77, 0x77, 0x71,
    0x0, 0x0, 0x8, 0xff, 0xff, 0x70, 0x0, 0x0,
    0x0, 0x0, 0x9f, 0x6c, 0xc6, 0xf8, 0x0, 0x0,
    0x0, 0x2b, 0xf6, 0xc, 0xc0, 0x6f, 0xb1, 0x0,
    0x18, 0xfe, 0x40, 0xc, 0xc0, 0x5, 0xef, 0x80,
    0x2e, 0xa1, 0x0, 0xc, 0xc0, 0x0, 0x1a, 0xe2,
    0x1, 0x0, 0x0, 0xc, 0xc0, 0x0, 0x0, 0x10,

    /* U+672C "本" */
    0x0, 0x0, 0x0, 0xc, 0xc0, 0x0, 0x0, 0x0,
    0x0, 0x0, 0x0, 0xc, 0xc0, 0x0, 0x0, 0x0,
    0x0, 0x0, 0x0, 0xc, 0xc0, 0x0, 0x0, 0x0,
    0x0, 0x0, 0x0, 0xd, 0xc0, 0x0, 0x0, 0x0,
    0xf, 0xff, 0xff, 0xff, 0xff, 0xff, 0xff, 0xf0,
    0x7, 0x77, 0x7d, 0xfe, 0xef, 0xc7, 0x77, 0x70,
    0x0, 0x0, 0x2f, 0x7c, 0xc9, 0xe1, 0x0, 0x0,
    0x0, 0x0, 0xbf, 0x1c, 0xc1, 0xf9, 0x0, 0x0,
    0x0, 0x5, 0xf7, 0xc, 0xc0, 0x8f, 0x40, 0x0,
    0x0, 0x2e, 0xb0, 0xc, 0xc0, 0xc, 0xe2, 0x0,
    0x2, 0xee, 0x20, 0xd, 0xc0, 0x3, 0xfe, 0x30,
    0x3f, 0xe9, 0xff, 0xff, 0xff, 0xff, 0x9e, 0xf3,
    0x9, 0x13, 0x77, 0x7e, 0xe7, 0x77, 0x22, 0x70,
    0x0, 0x0, 0x0, 0xc, 0xc0, 0x0, 0x0, 0x0,
    0x0, 0x0, 0x0, 0xc, 0xc0, 0x0, 0x0, 0x0,

    /* U+673A "机" */
    0x0, 0xa, 0xc0, 0x0, 0x0, 0x0, 0x0, 0x0,
    0x0, 0xa, 0xc0, 0x1, 0xff, 0xff, 0xf6, 0x0,
    0x0, 0xa, 0xc0, 0x1, 0xfa, 0x67, 0xf6, 0x0,
    0x1, 0x1b, 0xc1, 0x11, 0xf5, 0x0, 0xf6, 0x0,
    0x3f, 0xff, 0xff, 0xf1, 0xf5, 0x0, 0xf6, 0x0,
    0x14, 0x5f, 0xd4, 0x41, 0xf5, 0x0, 0xf6, 0x0,
    0x0, 0x5f, 0xd0, 0x1, 0xf5, 0x0, 0xf6, 0x0,
    0x0, 0xbf, 0xfa, 0x2, 0xf4, 0x0, 0xf6, 0x0,
    0x1, 0xfd, 0xde, 0x93, 0xf3, 0x0, 0xf6, 0x0,
    0xa, 0xba, 0xc4, 0xd6, 0xf1, 0x0, 0xf6, 0x0,
    0x4f, 0x4a, 0xc0, 0x18, 0xe0, 0x0, 0xf6, 0x0,
    0x4a, 0xa, 0xc0, 0xe, 0xa0, 0x0, 0xf6, 0x5a,
    0x0, 0xa, 0xc0, 0x4f, 0x40, 0x0, 0xf7, 0x5c,
    0x0, 0xa, 0xc1, 0xeb, 0x0, 0x0, 0xfb, 0xba,
    0x0, 0xa, 0xc2, 0xc1, 0x0, 0x0, 0x9f, 0xe4,

    /* U+677F "板" */
    0x0, 0xf, 0x50, 0x0, 0x0, 0x0, 0x2, 0x0,
    0x0, 0xf, 0x50, 0x3, 0x46, 0x7a, 0xef, 0x80,
    0x0, 0xf, 0x50, 0x5f, 0xff, 0xdb, 0x95, 0x10,
    0x17, 0x7f, 0xa7, 0x7f, 0x20, 0x0, 0x0, 0x0,
    0x2e, 0xef, 0xfe, 0x8f, 0x10, 0x0, 0x0, 0x0,
    0x0, 0x5f, 0x80, 0x5f, 0xff, 0xff, 0xff, 0x50,
    0x0, 0xaf, 0xf3, 0x6f, 0xce, 0x66, 0x8f, 0x30,
    0x0, 0xff, 0xcd, 0x6f, 0x4f, 0x20, 0x7f, 0x0,
    0x5, 0xcf, 0x6c, 0x8e, 0xf, 0x90, 0xdb, 0x0,
    0xd, 0x6f, 0x50, 0x9c, 0x9, 0xe6, 0xf3, 0x0,
    0x6e, 0x1f, 0x50, 0xcb, 0x2, 0xff, 0xb0, 0x0,
    0x26, 0xf, 0x50, 0xf7, 0x0, 0xdf, 0x60, 0x0,
    0x0, 0xf, 0x55, 0xf3, 0x1c, 0xfe, 0xf4, 0x0,
    0x0, 0xf, 0x6c, 0xd7, 0xef, 0x41, 0xdf, 0xa1,
    0x0, 0xf, 0x6a, 0x58, 0xa2, 0x0, 0x8, 0xc0,
    0x0, 0x0, 0x0, 0x0, 0x0, 0x0, 0x0, 0x0,

    /* U+6781 "极" */
    0x0, 0x1f, 0x40, 0x0, 0x0, 0x0, 0x0, 0x0,
    0x0, 0x1f, 0x40, 0xdf, 0xff, 0xff, 0xf4, 0x0,
    0x0, 0x1f, 0x40, 0x58, 0xf8, 0x6a, 0xf0, 0x0,
    0x1d, 0xdf, 0xec, 0x3, 0xf2, 0xa, 0xc0, 0x0,
    0x1c, 0xdf, 0xdb, 0x5, 0xf1, 0xd, 0x90, 0x0,
    0x0, 0x6f, 0x70, 0x6, 0xf0, 0x1f, 0x83, 0x10,
    0x0, 0xbf, 0xf2, 0x7, 0xf3, 0x6f, 0xff, 0xc0,
    0x0, 0xff, 0xcc, 0xa, 0xf9, 0x1, 0x1e, 0x70,
    0x6, 0xef, 0x5c, 0xd, 0xff, 0x10, 0x4f, 0x30,
    0xd, 0x8f, 0x40, 0xf, 0x8e, 0x90, 0xbd, 0x0,
    0x6f, 0x2f, 0x40, 0x6f, 0x26, 0xf8, 0xf4, 0x0,
    0x26, 0x1f, 0x40, 0xbd, 0x0, 0xcf, 0xb0, 0x0,
    0x0, 0x1f, 0x44, 0xf7, 0x3, 0xef, 0xf5, 0x0,
    0x0, 0x1f, 0x5e, 0xc0, 0x8f, 0xb2, 0xaf, 0xb2,
    0x0, 0x1f, 0x6c, 0x30, 0xb7, 0x0, 0x4, 0xb1,
    0x0, 0x0, 0x0, 0x0, 0x0, 0x0, 0x0, 0x0,

    /* U+67E5 "查" */
    0x0, 0x0, 0x0, 0xc, 0xb0, 0x0, 0x0, 0x0,
    0x0, 0x0, 0x0, 0xc, 0xb0, 0x0, 0x0, 0x0,
    0x5, 0x55, 0x55, 0x5d, 0xd5, 0x55, 0x55, 0x50,
    0x1f, 0xff, 0xff, 0xff, 0xff, 0xff, 0xff, 0xf2,
    0x0, 0x0, 0x4e, 0xbd, 0xcb, 0xd4, 0x0, 0x0,
    0x0, 0x3a, 0xf8, 0xc, 0xb0, 0x9f, 0xb5, 0x0,
    0x3d, 0xfe, 0x61, 0x16, 0x51, 0x15, 0xdf, 0xf3,
    0x9, 0x59, 0xff, 0xff, 0xff, 0xff, 0x83, 0x70,
    0x0, 0x9, 0xf0, 0x0, 0x0, 0x1f, 0x70, 0x0,
    0x0, 0x9, 0xfb, 0xbb, 0xbb, 0xcf, 0x70, 0x0,
    0x0, 0x9, 0xf4, 0x44, 0x44, 0x5f, 0x70, 0x0,
    0x0, 0x9, 0xf7, 0x77, 0x77, 0x8f, 0x70, 0x0,
    0x0, 0x5, 0xaa, 0xaa, 0xaa, 0xaa, 0x50, 0x0,
    0x5, 0x66, 0x66, 0x66, 0x66, 0x66, 0x66, 0x50,
    0xd, 0xff, 0xff, 0xff, 0xff, 0xff, 0xff, 0xe0,

    /* U+6807 "标" */
    0x0, 0xf, 0x80, 0x0, 0x0, 0x0, 0x0, 0x0,
    0x0, 0xf, 0x80, 0x2, 0x66, 0x66, 0x66, 0x40,
    0x0, 0xf, 0x80, 0x5, 0xff, 0xff, 0xff, 0xa0,
    0x2, 0x2f, 0x92, 0x10, 0x0, 0x0, 0x0, 0x0,
    0x4f, 0xff, 0xff, 0x80, 0x0, 0x0, 0x0, 0x0,
    0x14, 0x9f, 0xb4, 0x37, 0x77, 0x77, 0x77, 0x73,
    0x0, 0xbf, 0xf4, 0x1f, 0xff, 0xff, 0xff, 0xf7,
    0x1, 0xff, 0xdf, 0x30, 0x0, 0xcb, 0x0, 0x0,
    0x8, 0xdf, 0x8b, 0x82, 0x50, 0xcb, 0x16, 0x0,
    0x1f, 0x6f, 0x81, 0x9, 0xe0, 0xcb, 0x2f, 0x50,
    0x8d, 0xf, 0x80, 0xe, 0x90, 0xcb, 0xb, 0xc0,
    0x14, 0xf, 0x80, 0x7f, 0x30, 0xcb, 0x5, 0xf1,
    0x0, 0xf, 0x81, 0xfa, 0x0, 0xcb, 0x1, 0xf6,
    0x0, 0xf, 0x80, 0x42, 0x58, 0xeb, 0x0, 0x62,
    0x0, 0xf, 0x80, 0x0, 0x7f, 0xd5, 0x0, 0x0,

    /* U+6839 "根" */
    0x0, 0xf, 0x40, 0x0, 0x0, 0x0, 0x0, 0x0,
    0x0, 0xf, 0x40, 0x4f, 0xff, 0xff, 0xff, 0x0,
    0x0, 0xf, 0x40, 0x4f, 0x85, 0x55, 0xaf, 0x0,
    0x38, 0x9f, 0xb8, 0x5f, 0x40, 0x0, 0x7f, 0x0,
    0x6d, 0xef, 0xed, 0x5f, 0xff, 0xff, 0xff, 0x0,
    0x0, 0x6f, 0x50, 0x4f, 0x74, 0x44, 0xaf, 0x0,
    0x0, 0xbf, 0xe0, 0x4f, 0x40, 0x0, 0x7f, 0x0,
    0x0, 0xff, 0xf9, 0x4f, 0xff, 0xff, 0xff, 0x0,
    0x6, 0xdf, 0x8f, 0x5f, 0x88, 0xf6, 0x56, 0x0,
    0xe, 0x7f, 0x42, 0x4f, 0x40, 0xf6, 0x2d, 0x90,
    0x7e, 0x1f, 0x40, 0x4f, 0x40, 0xae, 0xfa, 0x10,
    0x36, 0xf, 0x40, 0x4f, 0x40, 0x2f, 0xa0, 0x0,
    0x0, 0xf, 0x40, 0x4f, 0x41, 0x57, 0xf7, 0x0,
    0x0, 0xf, 0x40, 0x8f, 0xff, 0xf0, 0x9f, 0xc1,
    0x0, 0xf, 0x40, 0x8c, 0x83, 0x0, 0x5, 0x90,
    0x0, 0x0, 0x0, 0x0, 0x0, 0x0, 0x0, 0x0,

    /* U+68C0 "检" */
    0x0, 0x0, 0x0, 0x0, 0x0, 0x0, 0x0, 0x0,
    0x0, 0x4f, 0x10, 0x0, 0x7, 0xd0, 0x0, 0x0,
    0x0, 0x4f, 0x10, 0x0, 0x1e, 0xf4, 0x0, 0x0,
    0x0, 0x4f, 0x10, 0x0, 0xbf, 0xff, 0x20, 0x0,
    0x29, 0xbf, 0xa5, 0x7, 0xf8, 0x3f, 0xe2, 0x0,
    0x4f, 0xff, 0xf9, 0x6f, 0xa0, 0x3, 0xfe, 0x40,
    0x0, 0x9f, 0x18, 0xfe, 0x65, 0x55, 0x9e, 0xf5,
    0x0, 0xdf, 0xab, 0x98, 0xee, 0xee, 0xe1, 0xb1,
    0x2, 0xff, 0xf5, 0x0, 0x0, 0x0, 0x0, 0x0,
    0x8, 0xff, 0x7a, 0x57, 0x8, 0xb0, 0xd, 0x70,
    0x1e, 0x9f, 0x11, 0x5e, 0x4, 0xe0, 0x4f, 0x10,
    0x6e, 0x5f, 0x10, 0x1f, 0x32, 0xf1, 0xaa, 0x0,
    0x4, 0x4f, 0x10, 0xd, 0x50, 0x84, 0xf2, 0x0,
    0x0, 0x4f, 0x10, 0x0, 0x0, 0xa, 0x90, 0x0,
    0x0, 0x4f, 0x17, 0xee, 0xee, 0xef, 0xfe, 0xe0,
    0x0, 0x4f, 0x13, 0x66, 0x66, 0x66, 0x66, 0x60,

    /* U+69FD "槽" */
    0x0, 0x3f, 0x20, 0x0, 0x4f, 0xb, 0xa0, 0x0,
    0x0, 0x3f, 0x20, 0x77, 0xaf, 0x8d, 0xd7, 0x74,
    0x0, 0x3f, 0x21, 0xee, 0xff, 0xef, 0xfe, 0xe8,
    0x0, 0x3f, 0x20, 0x1, 0x5f, 0x1b, 0xa1, 0x10,
    0x3f, 0xff, 0xfd, 0xaf, 0xff, 0xff, 0xff, 0xf1,
    0x16, 0xaf, 0x75, 0xa9, 0x2f, 0xb, 0x73, 0xf1,
    0x0, 0xaf, 0x40, 0xaf, 0xff, 0xff, 0xff, 0xf1,
    0x0, 0xef, 0xd0, 0xa9, 0x1f, 0xa, 0x72, 0xf1,
    0x3, 0xff, 0xd7, 0xaf, 0xff, 0xff, 0xff, 0xf1,
    0xa, 0xbf, 0x5d, 0x15, 0x55, 0x55, 0x55, 0x30,
    0x2f, 0x5f, 0x21, 0xf, 0xfe, 0xee, 0xef, 0x70,
    0x6b, 0x3f, 0x20, 0xf, 0x71, 0x11, 0x1f, 0x70,
    0x2, 0x3f, 0x20, 0xf, 0xff, 0xff, 0xff, 0x70,
    0x0, 0x3f, 0x20, 0xf, 0x82, 0x22, 0x3f, 0x70,
    0x0, 0x3e, 0x20, 0xf, 0xff, 0xff, 0xff, 0x70,

    /* U+6A21 "模" */
    0x0, 0x5f, 0x0, 0x0, 0xf6, 0x6, 0xf0, 0x0,
    0x0, 0x5f, 0x1, 0xcc, 0xfd, 0xcd, 0xfc, 0xc0,
    0x0, 0x5f, 0x1, 0x77, 0xfa, 0x7b, 0xf7, 0x70,
    0x3f, 0xff, 0xf9, 0x0, 0x83, 0x3, 0x80, 0x0,
    0x2b, 0xdf, 0xc7, 0x8d, 0xdd, 0xdd, 0xdd, 0x30,
    0x0, 0x8f, 0x30, 0x9d, 0x33, 0x33, 0x5f, 0x40,
    0x0, 0xdf, 0xd0, 0x9f, 0xdd, 0xdd, 0xdf, 0x40,
    0x1, 0xff, 0xe7, 0x9d, 0x33, 0x33, 0x5f, 0x40,
    0x7, 0xff, 0x7c, 0x9f, 0xdd, 0xdd, 0xdf, 0x40,
    0xd, 0xbf, 0x11, 0x23, 0x39, 0xf3, 0x33, 0x10,
    0x6f, 0x6f, 0x2, 0x44, 0x4b, 0xe4, 0x44, 0x40,
    0x38, 0x5f, 0x8, 0xff, 0xff, 0xff, 0xff, 0xf1,
    0x0, 0x5f, 0x0, 0x0, 0x9f, 0x6f, 0x70, 0x0,
    0x0, 0x5f, 0x12, 0x6d, 0xf5, 0x5, 0xfc, 0x61,
    0x0, 0x5f, 0x9, 0xd8, 0x10, 0x0, 0x18, 0xd1,
    0x0, 0x0, 0x0, 0x0, 0x0, 0x0, 0x0, 0x0,

    /* U+6B21 "次" */
    0x0, 0x0, 0x0, 0x7, 0x40, 0x0, 0x0, 0x0,
    0x3, 0x10, 0x0, 0x2f, 0x80, 0x0, 0x0, 0x0,
    0xe, 0xf6, 0x0, 0x7f, 0x40, 0x0, 0x0, 0x0,
    0x1, 0xbf, 0x90, 0xbf, 0xff, 0xff, 0xff, 0xb0,
    0x0, 0x8, 0x31, 0xfc, 0x88, 0x88, 0x8f, 0xc0,
    0x0, 0x0, 0x8, 0xf3, 0xc, 0x70, 0x2f, 0x60,
    0x0, 0x0, 0x3f, 0xc0, 0x1f, 0x90, 0x8f, 0x10,
    0x0, 0x0, 0x2a, 0x20, 0x2f, 0xa0, 0x99, 0x0,
    0x0, 0x9, 0xa0, 0x0, 0x5f, 0xe0, 0x0, 0x0,
    0x0, 0x4f, 0x80, 0x0, 0xaf, 0xf4, 0x0, 0x0,
    0x0, 0xde, 0x0, 0x1, 0xfc, 0xcc, 0x0, 0x0,
    0x9, 0xf5, 0x0, 0xb, 0xf5, 0x3f, 0x60, 0x0,
    0x3f, 0xb0, 0x0, 0xaf, 0x90, 0xa, 0xf5, 0x0,
    0x5, 0x20, 0x3c, 0xfa, 0x0, 0x1, 0xdf, 0xb2,
    0x0, 0x0, 0xcf, 0x70, 0x0, 0x0, 0x19, 0xe1,
    0x0, 0x0, 0x1, 0x0, 0x0, 0x0, 0x0, 0x0,

    /* U+6B63 "正" */
    0x3, 0x77, 0x77, 0x77, 0x77, 0x77, 0x77, 0x60,
    0x7, 0xff, 0xff, 0xff, 0xff, 0xff, 0xff, 0xd0,
    0x0, 0x0, 0x0, 0x5, 0xf5, 0x0, 0x0, 0x0,
    0x0, 0x0, 0x0, 0x4, 0xf4, 0x0, 0x0, 0x0,
    0x0, 0x5, 0x20, 0x4, 0xf4, 0x0, 0x0, 0x0,
    0x0, 0xf, 0x80, 0x4, 0xf4, 0x0, 0x0, 0x0,
    0x0, 0xf, 0x80, 0x4, 0xff, 0xff, 0xff, 0x0,
    0x0, 0xf, 0x80, 0x4, 0xfa, 0x88, 0x88, 0x0,
    0x0, 0xf, 0x80, 0x4, 0xf4, 0x0, 0x0, 0x0,
    0x0, 0xf, 0x80, 0x4, 0xf4, 0x0, 0x0, 0x0,
    0x0, 0xf, 0x80, 0x4, 0xf4, 0x0, 0x0, 0x0,
    0x0, 0xf, 0x80, 0x4, 0xf4, 0x0, 0x0, 0x0,
    0x1f, 0xff, 0xff, 0xff, 0xff, 0xff, 0xff, 0xf6,
    0x8, 0x88, 0x88, 0x88, 0x88, 0x88, 0x88, 0x83,

    /* U+6B64 "此" */
    0x0, 0x0, 0x1f, 0x70, 0xa, 0xe0, 0x0, 0x0,
    0x0, 0x0, 0x1f, 0x70, 0xa, 0xe0, 0x0, 0x0,
    0x0, 0x0, 0x1f, 0x70, 0xa, 0xe0, 0x0, 0x0,
    0x0, 0x41, 0x1f, 0x70, 0xa, 0xe0, 0x0, 0x0,
    0x1, 0xf5, 0x1f, 0x70, 0xa, 0xe0, 0xb, 0x60,
    0x1, 0xf5, 0x1f, 0xb7, 0x4a, 0xe2, 0xcf, 0xb0,
    0x1, 0xf5, 0x1f, 0xff, 0x8a, 0xff, 0xe6, 0x0,
    0x1, 0xf5, 0x1f, 0x70, 0xa, 0xf8, 0x0, 0x0,
    0x1, 0xf5, 0x1f, 0x70, 0xa, 0xe0, 0x0, 0x0,
    0x1, 0xf5, 0x1f, 0x70, 0xa, 0xe0, 0x0, 0x0,
    0x1, 0xf5, 0x1f, 0x70, 0xa, 0xe0, 0x0, 0x0,
    0x1, 0xf5, 0x1f, 0x70, 0xa, 0xe0, 0x0, 0xd6,
    0x1, 0xf5, 0x1f, 0xa7, 0x5a, 0xe0, 0x0, 0xf7,
    0x18, 0xfd, 0xef, 0xff, 0x88, 0xf8, 0x79, 0xf4,
    0x3f, 0xfc, 0x96, 0x30, 0x2, 0xdf, 0xff, 0xb0,
    0x2, 0x0, 0x0, 0x0, 0x0, 0x0, 0x0, 0x0,

    /* U+6C60 "池" */
    0x2, 0x91, 0x0, 0x0, 0x6, 0xf0, 0x0, 0x0,
    0x6, 0xff, 0x50, 0x0, 0x6, 0xf0, 0x0, 0x0,
    0x0, 0x2c, 0xc0, 0xe9, 0x6, 0xf0, 0x0, 0x0,
    0x0, 0x0, 0x10, 0xe9, 0x6, 0xf1, 0x5c, 0x70,
    0x0, 0x0, 0x0, 0xe9, 0x7, 0xff, 0xff, 0xa0,
    0x3d, 0x60, 0x0, 0xec, 0xcf, 0xfa, 0x3d, 0x90,
    0x2b, 0xfc, 0x29, 0xff, 0xdb, 0xf0, 0xd, 0x90,
    0x0, 0x46, 0x7f, 0xf9, 0x6, 0xf0, 0xd, 0x90,
    0x0, 0x0, 0x1, 0xe9, 0x6, 0xf0, 0xe, 0x80,
    0x0, 0x7, 0x60, 0xe9, 0x6, 0xf4, 0x6f, 0x70,
    0x0, 0x1f, 0xa0, 0xe9, 0x6, 0xf6, 0xfc, 0x10,
    0x0, 0x8f, 0x20, 0xe9, 0x0, 0x20, 0x2, 0xa1,
    0x2, 0xfa, 0x0, 0xe9, 0x0, 0x0, 0x4, 0xf2,
    0xc, 0xf1, 0x0, 0xce, 0x66, 0x66, 0x6c, 0xe0,
    0x5, 0x70, 0x0, 0x4d, 0xff, 0xff, 0xfe, 0x50,

    /* U+6CA1 "没" */
    0x0, 0x20, 0x0, 0x0, 0x0, 0x0, 0x0, 0x0,
    0x7, 0xf9, 0x10, 0xe, 0xff, 0xff, 0xe0, 0x0,
    0x0, 0x8f, 0xd0, 0xe, 0xb6, 0x6b, 0xe0, 0x0,
    0x0, 0x2, 0x30, 0xf, 0x70, 0x8, 0xe0, 0x0,
    0x0, 0x0, 0x0, 0x5f, 0x40, 0x8, 0xf0, 0x0,
    0x1c, 0x50, 0x4, 0xfc, 0x0, 0x6, 0xff, 0xf7,
    0x2b, 0xfc, 0x3e, 0xc1, 0x0, 0x0, 0x68, 0x83,
    0x0, 0x5a, 0x6, 0x77, 0x77, 0x77, 0x77, 0x10,
    0x0, 0x0, 0x7, 0xff, 0xff, 0xff, 0xff, 0x30,
    0x0, 0x5, 0x60, 0xae, 0x10, 0x1, 0xeb, 0x0,
    0x0, 0xd, 0xb0, 0x1f, 0xb0, 0xb, 0xf3, 0x0,
    0x0, 0x6f, 0x30, 0x4, 0xfc, 0xbf, 0x50, 0x0,
    0x1, 0xeb, 0x0, 0x0, 0xbf, 0xfb, 0x0, 0x0,
    0x9, 0xf3, 0x14, 0x9f, 0xfb, 0xbf, 0xf9, 0x51,
    0x9, 0xa0, 0x5f, 0xea, 0x30, 0x4, 0xbf, 0xf4,
    0x0, 0x0, 0x3, 0x0, 0x0, 0x0, 0x0, 0x30,

    /* U+6CD5 "法" */
    0x0, 0x92, 0x0, 0x0, 0x8, 0xf0, 0x0, 0x0,
    0x3, 0xff, 0x80, 0x0, 0x8, 0xf0, 0x0, 0x0,
    0x0, 0x1b, 0xf2, 0x0, 0x8, 0xf0, 0x0, 0x0,
    0x0, 0x0, 0x40, 0xdf, 0xff, 0xff, 0xff, 0x60,
    0x0, 0x0, 0x0, 0x67, 0x7c, 0xf7, 0x77, 0x30,
    0x1d, 0x91, 0x0, 0x0, 0x8, 0xf0, 0x0, 0x0,
    0x7, 0xef, 0x30, 0x0, 0x8, 0xf0, 0x0, 0x0,
    0x0, 0x18, 0x8, 0xff, 0xff, 0xff, 0xff, 0xf0,
    0x0, 0x0, 0x4, 0x77, 0xaf, 0xb7, 0x77, 0x70,
    0x0, 0x2, 0xc1, 0x0, 0xbf, 0x10, 0x0, 0x0,
    0x0, 0xa, 0xf1, 0x3, 0xf8, 0x6, 0xb0, 0x0,
    0x0, 0x3f, 0x70, 0xc, 0xd0, 0x2, 0xf7, 0x0,
    0x0, 0xde, 0x0, 0x7f, 0x53, 0x46, 0xdf, 0x20,
    0x7, 0xf5, 0x1, 0xff, 0xff, 0xff, 0xde, 0xa0,
    0x4, 0xb0, 0x0, 0x97, 0x53, 0x10, 0x7, 0xe0,
    0x0, 0x0, 0x0, 0x0, 0x0, 0x0, 0x0, 0x0,

    /* U+6D4B "测" */
    0x0, 0x0, 0x0, 0x0, 0x0, 0x0, 0x0, 0x0,
    0x5, 0xc1, 0x0, 0x0, 0x0, 0x0, 0x0, 0xf2,
    0x5, 0xfe, 0x4f, 0xff, 0xff, 0x40, 0x0, 0xf2,
    0x0, 0x2d, 0x6f, 0x31, 0x1e, 0x43, 0xe0, 0xf2,
    0x0, 0x0, 0xf, 0x1c, 0xe, 0x43, 0xe0, 0xf2,
    0x2, 0x0, 0xf, 0x1f, 0xe, 0x43, 0xe0, 0xf2,
    0x3f, 0xb2, 0xf, 0x1f, 0xe, 0x43, 0xe0, 0xf2,
    0x6, 0xfd, 0x1f, 0x1f, 0xe, 0x43, 0xe0, 0xf2,
    0x0, 0x23, 0xf, 0x1f, 0xe, 0x43, 0xe0, 0xf2,
    0x0, 0x0, 0xf, 0x1f, 0xe, 0x43, 0xe0, 0xf2,
    0x0, 0x38, 0x1f, 0x1f, 0xe, 0x43, 0xe0, 0xf2,
    0x0, 0x9f, 0x1f, 0x3f, 0xe, 0x43, 0xe0, 0xf2,
    0x0, 0xf9, 0x9, 0x6b, 0x8, 0x22, 0x90, 0xf2,
    0x6, 0xf3, 0x0, 0xd8, 0xc2, 0x0, 0x0, 0xf2,
    0xd, 0xc0, 0x2c, 0xb0, 0x7e, 0x20, 0x35, 0xf2,
    0x7, 0x50, 0x89, 0x0, 0xa, 0x60, 0xef, 0xb0,
    0x0, 0x0, 0x0, 0x0, 0x0, 0x0, 0x0, 0x0,

    /* U+6D88 "消" */
    0x2, 0x91, 0x0, 0x30, 0x7, 0xf1, 0x2, 0x20,
    0x5, 0xfe, 0x33, 0xf6, 0x7, 0xf1, 0xb, 0xe0,
    0x0, 0x3e, 0xc0, 0xbe, 0x7, 0xf1, 0x2f, 0x70,
    0x0, 0x1, 0x20, 0x4f, 0x47, 0xf1, 0xae, 0x0,
    0x0, 0x0, 0x0, 0x4, 0x7, 0xf1, 0x3, 0x0,
    0x2e, 0x80, 0x0, 0xff, 0xff, 0xff, 0xff, 0x70,
    0x8, 0xfd, 0x10, 0xfb, 0x66, 0x66, 0x6f, 0x80,
    0x0, 0x39, 0x0, 0xf8, 0x11, 0x11, 0x1f, 0x80,
    0x0, 0x0, 0x0, 0xff, 0xff, 0xff, 0xff, 0x80,
    0x0, 0x6, 0x40, 0xf9, 0x33, 0x33, 0x3f, 0x80,
    0x0, 0xe, 0x90, 0xfa, 0x44, 0x44, 0x4f, 0x80,
    0x0, 0x8f, 0x10, 0xff, 0xff, 0xff, 0xff, 0x80,
    0x2, 0xf9, 0x0, 0xf8, 0x0, 0x0, 0xf, 0x80,
    0xb, 0xf1, 0x0, 0xf8, 0x0, 0x17, 0x7f, 0x70,
    0x4, 0x70, 0x0, 0xf8, 0x0, 0xe, 0xec, 0x20,

    /* U+6DFB "添" */
    0x3, 0x60, 0x0, 0x0, 0x0, 0x0, 0x0, 0x0,
    0x9, 0xfd, 0x2e, 0xff, 0xff, 0xff, 0xff, 0x80,
    0x0, 0x4e, 0x26, 0x66, 0xcf, 0x66, 0x66, 0x30,
    0x0, 0x0, 0x0, 0x0, 0xeb, 0x0, 0x0, 0x0,
    0x0, 0x0, 0x46, 0x67, 0xfb, 0x66, 0x66, 0x60,
    0x5e, 0x70, 0xaf, 0xff, 0xff, 0xff, 0xff, 0xf1,
    0x17, 0xf8, 0x0, 0x6f, 0x60, 0x2e, 0xa0, 0x0,
    0x0, 0x10, 0x7, 0xf9, 0x76, 0x3, 0xfc, 0x30,
    0x0, 0x0, 0xcf, 0x80, 0xc9, 0x0, 0x3d, 0xf2,
    0x0, 0x58, 0x54, 0xb2, 0xca, 0x72, 0xca, 0x20,
    0x0, 0xbd, 0x6, 0xf0, 0xc9, 0xb9, 0x4f, 0x40,
    0x2, 0xf6, 0x1e, 0x80, 0xc9, 0x6e, 0xb, 0xc0,
    0xa, 0xf0, 0x7d, 0x0, 0xc9, 0x1e, 0x13, 0xf2,
    0x2f, 0x90, 0x0, 0x35, 0xe9, 0x0, 0x0, 0x10,
    0x7, 0x20, 0x0, 0x5f, 0xe4, 0x0, 0x0, 0x0,

    /* U+6E05 "清" */
    0x2, 0x20, 0x0, 0x0, 0x1f, 0x50, 0x0, 0x0,
    0xb, 0xf5, 0x2, 0x22, 0x3f, 0x72, 0x22, 0x10,
    0x1, 0xcf, 0x5f, 0xff, 0xff, 0xff, 0xff, 0x60,
    0x0, 0x8, 0x1, 0x22, 0x3f, 0x72, 0x22, 0x0,
    0x0, 0x0, 0x9, 0xee, 0xef, 0xfe, 0xee, 0x0,
    0x2a, 0x10, 0x12, 0x22, 0x4f, 0x72, 0x22, 0x20,
    0x4e, 0xf6, 0xaf, 0xff, 0xff, 0xff, 0xff, 0xf1,
    0x1, 0xb6, 0x1, 0x33, 0x33, 0x33, 0x32, 0x0,
    0x0, 0x0, 0x6, 0xfe, 0xee, 0xee, 0xfb, 0x0,
    0x0, 0x7, 0x6, 0xf1, 0x11, 0x11, 0xbb, 0x0,
    0x0, 0x6f, 0x46, 0xff, 0xff, 0xff, 0xfb, 0x0,
    0x0, 0xdc, 0x6, 0xf2, 0x22, 0x22, 0xbb, 0x0,
    0x6, 0xf4, 0x6, 0xff, 0xff, 0xff, 0xfb, 0x0,
    0xe, 0xc0, 0x6, 0xf0, 0x0, 0x34, 0xcb, 0x0,
    0x5, 0x40, 0x6, 0xf0, 0x0, 0x6f, 0xd5, 0x0,

    /* U+6E29 "温" */
    0x0, 0x40, 0x0, 0x0, 0x0, 0x0, 0x0, 0x0,
    0x5, 0xfd, 0x41, 0xff, 0xff, 0xff, 0xfc, 0x0,
    0x0, 0x4e, 0xe1, 0xf8, 0x44, 0x44, 0xcc, 0x0,
    0x0, 0x1, 0x31, 0xf7, 0x33, 0x33, 0xcc, 0x0,
    0x0, 0x0, 0x1, 0xff, 0xff, 0xff, 0xfc, 0x0,
    0x2c, 0x60, 0x1, 0xf5, 0x0, 0x0, 0xbc, 0x0,
    0x2a, 0xfd, 0x1, 0xff, 0xff, 0xff, 0xfc, 0x0,
    0x0, 0x37, 0x0, 0x44, 0x44, 0x44, 0x43, 0x0,
    0x0, 0x0, 0x3, 0x55, 0x55, 0x55, 0x55, 0x10,
    0x0, 0x8, 0x49, 0xff, 0xff, 0xff, 0xff, 0x50,
    0x0, 0x2f, 0x79, 0xb0, 0xf2, 0x89, 0x1f, 0x50,
    0x0, 0xae, 0x9, 0xb0, 0xf2, 0x89, 0x1f, 0x50,
    0x3, 0xf7, 0x9, 0xb0, 0xf2, 0x89, 0x1f, 0x50,
    0xc, 0xe0, 0x5c, 0xd5, 0xf7, 0xbc, 0x7f, 0x92,
    0xb, 0x60, 0xef, 0xff, 0xff, 0xff, 0xff, 0xf5,
    0x0, 0x0, 0x0, 0x0, 0x0, 0x0, 0x0, 0x0,

    /* U+6E90 "源" */
    0x2, 0x50, 0x0, 0x0, 0x0, 0x0, 0x0, 0x0,
    0x8, 0xfc, 0x2d, 0xff, 0xff, 0xff, 0xff, 0xf1,
    0x0, 0x5e, 0x4d, 0xc5, 0x55, 0xc9, 0x55, 0x50,
    0x0, 0x1, 0xd, 0xa0, 0x1, 0xf6, 0x0, 0x0,
    0x1, 0x0, 0xd, 0xa6, 0xef, 0xfe, 0xee, 0x70,
    0x5f, 0x60, 0xd, 0xa6, 0xf3, 0x33, 0x3f, 0x70,
    0x2c, 0xf9, 0xe, 0x96, 0xe2, 0x22, 0x2e, 0x70,
    0x0, 0x85, 0xf, 0x96, 0xfd, 0xdd, 0xdf, 0x70,
    0x0, 0x0, 0xf, 0x76, 0xe2, 0x22, 0x2e, 0x70,
    0x0, 0x28, 0x2f, 0x56, 0xff, 0xff, 0xff, 0x70,
    0x0, 0xae, 0x5f, 0x31, 0x30, 0xe8, 0x14, 0x0,
    0x1, 0xf8, 0x9e, 0x9, 0xf1, 0xe8, 0x5f, 0x40,
    0x9, 0xf2, 0xea, 0x4f, 0x70, 0xe8, 0xc, 0xd0,
    0x2f, 0x97, 0xf3, 0x8c, 0x24, 0xf8, 0x4, 0xb2,
    0x8, 0x25, 0xa0, 0x0, 0x3f, 0xe3, 0x0, 0x0,

    /* U+6EE1 "满" */
    0x2, 0x50, 0x0, 0xe, 0x70, 0xf, 0x60, 0x0,
    0x8, 0xfb, 0x6c, 0xcf, 0xec, 0xcf, 0xdc, 0xb0,
    0x0, 0x5e, 0x67, 0x7f, 0xb7, 0x8f, 0xb7, 0x70,
    0x0, 0x0, 0x0, 0x9, 0x40, 0x9, 0x30, 0x0,
    0x0, 0x0, 0x25, 0x55, 0x55, 0x55, 0x55, 0x50,
    0x18, 0x10, 0x8f, 0xff, 0xff, 0xff, 0xff, 0xf1,
    0x4e, 0xf5, 0x0, 0x2, 0xf0, 0x4e, 0x0, 0x0,
    0x1, 0xa3, 0x2f, 0xff, 0xff, 0xff, 0xff, 0xa0,
    0x0, 0x0, 0x2f, 0x89, 0xf5, 0xad, 0x5d, 0xa0,
    0x0, 0x1b, 0x4f, 0x47, 0xe0, 0xad, 0xb, 0xa0,
    0x0, 0x8f, 0x5f, 0x4b, 0xfb, 0xdf, 0x7b, 0xa0,
    0x1, 0xfa, 0x2f, 0x9f, 0x2a, 0xe6, 0xfc, 0xa0,
    0x9, 0xf3, 0x2f, 0x97, 0xb, 0x70, 0x3b, 0xa0,
    0x2f, 0xa0, 0x2f, 0x40, 0x0, 0x0, 0xc, 0xa0,
    0x5, 0x20, 0x2f, 0x40, 0x0, 0x3, 0xfe, 0x50,

    /* U+70B9 "点" */
    0x0, 0x0, 0x0, 0xd, 0xa0, 0x0, 0x0, 0x0,
    0x0, 0x0, 0x0, 0xd, 0xa0, 0x0, 0x0, 0x0,
    0x0, 0x0, 0x0, 0xd, 0xff, 0xff, 0xff, 0x90,
    0x0, 0x0, 0x0, 0xd, 0xd7, 0x77, 0x77, 0x40,
    0x0, 0x0, 0x0, 0xd, 0xa0, 0x0, 0x0, 0x0,
    0x0, 0x37, 0x77, 0x7e, 0xd7, 0x77, 0x73, 0x0,
    0x0, 0x6f, 0xee, 0xee, 0xee, 0xee, 0xf7, 0x0,
    0x0, 0x6f, 0x0, 0x0, 0x0, 0x0, 0xf7, 0x0,
    0x0, 0x6f, 0x0, 0x0, 0x0, 0x0, 0xf7, 0x0,
    0x0, 0x6f, 0xff, 0xff, 0xff, 0xff, 0xf7, 0x0,
    0x0, 0x37, 0x77, 0x77, 0x77, 0x77, 0x73, 0x0,
    0x0, 0x58, 0x2, 0x30, 0x16, 0x0, 0x86, 0x0,
    0x0, 0xeb, 0x9, 0xe0, 0x2f, 0x60, 0x9f, 0x30,
    0x9, 0xf3, 0x7, 0xf0, 0xb, 0xd0, 0xe, 0xc0,
    0x2e, 0x70, 0x6, 0xf1, 0x6, 0xc0, 0x6, 0xc1,
    0x0, 0x0, 0x0, 0x0, 0x0, 0x0, 0x0, 0x0,

    /* U+70D8 "烘" */
    0x0, 0x0, 0x0, 0x0, 0x0, 0x0, 0x0, 0x0,
    0x0, 0xf, 0x40, 0x0, 0xf7, 0x3, 0xf3, 0x0,
    0x0, 0xf, 0x40, 0x0, 0xf7, 0x3, 0xf3, 0x0,
    0x0, 0xf, 0x40, 0x0, 0xf7, 0x3, 0xf3, 0x0,
    0x1, 0x1f, 0x49, 0x43, 0xf9, 0x36, 0xf6, 0x30,
    0xd, 0x3f, 0x6f, 0xbf, 0xff, 0xff, 0xff, 0xf2,
    0xf, 0x2f, 0xba, 0x23, 0xf9, 0x36, 0xf6, 0x30,
    0x2f, 0x1f, 0xd4, 0x0, 0xf7, 0x3, 0xf3, 0x0,
    0x5b, 0x1f, 0x40, 0x0, 0xf7, 0x3, 0xf3, 0x0,
    0x0, 0x3f, 0x30, 0x22, 0xf8, 0x25, 0xf5, 0x20,
    0x0, 0x5f, 0x41, 0xff, 0xff, 0xff, 0xff, 0xf5,
    0x0, 0x8f, 0xe2, 0x55, 0x55, 0x55, 0x55, 0x52,
    0x0, 0xdb, 0xcc, 0x0, 0xa6, 0x3, 0xa0, 0x0,
    0x4, 0xf5, 0x2e, 0x27, 0xf4, 0x2, 0xfc, 0x0,
    0xd, 0xd0, 0x1, 0x7f, 0x90, 0x0, 0x4f, 0x80,
    0x2f, 0x30, 0x2, 0xea, 0x0, 0x0, 0x9, 0xe1,
    0x1, 0x0, 0x0, 0x10, 0x0, 0x0, 0x0, 0x10,

    /* U+70ED "热" */
    0x0, 0x0, 0x0, 0x0, 0x0, 0x0, 0x0, 0x0,
    0x0, 0xb, 0xa0, 0x0, 0x2f, 0x40, 0x0, 0x0,
    0x0, 0xb, 0xa0, 0x0, 0x2f, 0x40, 0x0, 0x0,
    0x4, 0x4d, 0xc4, 0x33, 0x5f, 0x73, 0x31, 0x0,
    0xf, 0xff, 0xff, 0xaf, 0xff, 0xff, 0xf7, 0x0,
    0x1, 0x1c, 0xb1, 0x0, 0x4f, 0x30, 0xe7, 0x0,
    0x0, 0xb, 0xb5, 0x30, 0x5f, 0x0, 0xe7, 0x0,
    0x5, 0x9e, 0xff, 0xae, 0xcd, 0x0, 0xe6, 0x0,
    0x3f, 0xee, 0xc1, 0x6, 0xfe, 0x40, 0xe7, 0x0,
    0x2, 0xb, 0xa0, 0x5, 0xfd, 0xf7, 0xc7, 0x42,
    0x0, 0xc, 0xa0, 0x3e, 0xc0, 0x74, 0xab, 0xb8,
    0x6, 0xff, 0x70, 0xec, 0x10, 0x0, 0x4f, 0xf4,
    0x1, 0x64, 0x0, 0x20, 0x0, 0x0, 0x15, 0x30,
    0x0, 0xcd, 0x7, 0xc0, 0x2f, 0x40, 0xce, 0x10,
    0x6, 0xf5, 0x7, 0xf0, 0xe, 0xa0, 0x2f, 0xa0,
    0x1f, 0xa0, 0x5, 0xf2, 0x9, 0xe0, 0x8, 0xf2,
    0x2, 0x10, 0x1, 0x20, 0x1, 0x0, 0x0, 0x20,

    /* U+7136 "然" */
    0x0, 0x0, 0x30, 0x0, 0x0, 0x0, 0x0, 0x0,
    0x0, 0x5, 0xf4, 0x0, 0x0, 0x7e, 0x49, 0x0,
    0x0, 0xb, 0xf9, 0x88, 0x20, 0x7e, 0x5f, 0x50,
    0x0, 0x2f, 0xff, 0xff, 0x40, 0x7e, 0xb, 0xc0,
    0x0, 0xaf, 0x10, 0x6f, 0x33, 0x9f, 0x35, 0x50,
    0x5, 0xf7, 0xd8, 0xbb, 0xef, 0xff, 0xff, 0xf1,
    0x3f, 0xb0, 0x2c, 0xf5, 0x33, 0xcf, 0x53, 0x30,
    0x1a, 0x6c, 0x2b, 0xc0, 0x0, 0xef, 0x80, 0x0,
    0x0, 0x9, 0xff, 0x30, 0x6, 0xfd, 0xe0, 0x0,
    0x0, 0x8, 0xf6, 0x0, 0x2e, 0xc2, 0xf8, 0x0,
    0x3, 0xcf, 0x70, 0x4, 0xee, 0x20, 0x8f, 0x70,
    0xc, 0xd4, 0x0, 0x5f, 0xd2, 0x0, 0x9, 0xf2,
    0x0, 0x21, 0x0, 0x5, 0x0, 0x0, 0x23, 0x20,
    0x0, 0xdc, 0x7, 0xc0, 0x2f, 0x40, 0xce, 0x10,
    0x7, 0xf3, 0x6, 0xf0, 0xd, 0xa0, 0x2f, 0xa0,
    0x2f, 0x90, 0x5, 0xf2, 0x9, 0xe0, 0x8, 0xf2,
    0x2, 0x0, 0x0, 0x10, 0x1, 0x0, 0x0, 0x20,

    /* U+7248 "版" */
    0x0, 0x0, 0x7e, 0x0, 0x1, 0x23, 0x57, 0x70,
    0x5, 0xf0, 0x7e, 0x3, 0xff, 0xff, 0xfe, 0xa1,
    0x5, 0xf0, 0x7e, 0x3, 0xf8, 0x43, 0x10, 0x0,
    0x5, 0xf0, 0x7e, 0x3, 0xf3, 0x0, 0x0, 0x0,
    0x5, 0xf3, 0x9f, 0x34, 0xf3, 0x0, 0x0, 0x0,
    0x5, 0xff, 0xff, 0xf6, 0xff, 0xff, 0xff, 0xe0,
    0x5, 0xf3, 0x22, 0x24, 0xfe, 0xc6, 0x6b, 0xd0,
    0x5, 0xf0, 0x0, 0x4, 0xf9, 0xd0, 0xc, 0x90,
    0x6, 0xff, 0xff, 0x45, 0xf3, 0xf2, 0x1f, 0x50,
    0x7, 0xf6, 0x7f, 0x46, 0xf1, 0xc9, 0x8e, 0x0,
    0x8, 0xd0, 0x1f, 0x47, 0xf0, 0x4f, 0xf7, 0x0,
    0xa, 0xb0, 0x1f, 0x4a, 0xe0, 0xe, 0xf1, 0x0,
    0xd, 0x80, 0x1f, 0x4d, 0xa0, 0xaf, 0xfa, 0x0,
    0x3f, 0x30, 0x1f, 0x8f, 0x8d, 0xf6, 0x6f, 0xc2,
    0x2b, 0x0, 0x1f, 0x8d, 0x3d, 0x40, 0x5, 0xd1,
    0x0, 0x0, 0x0, 0x0, 0x0, 0x0, 0x0, 0x0,

    /* U+724C "牌" */
    0x0, 0x0, 0x0, 0x0, 0x0, 0x0, 0x0, 0x0,
    0x0, 0x0, 0x6e, 0x0, 0x0, 0xc7, 0x0, 0x0,
    0x4, 0xf0, 0x6e, 0x0, 0x2, 0xf8, 0x0, 0x0,
    0x4, 0xf0, 0x6e, 0xe, 0xff, 0xff, 0xff, 0xf2,
    0x4, 0xf0, 0x6e, 0xe, 0x82, 0x9d, 0x26, 0xf2,
    0x4, 0xf3, 0x8e, 0x2e, 0xa6, 0xbe, 0x68, 0xf2,
    0x4, 0xff, 0xff, 0xee, 0xca, 0xde, 0xac, 0xf2,
    0x4, 0xf2, 0x11, 0x1e, 0x60, 0xaa, 0x3, 0xf2,
    0x4, 0xf0, 0x0, 0xe, 0xff, 0xff, 0xff, 0xf2,
    0x4, 0xff, 0xff, 0x41, 0x2e, 0xc3, 0xc3, 0x10,
    0x5, 0xf5, 0x5f, 0x46, 0xed, 0x12, 0xf3, 0x0,
    0x6, 0xd0, 0xf, 0x59, 0xb3, 0x35, 0xf6, 0x31,
    0x9, 0xc0, 0xf, 0x9f, 0xff, 0xff, 0xff, 0xf9,
    0xb, 0x90, 0xf, 0x41, 0x11, 0x14, 0xf4, 0x10,
    0xf, 0x50, 0xf, 0x40, 0x0, 0x2, 0xf3, 0x0,
    0x2d, 0x10, 0xf, 0x40, 0x0, 0x2, 0xf3, 0x0,
    0x0, 0x0, 0x0, 0x0, 0x0, 0x0, 0x0, 0x0,

    /* U+72B6 "状" */
    0x0, 0x0, 0x0, 0x0, 0x0, 0x0, 0x0, 0x0,
    0x0, 0x3, 0xf4, 0x0, 0x8, 0xe0, 0x32, 0x0,
    0x0, 0x3, 0xf4, 0x0, 0x8, 0xe0, 0xcc, 0x0,
    0x7, 0x13, 0xf4, 0x0, 0x8, 0xe0, 0x3f, 0x60,
    0x1e, 0xb3, 0xf4, 0x0, 0x8, 0xe0, 0xa, 0xb0,
    0x6, 0xf8, 0xf4, 0x0, 0x8, 0xe0, 0x1, 0x0,
    0x0, 0xdc, 0xf7, 0xff, 0xff, 0xff, 0xff, 0xf5,
    0x0, 0x13, 0xf6, 0x88, 0x8d, 0xfa, 0x88, 0x83,
    0x0, 0x3, 0xf4, 0x0, 0xd, 0xf6, 0x0, 0x0,
    0x0, 0x2d, 0xf4, 0x0, 0x1f, 0xfb, 0x0, 0x0,
    0x4, 0xfe, 0xf4, 0x0, 0x6f, 0x8f, 0x20, 0x0,
    0x4f, 0xb4, 0xf4, 0x0, 0xde, 0xc, 0xa0, 0x0,
    0x7, 0x3, 0xf4, 0x7, 0xf6, 0x5, 0xf5, 0x0,
    0x0, 0x3, 0xf4, 0x3f, 0xc0, 0x0, 0xcf, 0x30,
    0x0, 0x3, 0xf8, 0xfe, 0x20, 0x0, 0x1e, 0xf5,
    0x0, 0x3, 0xf8, 0xc2, 0x0, 0x0, 0x2, 0xc2,
    0x0, 0x0, 0x0, 0x0, 0x0, 0x0, 0x0, 0x0,

    /* U+7528 "用" */
    0x0, 0x36, 0x66, 0x66, 0x66, 0x66, 0x66, 0x20,
    0x9, 0xff, 0xff, 0xff, 0xff, 0xff, 0xf6, 0x0,
    0x9e, 0x0, 0x9, 0xe0, 0x0, 0x1f, 0x60, 0x9,
    0xe0, 0x0, 0x9e, 0x0, 0x1, 0xf6, 0x0, 0x9f,
    0x77, 0x7c, 0xf7, 0x77, 0x8f, 0x60, 0x9, 0xfe,
    0xee, 0xff, 0xee, 0xef, 0xf6, 0x0, 0x9e, 0x0,
    0x9, 0xe0, 0x0, 0x1f, 0x60, 0xa, 0xe0, 0x0,
    0x9e, 0x0, 0x1, 0xf6, 0x0, 0xcf, 0xff, 0xff,
    0xff, 0xff, 0xff, 0x60, 0xd, 0xd7, 0x77, 0xcf,
    0x77, 0x78, 0xf6, 0x1, 0xf7, 0x0, 0x9, 0xe0,
    0x0, 0x1f, 0x60, 0x6f, 0x20, 0x0, 0x9e, 0x0,
    0x1, 0xf6, 0x1e, 0xc0, 0x0, 0x9, 0xe0, 0x55,
    0x7f, 0x63, 0xe2, 0x0, 0x0, 0x9e, 0xa, 0xff,
    0xc1, 0x0, 0x0, 0x0, 0x0, 0x0, 0x0, 0x0,
    0x0,

    /* U+7535 "电" */
    0x0, 0x0, 0x0, 0xea, 0x0, 0x0, 0x0, 0x0,
    0x0, 0x0, 0xe, 0xa0, 0x0, 0x0, 0x0, 0x2,
    0x22, 0x22, 0xeb, 0x22, 0x22, 0x20, 0x1, 0xff,
    0xff, 0xff, 0xff, 0xff, 0xfe, 0x0, 0x1f, 0xa4,
    0x44, 0xfc, 0x44, 0x4b, 0xe0, 0x1, 0xf7, 0x0,
    0xe, 0xa0, 0x0, 0x9e, 0x0, 0x1f, 0xff, 0xff,
    0xff, 0xff, 0xff, 0xe0, 0x1, 0xfb, 0x77, 0x7f,
    0xd7, 0x77, 0xce, 0x0, 0x1f, 0x70, 0x0, 0xea,
    0x0, 0x9, 0xe0, 0x1, 0xfa, 0x66, 0x6f, 0xc6,
    0x66, 0xce, 0x0, 0x1f, 0xff, 0xff, 0xff, 0xff,
    0xff, 0xe0, 0x1, 0xf8, 0x11, 0x1e, 0xb1, 0x11,
    0x12, 0xa2, 0x0, 0x0, 0x0, 0xeb, 0x0, 0x0,
    0x3f, 0x50, 0x0, 0x0, 0xc, 0xf8, 0x88, 0x8c,
    0xf2, 0x0, 0x0, 0x0, 0x4d, 0xff, 0xff, 0xe7,
    0x0,

    /* U+7559 "留" */
    0x0, 0x3, 0x8a, 0x0, 0x0, 0x0, 0x0, 0x1a,
    0xef, 0xd8, 0x1f, 0xff, 0xff, 0xfc, 0x3f, 0x71,
    0x0, 0x5, 0x7f, 0x65, 0xdb, 0x3f, 0x40, 0xb4,
    0x0, 0x6f, 0x0, 0xca, 0x3f, 0x40, 0xbd, 0x0,
    0xac, 0x0, 0xd9, 0x4f, 0x77, 0xdf, 0x42, 0xf6,
    0x0, 0xf8, 0xaf, 0xff, 0xcd, 0xce, 0xc0, 0x89,
    0xf5, 0x5b, 0x50, 0x3, 0xac, 0x20, 0xce, 0xa0,
    0x1, 0x44, 0x44, 0x54, 0x44, 0x44, 0x20, 0x5,
    0xff, 0xff, 0xff, 0xff, 0xff, 0x80, 0x5, 0xf3,
    0x0, 0x8e, 0x0, 0xf, 0x80, 0x5, 0xff, 0xff,
    0xff, 0xff, 0xff, 0x80, 0x5, 0xf5, 0x22, 0x9e,
    0x22, 0x3f, 0x80, 0x5, 0xf6, 0x44, 0xaf, 0x44,
    0x4f, 0x80, 0x5, 0xff, 0xff, 0xff, 0xff, 0xfe,
    0x80,

    /* U+767B "登" */
    0x0, 0x0, 0x0, 0x0, 0x43, 0x0, 0x30, 0x0,
    0x6, 0xff, 0xff, 0xf7, 0xbd, 0x1b, 0xe1, 0x0,
    0x1, 0x53, 0x3a, 0xf3, 0x3f, 0xec, 0x13, 0x30,
    0x3, 0xf7, 0x3f, 0x90, 0x8, 0xf4, 0x4f, 0xa0,
    0x0, 0x5f, 0xff, 0x54, 0x44, 0xef, 0xf6, 0x0,
    0x0, 0x4e, 0xdd, 0xff, 0xff, 0xec, 0xf9, 0x10,
    0x2a, 0xfb, 0x0, 0x0, 0x0, 0x0, 0xaf, 0xe4,
    0x3d, 0x5b, 0xee, 0xee, 0xee, 0xee, 0x84, 0xb1,
    0x0, 0xb, 0xd4, 0x44, 0x44, 0x4f, 0x90, 0x0,
    0x0, 0xb, 0xc0, 0x0, 0x0, 0xf, 0x90, 0x0,
    0x0, 0xb, 0xff, 0xff, 0xff, 0xff, 0x90, 0x0,
    0x0, 0x3, 0x7d, 0x44, 0x44, 0xc8, 0x20, 0x0,
    0x0, 0x0, 0x5f, 0x40, 0x4, 0xf4, 0x0, 0x0,
    0x4, 0x44, 0x4f, 0x94, 0x4b, 0xe4, 0x44, 0x40,
    0xf, 0xff, 0xff, 0xff, 0xff, 0xff, 0xff, 0xf1,

    /* U+7684 "的" */
    0x0, 0x46, 0x0, 0x0, 0x63, 0x0, 0x0, 0x0,
    0xcd, 0x0, 0x0, 0xf8, 0x0, 0x0, 0x0, 0xf7,
    0x0, 0x5, 0xf4, 0x0, 0x0, 0xef, 0xff, 0xfe,
    0xa, 0xff, 0xff, 0xfb, 0xea, 0x66, 0xae, 0x2f,
    0x95, 0x55, 0xdb, 0xe7, 0x0, 0x7e, 0xbf, 0x10,
    0x0, 0xba, 0xe7, 0x0, 0x7f, 0xc8, 0x0, 0x0,
    0xca, 0xea, 0x55, 0xae, 0x3, 0xf3, 0x0, 0xd9,
    0xef, 0xff, 0xfe, 0x0, 0xcd, 0x0, 0xd8, 0xe7,
    0x0, 0x7e, 0x0, 0x2f, 0x80, 0xe7, 0xe7, 0x0,
    0x7e, 0x0, 0x9, 0xd0, 0xf6, 0xe7, 0x0, 0x7e,
    0x0, 0x0, 0x1, 0xf5, 0xeb, 0x77, 0xbe, 0x0,
    0x0, 0x4, 0xf3, 0xef, 0xee, 0xed, 0x0, 0x12,
    0x3a, 0xf0, 0xe7, 0x0, 0x0, 0x0, 0x6f, 0xff,
    0x70, 0x0, 0x0, 0x0, 0x0, 0x3, 0x31, 0x0,

    /* U+76D8 "盘" */
    0x0, 0x0, 0x0, 0x6, 0x60, 0x0, 0x0, 0x0,
    0x0, 0x2, 0x33, 0x4f, 0xc3, 0x33, 0x31, 0x0,
    0x0, 0x9, 0xff, 0xff, 0xff, 0xff, 0xf5, 0x0,
    0x0, 0x9, 0xe0, 0x3c, 0x50, 0x2, 0xf5, 0x0,
    0x0, 0x9, 0xe0, 0x6, 0xe6, 0x2, 0xf5, 0x0,
    0x1f, 0xff, 0xff, 0xff, 0xff, 0xff, 0xff, 0xf7,
    0x5, 0x6f, 0xb5, 0x7a, 0x55, 0x57, 0xf9, 0x52,
    0x0, 0x7f, 0x30, 0x5f, 0xc2, 0x3, 0xf5, 0x0,
    0x6, 0xfb, 0x0, 0x1, 0xa4, 0xde, 0xf3, 0x0,
    0x2, 0xb4, 0x33, 0x33, 0x33, 0x89, 0x62, 0x0,
    0x0, 0x6f, 0xff, 0xff, 0xff, 0xff, 0xfb, 0x0,
    0x0, 0x6f, 0x2, 0xf3, 0xf, 0x60, 0xcb, 0x0,
    0x0, 0x6f, 0x2, 0xf3, 0xf, 0x60, 0xcb, 0x0,
    0x4, 0x9f, 0x57, 0xf7, 0x4f, 0x94, 0xdc, 0x42,
    0x2f, 0xff, 0xff, 0xff, 0xff, 0xff, 0xff, 0xf6,

    /* U+76F4 "直" */
    0x0, 0x0, 0x0, 0x6, 0x90, 0x0, 0x0, 0x0,
    0x3, 0x55, 0x55, 0x5d, 0xe5, 0x55, 0x55, 0x50,
    0x9, 0xff, 0xff, 0xff, 0xff, 0xff, 0xff, 0xf1,
    0x0, 0x0, 0x0, 0xf, 0x70, 0x0, 0x0, 0x0,
    0x0, 0xd, 0xff, 0xff, 0xff, 0xff, 0xf6, 0x0,
    0x0, 0xd, 0xb4, 0x44, 0x44, 0x46, 0xf6, 0x0,
    0x0, 0xd, 0xa2, 0x22, 0x22, 0x24, 0xf6, 0x0,
    0x0, 0xd, 0xff, 0xff, 0xff, 0xff, 0xf6, 0x0,
    0x0, 0xd, 0xa2, 0x22, 0x22, 0x24, 0xf6, 0x0,
    0x0, 0xd, 0xff, 0xff, 0xff, 0xff, 0xf6, 0x0,
    0x0, 0xd, 0x90, 0x0, 0x0, 0x2, 0xf6, 0x0,
    0x0, 0xd, 0xff, 0xff, 0xff, 0xff, 0xf6, 0x0,
    0x0, 0xd, 0xa2, 0x22, 0x22, 0x24, 0xf6, 0x0,
    0x6, 0x6e, 0xc6, 0x66, 0x66, 0x68, 0xfa, 0x63,
    0x1f, 0xff, 0xff, 0xff, 0xff, 0xff, 0xff, 0xf8,

    /* U+770B "看" */
    0x0, 0x0, 0x0, 0x0, 0x12, 0x46, 0x84, 0x0,
    0x0, 0xee, 0xff, 0xff, 0xff, 0xed, 0xb8, 0x0,
    0x0, 0x33, 0x33, 0xdd, 0x0, 0x0, 0x0, 0x0,
    0x0, 0xde, 0xee, 0xff, 0xee, 0xee, 0xee, 0x20,
    0x0, 0x44, 0x49, 0xf6, 0x44, 0x44, 0x44, 0x0,
    0x5, 0x55, 0x5c, 0xf5, 0x55, 0x55, 0x55, 0x50,
    0x1e, 0xee, 0xff, 0xee, 0xee, 0xee, 0xee, 0xe1,
    0x0, 0x1, 0xde, 0x43, 0x33, 0x33, 0x31, 0x0,
    0x0, 0xb, 0xff, 0xff, 0xff, 0xff, 0xf8, 0x0,
    0x0, 0xaf, 0xf9, 0x11, 0x11, 0x11, 0xf8, 0x0,
    0x2d, 0xf6, 0xef, 0xee, 0xee, 0xee, 0xf8, 0x0,
    0x2d, 0x30, 0xea, 0x22, 0x22, 0x22, 0xf8, 0x0,
    0x0, 0x0, 0xee, 0xdd, 0xdd, 0xdd, 0xf8, 0x0,
    0x0, 0x0, 0xea, 0x33, 0x33, 0x33, 0xf8, 0x0,
    0x0, 0x0, 0xef, 0xff, 0xff, 0xff, 0xf8, 0x0,

    /* U+7720 "眠" */
    0xef, 0xff, 0x83, 0xff, 0xff, 0xff, 0xf8, 0xe,
    0xa5, 0xf8, 0x3f, 0x86, 0x66, 0x6f, 0x80, 0xe7,
    0xe, 0x83, 0xf3, 0x0, 0x0, 0xe8, 0xe, 0x94,
    0xf8, 0x3f, 0x97, 0x77, 0x7f, 0x80, 0xef, 0xff,
    0x83, 0xff, 0xef, 0xfe, 0xe8, 0xe, 0x70, 0xe8,
    0x3f, 0x30, 0x8e, 0x0, 0x0, 0xe7, 0xe, 0x83,
    0xf3, 0x7, 0xf0, 0x0, 0xe, 0xff, 0xf8, 0x3f,
    0xff, 0xff, 0xff, 0xf4, 0xea, 0x5f, 0x83, 0xf9,
    0x79, 0xf8, 0x77, 0x2e, 0x70, 0xe8, 0x3f, 0x30,
    0x1f, 0x50, 0x0, 0xea, 0x6f, 0x83, 0xf3, 0x0,
    0xe8, 0x0, 0xe, 0xfe, 0xe7, 0x4f, 0x30, 0x9,
    0xd0, 0xb5, 0x94, 0x0, 0x1c, 0xfc, 0xdc, 0x2f,
    0xaf, 0x60, 0x0, 0x0, 0xc9, 0x51, 0x0, 0x5e,
    0xd1,

    /* U+7801 "码" */
    0x1, 0x11, 0x11, 0x0, 0x0, 0x0, 0x0, 0x0,
    0x1f, 0xff, 0xff, 0x8c, 0xff, 0xff, 0xfd, 0x0,
    0x4, 0x8f, 0x54, 0x24, 0x55, 0x55, 0xcc, 0x0,
    0x0, 0x8e, 0x0, 0x0, 0x30, 0x0, 0xca, 0x0,
    0x0, 0xcb, 0x0, 0x1, 0xf4, 0x0, 0xd9, 0x0,
    0x0, 0xf7, 0x0, 0x2, 0xf3, 0x0, 0xf7, 0x0,
    0x7, 0xfb, 0x99, 0x14, 0xf1, 0x0, 0xf5, 0x0,
    0xe, 0xfc, 0xcf, 0x26, 0xf5, 0x56, 0xf8, 0x50,
    0x4f, 0xf3, 0x2f, 0x27, 0xff, 0xff, 0xff, 0xf0,
    0x1d, 0xf3, 0x2f, 0x20, 0x0, 0x0, 0x7, 0xe0,
    0x1, 0xf3, 0x2f, 0x34, 0x44, 0x44, 0x29, 0xd0,
    0x0, 0xf3, 0x2f, 0x5f, 0xff, 0xff, 0x9b, 0xb0,
    0x0, 0xff, 0xff, 0x20, 0x0, 0x0, 0xe, 0x80,
    0x0, 0xf8, 0x55, 0x0, 0x0, 0x35, 0x8f, 0x40,
    0x0, 0x30, 0x0, 0x0, 0x0, 0x5f, 0xfa, 0x0,
    0x0, 0x0, 0x0, 0x0, 0x0, 0x0, 0x0, 0x0,

    /* U+786E "确" */
    0x0, 0x0, 0x0, 0x0, 0x77, 0x0, 0x0, 0x2,
    0xff, 0xff, 0xf4, 0x1f, 0xa2, 0x22, 0x0, 0x15,
    0xaf, 0x65, 0x17, 0xff, 0xff, 0xf6, 0x0, 0xa,
    0xc0, 0x2, 0xe9, 0x11, 0xdd, 0x0, 0x0, 0xe8,
    0x0, 0xdf, 0x65, 0x8f, 0x85, 0x50, 0x2f, 0x40,
    0x4f, 0xff, 0xff, 0xff, 0xfe, 0x9, 0xfc, 0xca,
    0x2f, 0x50, 0xe6, 0x8, 0xe1, 0xff, 0x69, 0xd0,
    0xfe, 0xdf, 0xed, 0xee, 0x6f, 0xf1, 0x6d, 0xf,
    0x95, 0xfa, 0x5b, 0xe1, 0xaf, 0x16, 0xd0, 0xf5,
    0xe, 0x60, 0x8e, 0x2, 0xf1, 0x6d, 0x2f, 0xfe,
    0xff, 0xef, 0xe0, 0x2f, 0x16, 0xd3, 0xf8, 0x7f,
    0xb7, 0xbe, 0x2, 0xff, 0xfd, 0x7e, 0x0, 0xe6,
    0x8, 0xe0, 0x2f, 0x65, 0x5d, 0x80, 0xe, 0x74,
    0xbe, 0x1, 0xa1, 0x5, 0xe0, 0x0, 0xb5, 0xee,
    0x80, 0x0, 0x0, 0x0, 0x0, 0x0, 0x0, 0x0,

    /* U+79BB "离" */
    0x0, 0x0, 0x0, 0x7, 0x20, 0x0, 0x0, 0x0,
    0x1, 0x11, 0x11, 0x2f, 0x91, 0x11, 0x11, 0x10,
    0xf, 0xff, 0xff, 0xff, 0xff, 0xff, 0xff, 0xf1,
    0x2, 0x47, 0x38, 0x73, 0x38, 0x93, 0x75, 0x20,
    0x0, 0x4f, 0x14, 0xbc, 0xbc, 0x21, 0xf6, 0x0,
    0x0, 0x4f, 0x24, 0xbd, 0xbd, 0x61, 0xf6, 0x0,
    0x0, 0x4f, 0x3b, 0x61, 0x14, 0xa2, 0xf6, 0x0,
    0x0, 0x4f, 0xff, 0xff, 0xff, 0xff, 0xf6, 0x0,
    0x0, 0x0, 0x0, 0x2f, 0xa0, 0x0, 0x0, 0x0,
    0x5, 0xff, 0xff, 0xff, 0xff, 0xff, 0xff, 0x60,
    0x5, 0xf6, 0x58, 0xf8, 0x5b, 0x85, 0x5f, 0x60,
    0x5, 0xf1, 0x1d, 0xa1, 0x2a, 0xe1, 0xf, 0x60,
    0x5, 0xf1, 0x9f, 0xff, 0xed, 0xdb, 0xf, 0x60,
    0x5, 0xf1, 0x25, 0x20, 0x0, 0x24, 0x3f, 0x60,
    0x5, 0xf1, 0x0, 0x0, 0x0, 0x2f, 0xfd, 0x20,
    0x0, 0x0, 0x0, 0x0, 0x0, 0x0, 0x0, 0x0,

    /* U+79CD "种" */
    0x0, 0x0, 0x38, 0x30, 0x0, 0x7f, 0x0, 0x0,
    0x8, 0xbe, 0xff, 0x80, 0x0, 0x7f, 0x0, 0x0,
    0xb, 0xbd, 0xd0, 0x0, 0x0, 0x7f, 0x0, 0x0,
    0x0, 0xa, 0xd0, 0x4, 0x55, 0xaf, 0x65, 0x52,
    0x0, 0xa, 0xd0, 0xc, 0xff, 0xff, 0xff, 0xf6,
    0x1f, 0xff, 0xff, 0xcc, 0xb3, 0x9f, 0x44, 0xf6,
    0x6, 0x7f, 0xe6, 0x5c, 0xa0, 0x7f, 0x1, 0xf6,
    0x0, 0x5f, 0xf8, 0xc, 0xa0, 0x7f, 0x1, 0xf6,
    0x0, 0xcf, 0xef, 0x5c, 0xb4, 0xaf, 0x55, 0xf6,
    0x5, 0xfb, 0xd7, 0xac, 0xff, 0xff, 0xff, 0xf6,
    0x1e, 0x8a, 0xd0, 0x1c, 0xb2, 0x9f, 0x33, 0xf6,
    0x4d, 0xa, 0xd0, 0x1, 0x10, 0x7f, 0x0, 0x0,
    0x2, 0xa, 0xd0, 0x0, 0x0, 0x7f, 0x0, 0x0,
    0x0, 0xa, 0xd0, 0x0, 0x0, 0x7f, 0x0, 0x0,
    0x0, 0xa, 0xd0, 0x0, 0x0, 0x7f, 0x0, 0x0,
    0x0, 0x0, 0x0, 0x0, 0x0, 0x0, 0x0, 0x0,

    /* U+7A0B "程" */
    0x0, 0x0, 0x14, 0x0, 0x0, 0x0, 0x0, 0x0,
    0x15, 0x8c, 0xff, 0x3b, 0xff, 0xff, 0xff, 0x70,
    0x4f, 0xcf, 0xa1, 0xb, 0xc4, 0x44, 0x4f, 0x70,
    0x0, 0xe, 0x80, 0xb, 0xa0, 0x0, 0xf, 0x70,
    0x0, 0xe, 0x80, 0xb, 0xa0, 0x0, 0xf, 0x70,
    0x6f, 0xff, 0xff, 0x6b, 0xff, 0xff, 0xff, 0x70,
    0x26, 0x8f, 0xb6, 0x23, 0x55, 0x55, 0x55, 0x20,
    0x0, 0x9f, 0xc1, 0x15, 0x55, 0x55, 0x55, 0x50,
    0x1, 0xff, 0xfc, 0x5f, 0xff, 0xff, 0xff, 0xe0,
    0x8, 0xce, 0x9e, 0x70, 0x0, 0xf8, 0x0, 0x0,
    0x2f, 0x5e, 0x83, 0x5, 0x55, 0xfb, 0x55, 0x30,
    0x8c, 0xe, 0x80, 0xe, 0xff, 0xff, 0xff, 0x90,
    0x12, 0xe, 0x80, 0x0, 0x0, 0xf8, 0x0, 0x0,
    0x0, 0xe, 0x80, 0x55, 0x55, 0xfb, 0x55, 0x51,
    0x0, 0xe, 0x80, 0xff, 0xff, 0xff, 0xff, 0xf5,

    /* U+7A0D "稍" */
    0x0, 0x2, 0x83, 0x3, 0x0, 0xe7, 0x0, 0x40,
    0x2a, 0xef, 0xf7, 0x4f, 0x30, 0xe7, 0x5, 0xf4,
    0xb, 0x9f, 0x30, 0xc, 0xb0, 0xe7, 0xd, 0xd0,
    0x0, 0x1f, 0x30, 0x5, 0xf1, 0xe7, 0x5f, 0x40,
    0x0, 0x1f, 0x30, 0x0, 0x30, 0xe7, 0x3, 0x0,
    0x6f, 0xff, 0xff, 0x2f, 0xff, 0xff, 0xff, 0xe0,
    0x37, 0xcf, 0x97, 0x2f, 0x96, 0x66, 0x6b, 0xe0,
    0x0, 0xdf, 0xb0, 0x1f, 0x51, 0x11, 0x18, 0xe0,
    0x4, 0xff, 0xda, 0x1f, 0xff, 0xff, 0xff, 0xe0,
    0xb, 0xbf, 0x5b, 0x1f, 0x63, 0x33, 0x39, 0xe0,
    0x4f, 0x5f, 0x30, 0x1f, 0x74, 0x44, 0x4a, 0xe0,
    0x4a, 0x1f, 0x30, 0x1f, 0xff, 0xff, 0xff, 0xe0,
    0x1, 0x1f, 0x30, 0x1f, 0x40, 0x0, 0x7, 0xe0,
    0x0, 0x1f, 0x30, 0x1f, 0x40, 0x6, 0x7c, 0xe0,
    0x0, 0x1f, 0x30, 0x1f, 0x40, 0x9, 0xec, 0x60,

    /* U+7A7A "空" */
    0x0, 0x0, 0x0, 0x41, 0x0, 0x0, 0x0, 0x0,
    0x0, 0x3, 0xf9, 0x0, 0x0, 0x0, 0x66, 0x66,
    0x66, 0xef, 0x66, 0x66, 0x66, 0xef, 0xff, 0xff,
    0xff, 0xff, 0xff, 0xfe, 0xe8, 0x0, 0x0, 0x0,
    0x0, 0x0, 0xae, 0xe8, 0x3, 0xdb, 0x0, 0xdd,
    0x50, 0x9e, 0x45, 0x9f, 0xc2, 0x0, 0x2b, 0xfd,
    0x50, 0x7f, 0xf7, 0x0, 0x0, 0x0, 0x3c, 0xf8,
    0x29, 0x76, 0x66, 0x66, 0x66, 0x66, 0x60, 0x1,
    0xff, 0xff, 0xff, 0xff, 0xff, 0x20, 0x0, 0x0,
    0x0, 0xea, 0x0, 0x0, 0x0, 0x0, 0x0, 0x0,
    0xea, 0x0, 0x0, 0x0, 0x0, 0x0, 0x0, 0xea,
    0x0, 0x0, 0x0, 0x56, 0x66, 0x66, 0xfd, 0x66,
    0x66, 0x66, 0xdf, 0xff, 0xff, 0xff, 0xff, 0xff,
    0xfd,

    /* U+7B2C "第" */
    0x0, 0x6, 0x30, 0x0, 0x4, 0x50, 0x0, 0x0,
    0x0, 0x4f, 0x72, 0x22, 0xe, 0xd2, 0x22, 0x20,
    0x0, 0xcf, 0xff, 0xff, 0x7f, 0xff, 0xfe, 0xe4,
    0x9, 0xf2, 0x7f, 0x2, 0xfb, 0x9, 0xf1, 0x0,
    0x1b, 0x60, 0x1b, 0x23, 0xb1, 0x1, 0xb3, 0x0,
    0x0, 0xef, 0xff, 0xff, 0xff, 0xff, 0xfe, 0x0,
    0x0, 0x33, 0x33, 0x3f, 0xa3, 0x33, 0xae, 0x0,
    0x0, 0x14, 0x44, 0x4f, 0xb4, 0x44, 0xbe, 0x0,
    0x0, 0x7f, 0xff, 0xff, 0xff, 0xff, 0xfe, 0x0,
    0x0, 0x9d, 0x0, 0xe, 0x90, 0x0, 0x0, 0x0,
    0x0, 0xcf, 0xff, 0xff, 0xff, 0xff, 0xff, 0x80,
    0x0, 0x44, 0x4a, 0xff, 0xb4, 0x44, 0x5f, 0x60,
    0x0, 0x0, 0x9f, 0x6e, 0x90, 0x0, 0x3f, 0x40,
    0x0, 0x6d, 0xc2, 0xe, 0x90, 0x67, 0xcf, 0x10,
    0x9, 0xc4, 0x0, 0xe, 0x90, 0x7d, 0xd7, 0x0,

    /* U+7B49 "等" */
    0x0, 0x7, 0x20, 0x0, 0x6, 0x50, 0x0, 0x0,
    0x0, 0x7f, 0x73, 0x33, 0x2f, 0xb3, 0x33, 0x31,
    0x1, 0xef, 0xff, 0xff, 0xbf, 0xff, 0xff, 0xf5,
    0xd, 0xe2, 0xf8, 0x7, 0xf6, 0x1e, 0x90, 0x0,
    0x19, 0x20, 0x65, 0x8, 0xf0, 0x5, 0x70, 0x0,
    0x0, 0x7f, 0xff, 0xff, 0xff, 0xff, 0xff, 0x0,
    0x0, 0x24, 0x44, 0x4b, 0xf4, 0x44, 0x44, 0x0,
    0x5, 0x55, 0x55, 0x5b, 0xf5, 0x55, 0x55, 0x52,
    0x1f, 0xff, 0xff, 0xff, 0xff, 0xff, 0xff, 0xf7,
    0x0, 0x0, 0x0, 0x0, 0x0, 0x6f, 0x20, 0x0,
    0x8, 0xff, 0xff, 0xff, 0xff, 0xff, 0xff, 0xf0,
    0x3, 0x56, 0xea, 0x55, 0x55, 0x9f, 0x75, 0x50,
    0x0, 0x0, 0x9f, 0x90, 0x0, 0x6f, 0x20, 0x0,
    0x0, 0x0, 0x7, 0xf2, 0x56, 0xaf, 0x20, 0x0,
    0x0, 0x0, 0x0, 0x10, 0x9f, 0xea, 0x0, 0x0,
    0x0, 0x0, 0x0, 0x0, 0x0, 0x0, 0x0, 0x0,

    /* U+7B7E "签" */
    0x0, 0x27, 0x10, 0x0, 0x7, 0x30, 0x0, 0x0,
    0x0, 0x9f, 0x32, 0x21, 0x4f, 0x72, 0x22, 0x20,
    0x1, 0xff, 0xff, 0xfb, 0xef, 0xff, 0xff, 0xf0,
    0xa, 0xe3, 0xf8, 0x17, 0xf3, 0x2f, 0x91, 0x10,
    0x3f, 0x60, 0xac, 0x1c, 0xe0, 0x7, 0xf1, 0x0,
    0x3, 0x0, 0x3, 0xdd, 0xdc, 0x10, 0x0, 0x0,
    0x0, 0x1, 0x9f, 0xa0, 0x1b, 0xf8, 0x20, 0x0,
    0x3, 0x9f, 0xfb, 0x55, 0x55, 0xbf, 0xfc, 0x61,
    0x3f, 0xd6, 0x5e, 0xee, 0xee, 0xe3, 0x5b, 0xe1,
    0x2, 0x2, 0x0, 0x17, 0x0, 0x1, 0x61, 0x0,
    0x0, 0x1f, 0x80, 0xe, 0x80, 0x8, 0xe0, 0x0,
    0x0, 0x7, 0xf2, 0x7, 0xe0, 0x1f, 0x70, 0x0,
    0x0, 0x0, 0xd5, 0x1, 0xb1, 0x9e, 0x0, 0x0,
    0x5, 0x55, 0x55, 0x55, 0x56, 0xfb, 0x55, 0x50,
    0xf, 0xff, 0xff, 0xff, 0xff, 0xff, 0xff, 0xf0,

    /* U+7B97 "算" */
    0x0, 0x24, 0x0, 0x0, 0x5, 0x20, 0x0, 0x0,
    0x0, 0xbf, 0x54, 0x43, 0x3f, 0x94, 0x44, 0x40,
    0x5, 0xff, 0xff, 0xfc, 0xdf, 0xff, 0xff, 0xf1,
    0x3f, 0x91, 0xf8, 0xa, 0xf2, 0x1d, 0xb0, 0x0,
    0x6, 0x3b, 0xec, 0xbb, 0xdb, 0xbd, 0xc6, 0x0,
    0x0, 0x4f, 0x73, 0x33, 0x33, 0x33, 0xf9, 0x0,
    0x0, 0x4f, 0xee, 0xee, 0xee, 0xee, 0xf9, 0x0,
    0x0, 0x4f, 0x96, 0x66, 0x66, 0x66, 0xf9, 0x0,
    0x0, 0x4f, 0x85, 0x55, 0x55, 0x55, 0xf9, 0x0,
    0x0, 0x4f, 0xfe, 0xee, 0xee, 0xee, 0xf9, 0x0,
    0x0, 0x0, 0x3f, 0x50, 0x0, 0xea, 0x0, 0x0,
    0x5, 0x55, 0x7f, 0x85, 0x55, 0xec, 0x55, 0x51,
    0x2e, 0xee, 0xff, 0xee, 0xee, 0xff, 0xee, 0xe3,
    0x0, 0x39, 0xf9, 0x0, 0x0, 0xea, 0x0, 0x0,
    0x7, 0xea, 0x30, 0x0, 0x0, 0xea, 0x0, 0x0,
    0x0, 0x0, 0x0, 0x0, 0x0, 0x0, 0x0, 0x0,

    /* U+7BB1 "箱" */
    0x0, 0x27, 0x10, 0x0, 0x7, 0x30, 0x0, 0x0,
    0x0, 0x9f, 0x10, 0x0, 0x4f, 0x60, 0x0, 0x0,
    0x2, 0xff, 0xff, 0xfc, 0xbf, 0xff, 0xff, 0xf2,
    0xc, 0xf6, 0xf8, 0x4b, 0xf7, 0x8f, 0x64, 0x40,
    0x3f, 0x51, 0xc7, 0xb, 0x90, 0xc, 0x80, 0x0,
    0x1, 0x5, 0xf1, 0x0, 0x55, 0x56, 0x55, 0x30,
    0x3, 0x37, 0xf4, 0x32, 0xff, 0xff, 0xff, 0x90,
    0xf, 0xff, 0xff, 0xf8, 0xf6, 0x0, 0xe, 0x90,
    0x0, 0xd, 0xf4, 0x0, 0xfe, 0xdd, 0xdf, 0x90,
    0x0, 0x6f, 0xff, 0x30, 0xf8, 0x44, 0x4f, 0x90,
    0x1, 0xee, 0xfb, 0xf4, 0xf7, 0x22, 0x2e, 0x90,
    0xb, 0xe6, 0xf1, 0xc4, 0xff, 0xff, 0xff, 0x90,
    0x5f, 0x65, 0xf1, 0x0, 0xf6, 0x0, 0xe, 0x90,
    0x8, 0x5, 0xf1, 0x0, 0xf9, 0x55, 0x5f, 0x90,
    0x0, 0x5, 0xf1, 0x0, 0xfe, 0xdd, 0xde, 0x80,
    0x0, 0x0, 0x0, 0x0, 0x0, 0x0, 0x0, 0x0,

    /* U+7C7B "类" */
    0x0, 0x5, 0x30, 0xc, 0xb0, 0x3, 0x61, 0x0,
    0x0, 0xd, 0xd0, 0xc, 0xb0, 0xd, 0xe0, 0x0,
    0x0, 0x3, 0xf8, 0xc, 0xb0, 0x7f, 0x30, 0x0,
    0x6, 0x66, 0xd8, 0x6e, 0xd6, 0x8b, 0x66, 0x60,
    0xd, 0xff, 0xff, 0xff, 0xff, 0xff, 0xff, 0xe0,
    0x0, 0x0, 0x3b, 0xee, 0xff, 0xb5, 0x0, 0x0,
    0x1, 0x5a, 0xfb, 0x1c, 0xb2, 0x9f, 0xe8, 0x10,
    0xe, 0xfd, 0x60, 0x7, 0x60, 0x1, 0x9f, 0xb0,
    0x3, 0x30, 0x0, 0xd, 0xb0, 0x0, 0x2, 0x20,
    0x2, 0x22, 0x22, 0x2f, 0xa2, 0x22, 0x22, 0x20,
    0xf, 0xff, 0xff, 0xff, 0xff, 0xff, 0xff, 0xf0,
    0x4, 0x44, 0x44, 0xef, 0xfd, 0x44, 0x44, 0x40,
    0x0, 0x0, 0x2c, 0xf6, 0x5f, 0xb2, 0x0, 0x0,
    0x3, 0x7b, 0xff, 0x60, 0x5, 0xef, 0xb6, 0x30,
    0x1f, 0xfd, 0x71, 0x0, 0x0, 0x17, 0xdf, 0xf2,
    0x3, 0x10, 0x0, 0x0, 0x0, 0x0, 0x1, 0x20,

    /* U+7EBF "线" */
    0x0, 0x4, 0x91, 0x0, 0x9, 0xe1, 0x81, 0x0,
    0x0, 0xb, 0xe0, 0x0, 0x8, 0xe2, 0xce, 0x30,
    0x0, 0x2f, 0x70, 0x0, 0x8, 0xf0, 0x7, 0x20,
    0x0, 0xad, 0x5, 0x13, 0x5b, 0xfc, 0xff, 0xc0,
    0x3, 0xf4, 0x2f, 0x8d, 0xff, 0xf9, 0x64, 0x10,
    0xe, 0xfc, 0xed, 0x2, 0x5, 0xf2, 0x0, 0x10,
    0xb, 0xac, 0xf4, 0x0, 0x6, 0xfa, 0xbe, 0xf3,
    0x0, 0x2f, 0x80, 0x2c, 0xff, 0xfe, 0xa7, 0x40,
    0x1, 0xdd, 0x57, 0x49, 0x63, 0xf8, 0x4, 0xc2,
    0xc, 0xff, 0xfd, 0x30, 0x0, 0xbc, 0x2f, 0xc0,
    0x8, 0x73, 0x0, 0x0, 0x0, 0x8f, 0xed, 0x10,
    0x0, 0x0, 0x49, 0x50, 0x0, 0x9f, 0xc1, 0x0,
    0x7, 0xbf, 0xfc, 0x40, 0x5d, 0xff, 0xc0, 0x86,
    0xd, 0xc7, 0x10, 0x6e, 0xf9, 0x25, 0xfb, 0xe7,
    0x0, 0x0, 0x0, 0x29, 0x20, 0x0, 0x8f, 0xd1,

    /* U+7ED1 "绑" */
    0x0, 0x0, 0x0, 0x0, 0x0, 0x0, 0x0, 0x0,
    0x0, 0x9a, 0x0, 0xc, 0x80, 0x0, 0x0, 0x0,
    0x0, 0xda, 0x0, 0xc, 0x80, 0x5f, 0xff, 0xd0,
    0x2, 0xf5, 0x2, 0x4d, 0xa4, 0x5f, 0x4b, 0xd0,
    0x7, 0xe0, 0x8, 0xff, 0xff, 0x6f, 0xd, 0x80,
    0xd, 0x83, 0xc2, 0x1d, 0x91, 0x5f, 0x1f, 0x40,
    0x6f, 0x8c, 0xd0, 0xc, 0x80, 0x5f, 0x5f, 0x0,
    0x7f, 0xef, 0x55, 0xff, 0xfc, 0x5f, 0x9b, 0x0,
    0x0, 0xcb, 0x2, 0x6e, 0xb5, 0x5f, 0x3f, 0x20,
    0x5, 0xf2, 0x20, 0xd, 0x70, 0x5f, 0xa, 0xa0,
    0x3f, 0xff, 0xd6, 0x7f, 0xb7, 0x7f, 0x5, 0xf0,
    0x5e, 0x95, 0x1c, 0xff, 0xfe, 0x9f, 0x2, 0xf2,
    0x0, 0x1, 0x50, 0x5f, 0x10, 0x5f, 0x38, 0xf0,
    0x17, 0xcf, 0xd0, 0xbc, 0x0, 0x5f, 0xdf, 0x80,
    0x8e, 0x94, 0x7, 0xf4, 0x0, 0x5f, 0x0, 0x0,
    0x0, 0x0, 0x9, 0x70, 0x0, 0x5f, 0x0, 0x0,

    /* U+7EDC "络" */
    0x0, 0x2, 0x20, 0x0, 0x9, 0x30, 0x0, 0x0,
    0x0, 0xa, 0xf0, 0x0, 0x6f, 0x30, 0x0, 0x0,
    0x0, 0x2f, 0x80, 0x0, 0xef, 0xff, 0xff, 0xc0,
    0x0, 0x9e, 0x10, 0xb, 0xf9, 0x55, 0x8f, 0x70,
    0x3, 0xf5, 0x1d, 0xbf, 0xde, 0x21, 0xed, 0x0,
    0x1d, 0xe8, 0xce, 0x77, 0xd, 0xdd, 0xe1, 0x0,
    0x1f, 0xee, 0xf4, 0x0, 0x8, 0xff, 0x80, 0x0,
    0x0, 0x2e, 0x80, 0x28, 0xef, 0x98, 0xfd, 0x72,
    0x1, 0xdd, 0x58, 0xcf, 0xa2, 0x0, 0x29, 0xf6,
    0x1d, 0xff, 0xfc, 0x38, 0xff, 0xff, 0xff, 0x80,
    0xc, 0x94, 0x10, 0x7, 0xf5, 0x55, 0x5f, 0x70,
    0x0, 0x0, 0x27, 0x37, 0xe0, 0x0, 0xf, 0x70,
    0x3, 0x8c, 0xff, 0x57, 0xe0, 0x0, 0xf, 0x70,
    0x1f, 0xfb, 0x61, 0x7, 0xff, 0xff, 0xff, 0x70,
    0x5, 0x10, 0x0, 0x7, 0xf6, 0x66, 0x6f, 0x70,

    /* U+7EE7 "继" */
    0x0, 0x0, 0x0, 0x0, 0x0, 0x0, 0x0, 0x0,
    0x0, 0xd, 0x40, 0x0, 0x0, 0xe, 0x50, 0x0,
    0x0, 0x3f, 0x80, 0x7e, 0x13, 0xe, 0x51, 0x30,
    0x0, 0x9f, 0x10, 0x7e, 0x4d, 0xe, 0x56, 0xc0,
    0x0, 0xea, 0x0, 0x7e, 0xf, 0x2e, 0x5c, 0x60,
    0x7, 0xf2, 0x3c, 0x8e, 0xb, 0x4e, 0x6d, 0x0,
    0x2e, 0xa3, 0xcb, 0x7e, 0x35, 0x5f, 0x85, 0x51,
    0x5f, 0xff, 0xe1, 0x7e, 0xaf, 0xff, 0xff, 0xf3,
    0x5, 0x4f, 0x40, 0x7e, 0x0, 0xaf, 0xe1, 0x0,
    0x1, 0xd8, 0x13, 0x7e, 0x4, 0xef, 0xbd, 0x10,
    0x2d, 0xff, 0xfc, 0x7e, 0x3f, 0x5e, 0x59, 0xd0,
    0x9, 0x63, 0x0, 0x7e, 0x78, 0xe, 0x50, 0x70,
    0x0, 0x1, 0x59, 0x7e, 0x0, 0xe, 0x50, 0x0,
    0x29, 0xdf, 0xfd, 0x7e, 0x0, 0x2, 0x0, 0x0,
    0x3f, 0xb6, 0x10, 0x7f, 0xff, 0xff, 0xff, 0xf5,
    0x0, 0x0, 0x0, 0x26, 0x66, 0x66, 0x66, 0x62,

    /* U+7EEA "绪" */
    0x0, 0xa, 0x60, 0x0, 0xa, 0xb0, 0x0, 0x0,
    0x0, 0x1f, 0x70, 0x0, 0xa, 0xb0, 0x8, 0xc0,
    0x0, 0x7f, 0x10, 0x2e, 0xef, 0xfe, 0xcf, 0x80,
    0x0, 0xd9, 0x1, 0x16, 0x6d, 0xd6, 0xde, 0x10,
    0x5, 0xf2, 0x3e, 0x20, 0xa, 0xb4, 0xf7, 0x0,
    0x1e, 0xa2, 0xbc, 0x66, 0x6d, 0xdd, 0xf6, 0x62,
    0x5f, 0xff, 0xf2, 0xef, 0xff, 0xff, 0xff, 0xf6,
    0x5, 0x3e, 0x60, 0x0, 0x6e, 0xc2, 0x0, 0x0,
    0x0, 0xc9, 0x12, 0x4d, 0xff, 0xff, 0xff, 0x80,
    0x1c, 0xff, 0xfc, 0xfe, 0xf8, 0x44, 0x4f, 0x80,
    0x1f, 0xb7, 0x40, 0x42, 0xf6, 0x22, 0x2f, 0x80,
    0x0, 0x0, 0x0, 0x1, 0xff, 0xff, 0xff, 0x80,
    0x1, 0x48, 0xcf, 0x31, 0xf4, 0x0, 0xf, 0x80,
    0x4f, 0xff, 0xb7, 0x11, 0xf9, 0x66, 0x6f, 0x80,
    0x18, 0x40, 0x0, 0x1, 0xfe, 0xdd, 0xde, 0x80,

    /* U+7EED "续" */
    0x0, 0x9, 0x50, 0x0, 0x2, 0xf4, 0x0, 0x0,
    0x0, 0x1f, 0x80, 0x1, 0x14, 0xf6, 0x11, 0x0,
    0x0, 0x6f, 0x20, 0xf, 0xff, 0xff, 0xff, 0x30,
    0x0, 0xda, 0x0, 0x2, 0x25, 0xf6, 0x22, 0x0,
    0x5, 0xf2, 0x59, 0x36, 0x68, 0xf9, 0x66, 0x50,
    0x2e, 0xa2, 0xd9, 0x8e, 0xee, 0xee, 0xef, 0xd0,
    0x4f, 0xff, 0xd0, 0x3, 0x91, 0x98, 0xc, 0x80,
    0x2, 0x3f, 0x30, 0x13, 0x8d, 0xca, 0xa, 0x20,
    0x0, 0xd9, 0x44, 0x5e, 0x71, 0xd9, 0x0, 0x0,
    0x1b, 0xff, 0xf8, 0x24, 0xa2, 0xe9, 0x22, 0x20,
    0x2e, 0xa5, 0x10, 0xef, 0xff, 0xff, 0xff, 0xf0,
    0x0, 0x1, 0x67, 0x22, 0x2c, 0xe5, 0x32, 0x20,
    0x5, 0xbf, 0xe7, 0x0, 0x8f, 0x6a, 0xe3, 0x0,
    0x4f, 0xb5, 0x0, 0x2b, 0xf8, 0x0, 0x9f, 0x60,
    0x2, 0x0, 0x0, 0xee, 0x50, 0x0, 0x7, 0xf2,
    0x0, 0x0, 0x0, 0x20, 0x0, 0x0, 0x0, 0x20,

    /* U+7EF4 "维" */
    0x0, 0x1, 0x0, 0x0, 0x0, 0x0, 0x0, 0x0,
    0x0, 0xc, 0xb0, 0x0, 0x7f, 0x4f, 0x40, 0x0,
    0x0, 0x2f, 0x50, 0x0, 0xea, 0xd, 0xc0, 0x0,
    0x0, 0x9d, 0x0, 0x4, 0xf9, 0x6b, 0xa6, 0x61,
    0x2, 0xf4, 0x1c, 0x3d, 0xff, 0xff, 0xff, 0xf4,
    0xc, 0xc3, 0xad, 0x9f, 0xe0, 0xe, 0x70, 0x0,
    0x3f, 0xff, 0xf4, 0xee, 0xf6, 0x6f, 0xb6, 0x50,
    0x4, 0x2e, 0x80, 0x58, 0xff, 0xff, 0xff, 0xd0,
    0x0, 0xbc, 0x1, 0x7, 0xe0, 0xe, 0x70, 0x0,
    0xa, 0xfd, 0xef, 0x17, 0xf6, 0x6f, 0xb6, 0x50,
    0x1f, 0xc8, 0x52, 0x7, 0xff, 0xff, 0xff, 0xd0,
    0x0, 0x0, 0x0, 0x17, 0xe0, 0xe, 0x70, 0x0,
    0x2, 0x59, 0xcf, 0x77, 0xe2, 0x2e, 0x92, 0x21,
    0x2f, 0xfc, 0x84, 0x7, 0xff, 0xff, 0xff, 0xf7,
    0x4, 0x0, 0x0, 0x7, 0xf3, 0x33, 0x33, 0x31,

    /* U+7F51 "网" */
    0x9f, 0xff, 0xff, 0xff, 0xff, 0xff, 0xfe, 0x9f,
    0x66, 0x66, 0x66, 0x66, 0x66, 0xce, 0x9e, 0x0,
    0x6, 0x60, 0x1, 0x81, 0x9e, 0x9e, 0x22, 0xd,
    0x84, 0x4, 0xf1, 0x9e, 0x9e, 0x9e, 0x1f, 0x6e,
    0x87, 0xe0, 0x9e, 0x9e, 0xd, 0xdf, 0x14, 0xfe,
    0xa0, 0x9e, 0x9e, 0x2, 0xfe, 0x0, 0x8f, 0x70,
    0x9e, 0x9e, 0x0, 0xdf, 0x40, 0x4f, 0xc0, 0x9e,
    0x9e, 0x4, 0xfc, 0xe0, 0xcd, 0xf6, 0x9e, 0x9e,
    0xc, 0xb1, 0xc5, 0xf4, 0x9d, 0x9e, 0x9e, 0x9f,
    0x30, 0x1e, 0xc0, 0x12, 0x9e, 0x9f, 0xb7, 0x0,
    0x6e, 0x10, 0x0, 0x9e, 0x9e, 0x0, 0x0, 0x0,
    0x3, 0x77, 0xed, 0x9e, 0x0, 0x0, 0x0, 0x2,
    0xff, 0xd5,

    /* U+7F6E "置" */
    0x3, 0xff, 0xff, 0xff, 0xff, 0xff, 0xff, 0x50,
    0x3, 0xf4, 0x8, 0xd0, 0xe, 0x80, 0x3f, 0x50,
    0x3, 0xfd, 0xce, 0xfc, 0xcf, 0xec, 0xdf, 0x50,
    0x0, 0x33, 0x33, 0x3f, 0xb3, 0x33, 0x33, 0x10,
    0xe, 0xff, 0xff, 0xff, 0xff, 0xff, 0xff, 0xb0,
    0x2, 0x22, 0x22, 0x5f, 0x62, 0x22, 0x22, 0x20,
    0x0, 0x1e, 0xee, 0xef, 0xee, 0xee, 0xe1, 0x0,
    0x0, 0x1f, 0x62, 0x22, 0x22, 0x28, 0xf1, 0x0,
    0x0, 0x1f, 0xed, 0xdd, 0xdd, 0xde, 0xf1, 0x0,
    0x0, 0x1f, 0x96, 0x66, 0x66, 0x6a, 0xf1, 0x0,
    0x0, 0x1f, 0x85, 0x55, 0x55, 0x5a, 0xf1, 0x0,
    0x0, 0x1f, 0xed, 0xdd, 0xdd, 0xde, 0xf1, 0x0,
    0x1, 0x3f, 0x61, 0x11, 0x11, 0x17, 0xf2, 0x10,
    0x2f, 0xff, 0xff, 0xff, 0xff, 0xff, 0xff, 0xf2,

    /* U+8005 "者" */
    0x0, 0x0, 0x0, 0xcb, 0x0, 0x0, 0x0, 0x0,
    0x0, 0x0, 0x0, 0xcb, 0x0, 0x0, 0x3d, 0x30,
    0x0, 0x46, 0x66, 0xed, 0x66, 0x63, 0xdb, 0x0,
    0x0, 0xbe, 0xee, 0xff, 0xee, 0xff, 0xc0, 0x0,
    0x0, 0x0, 0x0, 0xcb, 0x1, 0xcd, 0x10, 0x0,
    0x16, 0x66, 0x66, 0xed, 0x6e, 0xf8, 0x66, 0x61,
    0x2f, 0xff, 0xff, 0xff, 0xff, 0xff, 0xff, 0xf2,
    0x0, 0x0, 0x5, 0xdf, 0x70, 0x0, 0x0, 0x0,
    0x0, 0x4, 0xcf, 0xfa, 0x66, 0x66, 0x61, 0x0,
    0x17, 0xdf, 0xfe, 0xdd, 0xdd, 0xde, 0xf3, 0x0,
    0x3e, 0xa4, 0xe9, 0x0, 0x0, 0x5, 0xf3, 0x0,
    0x0, 0x0, 0xef, 0xff, 0xff, 0xff, 0xf3, 0x0,
    0x0, 0x0, 0xea, 0x22, 0x22, 0x26, 0xf3, 0x0,
    0x0, 0x0, 0xeb, 0x55, 0x55, 0x58, 0xf3, 0x0,
    0x0, 0x0, 0xef, 0xff, 0xff, 0xff, 0xe3, 0x0,

    /* U+80FD "能" */
    0x0, 0x0, 0x0, 0x0, 0x0, 0x0, 0x0, 0x0,
    0x0, 0x1e, 0x70, 0x0, 0x3f, 0x40, 0x0, 0x0,
    0x0, 0x8f, 0x2a, 0x70, 0x3f, 0x40, 0x27, 0x0,
    0x2, 0xf8, 0x9, 0xf1, 0x3f, 0x8a, 0xfe, 0x40,
    0xd, 0xf7, 0x8a, 0xf9, 0x3f, 0xfb, 0x50, 0x0,
    0xd, 0xec, 0xb9, 0xbe, 0x4f, 0x40, 0x0, 0x71,
    0x0, 0x0, 0x0, 0x11, 0x3f, 0x50, 0x2, 0xf4,
    0x7, 0xff, 0xff, 0xf5, 0x1f, 0xff, 0xef, 0xf0,
    0x7, 0xf4, 0x46, 0xf6, 0x17, 0x76, 0x66, 0x20,
    0x7, 0xf3, 0x34, 0xf6, 0x3f, 0x40, 0x0, 0x0,
    0x7, 0xff, 0xff, 0xf6, 0x3f, 0x40, 0x6e, 0x50,
    0x7, 0xe0, 0x1, 0xf6, 0x3f, 0xbf, 0xf9, 0x20,
    0x7, 0xff, 0xff, 0xf6, 0x3f, 0xa4, 0x0, 0x0,
    0x7, 0xf2, 0x23, 0xf6, 0x3f, 0x40, 0x0, 0xd5,
    0x7, 0xe0, 0x57, 0xf5, 0x2f, 0xa7, 0x68, 0xf4,
    0x7, 0xe0, 0x9f, 0xc1, 0x9, 0xde, 0xed, 0xa0,

    /* U+81EA "自" */
    0x0, 0x0, 0x7, 0x40, 0x0, 0x0, 0x0, 0x0,
    0x3f, 0x80, 0x0, 0x0, 0x35, 0x55, 0x9f, 0x75,
    0x55, 0x54, 0x8f, 0xff, 0xff, 0xff, 0xff, 0xfa,
    0x8f, 0x11, 0x11, 0x11, 0x11, 0xea, 0x8f, 0x0,
    0x0, 0x0, 0x0, 0xea, 0x8f, 0xff, 0xff, 0xff,
    0xff, 0xfa, 0x8f, 0x77, 0x77, 0x77, 0x77, 0xfa,
    0x8f, 0x0, 0x0, 0x0, 0x0, 0xea, 0x8f, 0x66,
    0x66, 0x66, 0x66, 0xfa, 0x8f, 0xff, 0xff, 0xff,
    0xff, 0xfa, 0x8f, 0x0, 0x0, 0x0, 0x0, 0xea,
    0x8f, 0x0, 0x0, 0x0, 0x0, 0xea, 0x8f, 0xff,
    0xff, 0xff, 0xff, 0xfa, 0x8f, 0x77, 0x77, 0x77,
    0x77, 0xea,

    /* U+822C "般" */
    0x0, 0x2, 0xa3, 0x0, 0x0, 0x0, 0x0, 0x0,
    0x0, 0x6, 0xf0, 0x0, 0x4f, 0xff, 0xfe, 0x0,
    0x3, 0xff, 0xff, 0xf4, 0x4f, 0x64, 0xae, 0x0,
    0x3, 0xf5, 0x45, 0xf4, 0x5f, 0x10, 0x7e, 0x0,
    0x3, 0xf7, 0x91, 0xf4, 0x8e, 0x0, 0x7f, 0x11,
    0x3, 0xf2, 0xe4, 0xf7, 0xf9, 0x0, 0x3f, 0xfa,
    0x3, 0xf1, 0x42, 0xf4, 0x60, 0x0, 0x0, 0x10,
    0x5e, 0xfe, 0xee, 0xf4, 0xee, 0xee, 0xef, 0xc0,
    0x29, 0xf7, 0x67, 0xf4, 0xcd, 0x66, 0x6d, 0xa0,
    0x6, 0xf5, 0x91, 0xf4, 0x5f, 0x30, 0x2f, 0x50,
    0x7, 0xd1, 0xf4, 0xf4, 0xd, 0xd1, 0xbd, 0x0,
    0x9, 0xb0, 0x85, 0xf4, 0x2, 0xfe, 0xf4, 0x0,
    0xd, 0x80, 0x1, 0xf4, 0x1, 0xcf, 0xf6, 0x0,
    0x2f, 0x30, 0x56, 0xf6, 0x9f, 0xe7, 0xbf, 0xe5,
    0x3d, 0x0, 0xdf, 0xb3, 0xe8, 0x10, 0x4, 0xb1,
    0x0, 0x0, 0x0, 0x0, 0x0, 0x0, 0x0, 0x0,

    /* U+826F "良" */
    0x0, 0x0, 0x1, 0x73, 0x0, 0x0, 0x0, 0x0,
    0x0, 0x0, 0xf, 0xa0, 0x0, 0x0, 0x0, 0x7,
    0xff, 0xff, 0xff, 0xff, 0xff, 0x10, 0x0, 0x7f,
    0x65, 0x55, 0x55, 0x5a, 0xf1, 0x0, 0x7, 0xf2,
    0x11, 0x11, 0x11, 0x8f, 0x10, 0x0, 0x7f, 0xff,
    0xff, 0xff, 0xff, 0xf1, 0x0, 0x7, 0xf2, 0x11,
    0x11, 0x11, 0x8f, 0x10, 0x0, 0x7f, 0x43, 0x33,
    0x33, 0x39, 0xf1, 0x0, 0x7, 0xff, 0xff, 0xff,
    0xff, 0xff, 0x10, 0x0, 0x7f, 0x21, 0x7f, 0x51,
    0x11, 0x86, 0x0, 0x7, 0xf1, 0x0, 0xce, 0x21,
    0xaf, 0xa0, 0x0, 0x7f, 0x10, 0x2, 0xee, 0xee,
    0x40, 0x0, 0x8, 0xf1, 0x2, 0x52, 0xef, 0x91,
    0x0, 0x0, 0xcf, 0xbe, 0xfe, 0x1, 0xaf, 0xfa,
    0x50, 0x2f, 0xfd, 0x84, 0x10, 0x0, 0x39, 0xe9,
    0x0, 0x31, 0x0, 0x0, 0x0, 0x0, 0x0, 0x0,

    /* U+8272 "色" */
    0x0, 0x0, 0x5, 0x30, 0x0, 0x0, 0x0, 0x0,
    0x0, 0x0, 0x2f, 0xa2, 0x22, 0x20, 0x0, 0x0,
    0x0, 0x1, 0xdf, 0xff, 0xff, 0xf5, 0x0, 0x0,
    0x0, 0x1c, 0xf4, 0x22, 0x3e, 0xc0, 0x0, 0x0,
    0x3, 0xef, 0x50, 0x1, 0xce, 0x20, 0x0, 0x0,
    0x3f, 0xff, 0xff, 0xff, 0xff, 0xff, 0xfc, 0x0,
    0xb, 0x9f, 0x55, 0x5b, 0xf5, 0x55, 0xcc, 0x0,
    0x0, 0x6f, 0x0, 0x8, 0xe0, 0x0, 0xbc, 0x0,
    0x0, 0x6f, 0x43, 0x3a, 0xf3, 0x33, 0xcc, 0x0,
    0x0, 0x6f, 0xff, 0xff, 0xff, 0xff, 0xfc, 0x0,
    0x0, 0x6f, 0x32, 0x22, 0x22, 0x22, 0xaa, 0x0,
    0x0, 0x6f, 0x0, 0x0, 0x0, 0x0, 0x1, 0x92,
    0x0, 0x6f, 0x0, 0x0, 0x0, 0x0, 0x4, 0xf4,
    0x0, 0x4f, 0xa6, 0x66, 0x66, 0x66, 0x7d, 0xe0,
    0x0, 0x7, 0xdf, 0xff, 0xff, 0xff, 0xfc, 0x40,

    /* U+88C5 "装" */
    0x0, 0x0, 0xd9, 0x0, 0x1, 0xf6, 0x0, 0x0,
    0x8, 0x50, 0xd9, 0x0, 0x1, 0xf6, 0x0, 0x0,
    0x8, 0xf5, 0xd9, 0x45, 0x57, 0xf9, 0x55, 0x50,
    0x0, 0x86, 0xd9, 0xbf, 0xff, 0xff, 0xff, 0xf0,
    0x0, 0x1, 0xe9, 0x0, 0x1, 0xf6, 0x0, 0x0,
    0x4, 0xbf, 0xf9, 0x0, 0x1, 0xf6, 0x0, 0x0,
    0x4f, 0x92, 0xd9, 0x4f, 0xff, 0xff, 0xff, 0xb0,
    0x1, 0x0, 0x85, 0x1a, 0x95, 0x55, 0x55, 0x40,
    0x0, 0x0, 0x0, 0xe, 0xd0, 0x0, 0x0, 0x0,
    0x3f, 0xff, 0xff, 0xff, 0xff, 0xff, 0xff, 0xf3,
    0x2, 0x22, 0x4b, 0xf7, 0xdb, 0x22, 0x5b, 0x30,
    0x1, 0x59, 0xfd, 0x20, 0x4f, 0x78, 0xfa, 0x10,
    0x2f, 0xfa, 0xf8, 0x0, 0x7, 0xff, 0x40, 0x0,
    0x3, 0x1, 0xfb, 0x8c, 0xf3, 0x6e, 0xe8, 0x30,
    0x0, 0xa, 0xfe, 0xa7, 0x30, 0x1, 0x8e, 0xf2,
    0x0, 0x2, 0x20, 0x0, 0x0, 0x0, 0x0, 0x10,

    /* U+89C2 "观" */
    0x4, 0x44, 0x44, 0x27, 0xff, 0xff, 0xff, 0xe0,
    0xf, 0xff, 0xff, 0xb7, 0xf5, 0x55, 0x5b, 0xe0,
    0x2, 0x22, 0x2e, 0x97, 0xe0, 0x24, 0x8, 0xe0,
    0x2, 0x20, 0x1f, 0x67, 0xe0, 0x7e, 0x8, 0xe0,
    0xb, 0xd0, 0x5f, 0x37, 0xe0, 0x7e, 0x8, 0xe0,
    0x2, 0xf9, 0x9f, 0x7, 0xe0, 0x8e, 0x8, 0xe0,
    0x0, 0x7f, 0xfa, 0x7, 0xe0, 0x9c, 0x8, 0xe0,
    0x0, 0xc, 0xf6, 0x7, 0xe0, 0xaa, 0x8, 0xe0,
    0x0, 0xa, 0xf9, 0x4, 0x70, 0xec, 0x44, 0x70,
    0x0, 0x2f, 0xef, 0x20, 0x4, 0xff, 0x90, 0x0,
    0x0, 0xbe, 0x2f, 0x90, 0x1e, 0xbc, 0x90, 0x56,
    0x8, 0xf6, 0x8, 0x30, 0xbf, 0x2c, 0x90, 0x7b,
    0x2f, 0xb0, 0x0, 0x3d, 0xf3, 0xc, 0xb2, 0xa9,
    0x5, 0x0, 0x0, 0xdc, 0x20, 0x6, 0xef, 0xe3,
    0x0, 0x0, 0x0, 0x10, 0x0, 0x0, 0x0, 0x0,

    /* U+8A00 "言" */
    0x0, 0x0, 0x0, 0x3a, 0x20, 0x0, 0x0, 0x0,
    0x0, 0x0, 0x0, 0x1e, 0xd0, 0x0, 0x0, 0x0,
    0x16, 0x66, 0x66, 0x6b, 0xf9, 0x66, 0x66, 0x61,
    0x2e, 0xee, 0xee, 0xee, 0xee, 0xee, 0xee, 0xe3,
    0x0, 0x0, 0x0, 0x0, 0x0, 0x0, 0x0, 0x0,
    0x0, 0xe, 0xff, 0xff, 0xff, 0xff, 0xf0, 0x0,
    0x0, 0x3, 0x44, 0x44, 0x44, 0x44, 0x40, 0x0,
    0x0, 0x3, 0x44, 0x44, 0x44, 0x44, 0x40, 0x0,
    0x0, 0xe, 0xff, 0xff, 0xff, 0xff, 0xf0, 0x0,
    0x0, 0x0, 0x0, 0x0, 0x0, 0x0, 0x0, 0x0,
    0x0, 0x1f, 0xff, 0xff, 0xff, 0xff, 0xf2, 0x0,
    0x0, 0x1f, 0x95, 0x55, 0x55, 0x59, 0xf2, 0x0,
    0x0, 0x1f, 0x60, 0x0, 0x0, 0x6, 0xf2, 0x0,
    0x0, 0x1f, 0x95, 0x55, 0x55, 0x59, 0xf2, 0x0,
    0x0, 0x1f, 0xfe, 0xee, 0xee, 0xee, 0xf2, 0x0,

    /* U+8BA4 "认" */
    0x0, 0x53, 0x0, 0x0, 0x6, 0xf2, 0x0, 0x0,
    0x0, 0xcf, 0x30, 0x0, 0x6, 0xf2, 0x0, 0x0,
    0x0, 0x1d, 0xf2, 0x0, 0x6, 0xf1, 0x0, 0x0,
    0x0, 0x2, 0xb0, 0x0, 0x6, 0xf1, 0x0, 0x0,
    0x0, 0x0, 0x0, 0x0, 0x7, 0xf0, 0x0, 0x0,
    0x37, 0x77, 0x40, 0x0, 0x9, 0xf1, 0x0, 0x0,
    0x7f, 0xff, 0x80, 0x0, 0xb, 0xf4, 0x0, 0x0,
    0x0, 0xe, 0x80, 0x0, 0xc, 0xf7, 0x0, 0x0,
    0x0, 0xe, 0x80, 0x0, 0xf, 0xfb, 0x0, 0x0,
    0x0, 0xe, 0x80, 0x0, 0x3f, 0xcf, 0x10, 0x0,
    0x0, 0xe, 0x80, 0x0, 0x9f, 0x2f, 0x80, 0x0,
    0x0, 0xe, 0xab, 0x81, 0xfa, 0x9, 0xf0, 0x0,
    0x0, 0xf, 0xfd, 0x3a, 0xf3, 0x3, 0xfb, 0x0,
    0x0, 0x8f, 0x90, 0x8f, 0x90, 0x0, 0x8f, 0xa0,
    0x0, 0x56, 0x1, 0xeb, 0x0, 0x0, 0xa, 0xe2,
    0x0, 0x0, 0x0, 0x20, 0x0, 0x0, 0x0, 0x20,

    /* U+8BAE "议" */
    0x0, 0x0, 0x0, 0x0, 0x1, 0x0, 0x0, 0x0,
    0x1, 0xd4, 0x0, 0x21, 0x3f, 0x30, 0x5, 0x20,
    0x0, 0xbf, 0x20, 0xf7, 0xd, 0xc0, 0x1f, 0x70,
    0x0, 0x1e, 0x60, 0xdb, 0x6, 0xf2, 0x5f, 0x30,
    0x0, 0x1, 0x0, 0x9e, 0x1, 0x81, 0x8f, 0x0,
    0x27, 0x77, 0x10, 0x5f, 0x30, 0x0, 0xcc, 0x0,
    0x4f, 0xff, 0x30, 0xf, 0x80, 0x1, 0xf8, 0x0,
    0x0, 0x3f, 0x30, 0xa, 0xf1, 0x7, 0xf2, 0x0,
    0x0, 0x3f, 0x30, 0x4, 0xf7, 0xd, 0xc0, 0x0,
    0x0, 0x3f, 0x30, 0x0, 0xce, 0x8f, 0x40, 0x0,
    0x0, 0x3f, 0x30, 0x0, 0x3f, 0xfa, 0x0, 0x0,
    0x0, 0x3f, 0x5b, 0x40, 0x2e, 0xf9, 0x0, 0x0,
    0x0, 0x4f, 0xfe, 0x33, 0xee, 0xbf, 0xb0, 0x0,
    0x0, 0xaf, 0xa2, 0x9f, 0xd2, 0x9, 0xfe, 0x70,
    0x0, 0x87, 0xc, 0xf9, 0x10, 0x0, 0x5d, 0xf5,
    0x0, 0x0, 0x2, 0x20, 0x0, 0x0, 0x0, 0x30,

    /* U+8BBE "设" */
    0x0, 0x10, 0x0, 0x0, 0x0, 0x0, 0x0, 0x0,
    0x0, 0xea, 0x0, 0x4, 0xff, 0xff, 0xf1, 0x0,
    0x0, 0x5f, 0xa0, 0x4, 0xf7, 0x69, 0xf1, 0x0,
    0x0, 0x5, 0xd1, 0x5, 0xf0, 0x5, 0xf1, 0x0,
    0x0, 0x0, 0x0, 0xb, 0xd0, 0x5, 0xf1, 0x0,
    0x38, 0x88, 0x10, 0x9f, 0x50, 0x4, 0xfc, 0xb2,
    0x5f, 0xff, 0x35, 0xf7, 0x0, 0x0, 0x79, 0x92,
    0x0, 0x4f, 0x30, 0x77, 0x77, 0x77, 0x77, 0x10,
    0x0, 0x4f, 0x30, 0xdf, 0xff, 0xff, 0xff, 0x30,
    0x0, 0x4f, 0x30, 0x1f, 0x70, 0x0, 0xbc, 0x0,
    0x0, 0x4f, 0x30, 0x8, 0xf3, 0x6, 0xf4, 0x0,
    0x0, 0x4f, 0x6d, 0x10, 0xce, 0x8f, 0x70, 0x0,
    0x0, 0x5f, 0xfb, 0x10, 0x2f, 0xfd, 0x0, 0x0,
    0x0, 0xcf, 0x80, 0x4a, 0xfe, 0xbf, 0xe8, 0x30,
    0x0, 0xa6, 0x7, 0xfd, 0x70, 0x3, 0xbf, 0xf3,
    0x0, 0x0, 0x0, 0x30, 0x0, 0x0, 0x1, 0x30,

    /* U+8BC1 "证" */
    0x0, 0x0, 0x0, 0x0, 0x0, 0x0, 0x0, 0x0,
    0x3, 0xe5, 0x0, 0x46, 0x66, 0x66, 0x66, 0x61,
    0x0, 0xbf, 0x60, 0xaf, 0xff, 0xff, 0xff, 0xf3,
    0x0, 0xc, 0xc0, 0x0, 0x0, 0x9f, 0x0, 0x0,
    0x0, 0x1, 0x10, 0x0, 0x0, 0x8f, 0x0, 0x0,
    0x15, 0x55, 0x10, 0x0, 0x0, 0x8f, 0x0, 0x0,
    0x4e, 0xff, 0x40, 0xd, 0x90, 0x8f, 0x0, 0x0,
    0x0, 0x2f, 0x40, 0xd, 0x90, 0x8f, 0xff, 0xc0,
    0x0, 0x2f, 0x40, 0xd, 0x90, 0x8f, 0x66, 0x50,
    0x0, 0x2f, 0x40, 0xd, 0x90, 0x8f, 0x0, 0x0,
    0x0, 0x2f, 0x41, 0xd, 0x90, 0x8f, 0x0, 0x0,
    0x0, 0x2f, 0x8e, 0x4d, 0x90, 0x8f, 0x0, 0x0,
    0x0, 0x4f, 0xfd, 0x2d, 0x90, 0x8f, 0x0, 0x0,
    0x0, 0xaf, 0xa1, 0x7e, 0xc7, 0xcf, 0x77, 0x74,
    0x0, 0xc8, 0x1, 0xee, 0xee, 0xee, 0xee, 0xe9,
    0x0, 0x0, 0x0, 0x0, 0x0, 0x0, 0x0, 0x0,

    /* U+8BD5 "试" */
    0x0, 0x71, 0x0, 0x0, 0x0, 0x9f, 0x48, 0x0,
    0x0, 0xed, 0x0, 0x0, 0x0, 0x8f, 0x4f, 0x40,
    0x0, 0x3f, 0xa0, 0x0, 0x0, 0x8f, 0xa, 0xc0,
    0x0, 0x5, 0xa2, 0x44, 0x44, 0xaf, 0x46, 0x60,
    0x0, 0x0, 0xa, 0xff, 0xff, 0xff, 0xff, 0xf2,
    0x18, 0x88, 0x21, 0x22, 0x22, 0x8f, 0x32, 0x20,
    0x2b, 0xcf, 0x40, 0x0, 0x0, 0x5f, 0x20, 0x0,
    0x0, 0x2f, 0x42, 0xee, 0xee, 0x5f, 0x30, 0x0,
    0x0, 0x2f, 0x41, 0x7c, 0xd7, 0x3f, 0x40, 0x0,
    0x0, 0x2f, 0x40, 0xa, 0xb0, 0x1f, 0x70, 0x0,
    0x0, 0x2f, 0x40, 0xa, 0xb0, 0xe, 0x90, 0x10,
    0x0, 0x2f, 0x7b, 0xa, 0xc6, 0x5b, 0xd0, 0xe2,
    0x0, 0x4f, 0xfd, 0x9e, 0xff, 0x87, 0xf4, 0xf2,
    0x0, 0xcf, 0x62, 0xe9, 0x50, 0x2, 0xff, 0xe0,
    0x0, 0x42, 0x0, 0x0, 0x0, 0x0, 0x7f, 0x60,
    0x0, 0x0, 0x0, 0x0, 0x0, 0x0, 0x0, 0x0,

    /* U+8BED "语" */
    0x0, 0x0, 0x0, 0x0, 0x0, 0x0, 0x0, 0x0,
    0x4, 0xe4, 0x4, 0xff, 0xff, 0xff, 0xff, 0xe0,
    0x0, 0xbf, 0x41, 0x55, 0x8f, 0x85, 0x55, 0x50,
    0x0, 0xc, 0xa0, 0x1, 0x7f, 0x31, 0x11, 0x0,
    0x0, 0x1, 0x0, 0xbf, 0xff, 0xff, 0xfd, 0x0,
    0x38, 0x88, 0x10, 0x23, 0xeb, 0x33, 0xbc, 0x0,
    0x4d, 0xef, 0x20, 0x1, 0xf7, 0x0, 0xba, 0x0,
    0x0, 0x4f, 0x2d, 0xff, 0xff, 0xff, 0xff, 0xf7,
    0x0, 0x4f, 0x25, 0x66, 0x66, 0x66, 0x66, 0x63,
    0x0, 0x4f, 0x20, 0x35, 0x55, 0x55, 0x55, 0x20,
    0x0, 0x4f, 0x20, 0x9f, 0xff, 0xff, 0xff, 0x60,
    0x0, 0x4f, 0x28, 0xad, 0x0, 0x0, 0x1f, 0x60,
    0x0, 0x4f, 0xef, 0xcd, 0x0, 0x0, 0x1f, 0x60,
    0x0, 0xaf, 0xd2, 0x9e, 0x55, 0x55, 0x6f, 0x60,
    0x0, 0x89, 0x0, 0x9f, 0xff, 0xff, 0xff, 0x60,
    0x0, 0x0, 0x0, 0x0, 0x0, 0x0, 0x0, 0x0,

    /* U+8BEF "误" */
    0x0, 0x20, 0x0, 0x0, 0x0, 0x0, 0x0, 0x0,
    0x3, 0xf7, 0x0, 0x3f, 0xff, 0xff, 0xff, 0x80,
    0x0, 0xaf, 0x70, 0x3f, 0x74, 0x44, 0x4f, 0x80,
    0x0, 0xc, 0xc0, 0x3f, 0x30, 0x0, 0xf, 0x80,
    0x0, 0x1, 0x10, 0x3f, 0x75, 0x55, 0x5f, 0x80,
    0x25, 0x55, 0x10, 0x3f, 0xff, 0xff, 0xff, 0x70,
    0x5e, 0xef, 0x40, 0x0, 0x0, 0x0, 0x0, 0x0,
    0x0, 0x3f, 0x40, 0x9f, 0xff, 0xff, 0xff, 0xe0,
    0x0, 0x3f, 0x40, 0x24, 0x46, 0xf7, 0x44, 0x40,
    0x0, 0x3f, 0x40, 0x22, 0x26, 0xf5, 0x22, 0x21,
    0x0, 0x3f, 0x41, 0xff, 0xff, 0xff, 0xff, 0xf8,
    0x0, 0x3f, 0x47, 0x22, 0x2d, 0xfe, 0x32, 0x21,
    0x0, 0x4f, 0xff, 0x20, 0x8f, 0x7e, 0xb0, 0x0,
    0x0, 0xaf, 0xc2, 0x3b, 0xf9, 0x4, 0xfd, 0x60,
    0x0, 0x58, 0x4, 0xfe, 0x50, 0x0, 0x3c, 0xf5,
    0x0, 0x0, 0x0, 0x30, 0x0, 0x0, 0x0, 0x30,

    /* U+8BF7 "请" */
    0x0, 0x30, 0x0, 0x0, 0x8, 0xf0, 0x0, 0x0,
    0x4, 0xf6, 0x0, 0x22, 0x29, 0xf2, 0x22, 0x10,
    0x0, 0x9f, 0x32, 0xff, 0xff, 0xff, 0xff, 0xa0,
    0x0, 0xc, 0xa0, 0x12, 0x29, 0xf2, 0x22, 0x0,
    0x0, 0x1, 0x10, 0xae, 0xef, 0xfe, 0xee, 0x30,
    0x14, 0x44, 0x11, 0x22, 0x29, 0xf2, 0x22, 0x20,
    0x6f, 0xff, 0x49, 0xff, 0xff, 0xff, 0xff, 0xf2,
    0x2, 0x4f, 0x40, 0x13, 0x33, 0x33, 0x33, 0x0,
    0x0, 0x2f, 0x40, 0x8f, 0xee, 0xee, 0xff, 0x0,
    0x0, 0x2f, 0x40, 0x8e, 0x0, 0x0, 0x7f, 0x0,
    0x0, 0x2f, 0x40, 0x8f, 0xff, 0xff, 0xff, 0x0,
    0x0, 0x2f, 0x69, 0x8e, 0x11, 0x11, 0x8f, 0x0,
    0x0, 0x4f, 0xfa, 0x8f, 0xff, 0xff, 0xff, 0x0,
    0x0, 0xbf, 0x60, 0x8e, 0x0, 0x25, 0xaf, 0x0,
    0x0, 0x53, 0x0, 0x8e, 0x0, 0x2f, 0xe8, 0x0,

    /* U+8BFB "读" */
    0x0, 0x50, 0x0, 0x0, 0x7, 0xf0, 0x0, 0x0,
    0x4, 0xf8, 0x0, 0x11, 0x18, 0xf2, 0x11, 0x0,
    0x0, 0x8f, 0x70, 0xbf, 0xff, 0xff, 0xff, 0x40,
    0x0, 0x9, 0xa0, 0x12, 0x28, 0xf2, 0x22, 0x0,
    0x0, 0x0, 0x2, 0x99, 0x9c, 0xf9, 0x99, 0x80,
    0x38, 0x88, 0x13, 0xbb, 0xbb, 0xbb, 0xbe, 0xb0,
    0x6f, 0xff, 0x20, 0xa, 0x50, 0xc5, 0xe, 0x60,
    0x0, 0x3f, 0x20, 0x43, 0xd9, 0xf6, 0x1b, 0x10,
    0x0, 0x3f, 0x21, 0xcc, 0x34, 0xf5, 0x0, 0x0,
    0x0, 0x3f, 0x21, 0x2a, 0x95, 0xf6, 0x22, 0x20,
    0x0, 0x3f, 0x29, 0xff, 0xff, 0xff, 0xff, 0xf1,
    0x0, 0x3f, 0x8a, 0x22, 0x4f, 0xb5, 0x32, 0x20,
    0x0, 0x4f, 0xf8, 0x1, 0xdf, 0x3d, 0xd3, 0x0,
    0x0, 0x9f, 0x60, 0x6e, 0xe4, 0x1, 0xbf, 0x50,
    0x0, 0xa5, 0x9, 0xfb, 0x20, 0x0, 0x8, 0xf1,
    0x0, 0x0, 0x1, 0x30, 0x0, 0x0, 0x0, 0x20,

    /* U+8D1F "负" */
    0x0, 0x0, 0x5, 0x50, 0x0, 0x0, 0x0, 0x0,
    0x0, 0x0, 0x2f, 0xb0, 0x0, 0x0, 0x0, 0x0,
    0x0, 0x0, 0xcf, 0xff, 0xff, 0xf5, 0x0, 0x0,
    0x0, 0xa, 0xf6, 0x33, 0x3c, 0xf1, 0x0, 0x0,
    0x0, 0xaf, 0x60, 0x0, 0x4f, 0x60, 0x0, 0x0,
    0x1c, 0xff, 0xff, 0xff, 0xff, 0xff, 0xf7, 0x0,
    0x8, 0x5f, 0xb5, 0x55, 0x55, 0x56, 0xf8, 0x0,
    0x0, 0xf, 0x80, 0x4, 0x80, 0x1, 0xf8, 0x0,
    0x0, 0xf, 0x80, 0x9, 0xf0, 0x1, 0xf8, 0x0,
    0x0, 0xf, 0x80, 0xb, 0xd0, 0x1, 0xf8, 0x0,
    0x0, 0xf, 0x80, 0x1f, 0xa0, 0x1, 0xf8, 0x0,
    0x0, 0xf, 0x80, 0x8f, 0x23, 0x1, 0xf8, 0x0,
    0x0, 0x0, 0x8, 0xfa, 0x3f, 0xe7, 0x10, 0x0,
    0x2, 0x59, 0xef, 0x90, 0x1, 0x8e, 0xf8, 0x10,
    0xd, 0xfd, 0x82, 0x0, 0x0, 0x0, 0x8f, 0xa0,
    0x1, 0x10, 0x0, 0x0, 0x0, 0x0, 0x1, 0x0,

    /* U+8D25 "败" */
    0x0, 0x0, 0x0, 0x0, 0x4, 0x60, 0x0, 0x0,
    0xd, 0xff, 0xff, 0xf0, 0xa, 0xd0, 0x0, 0x0,
    0xd, 0x95, 0x57, 0xf0, 0xe, 0x90, 0x0, 0x0,
    0xd, 0x51, 0x23, 0xf0, 0x2f, 0xb7, 0x77, 0x70,
    0xd, 0x56, 0xe3, 0xf0, 0x8f, 0xee, 0xff, 0xe0,
    0xd, 0x56, 0xe3, 0xf1, 0xea, 0x0, 0x7d, 0x0,
    0xd, 0x56, 0xe3, 0xf8, 0xf9, 0x0, 0xaa, 0x0,
    0xd, 0x56, 0xe3, 0xf9, 0xee, 0x0, 0xd6, 0x0,
    0xd, 0x56, 0xe3, 0xf1, 0x1e, 0x52, 0xf3, 0x0,
    0xd, 0x58, 0xd3, 0xf0, 0x6, 0xd9, 0xc0, 0x0,
    0xb, 0x4b, 0x92, 0xb0, 0x0, 0xef, 0x50, 0x0,
    0x0, 0x2f, 0x89, 0x0, 0x0, 0xcf, 0x50, 0x0,
    0x0, 0xbc, 0x1e, 0x70, 0x9, 0xfb, 0xf4, 0x0,
    0x1c, 0xe3, 0x6, 0xf4, 0xbf, 0x50, 0xbf, 0x90,
    0x4d, 0x20, 0x0, 0x73, 0xd4, 0x0, 0x7, 0xb0,
    0x0, 0x0, 0x0, 0x0, 0x0, 0x0, 0x0, 0x0,

    /* U+8D26 "账" */
    0x0, 0x0, 0x0, 0x1, 0xf4, 0x0, 0x0, 0x0,
    0xe, 0xff, 0xff, 0x31, 0xf4, 0x0, 0x3e, 0x30,
    0xe, 0x63, 0x3f, 0x31, 0xf4, 0x0, 0xdd, 0x0,
    0xe, 0x3c, 0x3e, 0x31, 0xf4, 0x9, 0xf3, 0x0,
    0xe, 0x3e, 0x3e, 0x31, 0xf5, 0xaf, 0x70, 0x0,
    0xe, 0x3e, 0x3e, 0x31, 0xf5, 0xc8, 0x0, 0x0,
    0xe, 0x3e, 0x3e, 0x67, 0xf9, 0x76, 0x66, 0x60,
    0xe, 0x3e, 0x3e, 0xaf, 0xff, 0xff, 0xff, 0xf0,
    0xe, 0x3f, 0x3e, 0x31, 0xf4, 0x5f, 0x10, 0x0,
    0xe, 0x3f, 0x2e, 0x31, 0xf4, 0xe, 0x70, 0x0,
    0xe, 0x6f, 0xd, 0x31, 0xf4, 0x9, 0xe0, 0x0,
    0x0, 0x7d, 0xa0, 0x1, 0xf4, 0x3, 0xf6, 0x0,
    0x1, 0xe4, 0xca, 0x1, 0xf6, 0x66, 0xbf, 0x20,
    0x1d, 0xb0, 0x1f, 0x55, 0xff, 0xf6, 0x1e, 0xe1,
    0x5a, 0x0, 0x5, 0x19, 0xd6, 0x0, 0x2, 0x80,
    0x0, 0x0, 0x0, 0x0, 0x0, 0x0, 0x0, 0x0,

    /* U+8DB3 "足" */
    0x0, 0x6f, 0xff, 0xff, 0xff, 0xff, 0xfa, 0x0,
    0x0, 0x6f, 0x77, 0x77, 0x77, 0x77, 0xfa, 0x0,
    0x0, 0x6f, 0x10, 0x0, 0x0, 0x0, 0xea, 0x0,
    0x0, 0x6f, 0x10, 0x0, 0x0, 0x0, 0xea, 0x0,
    0x0, 0x6f, 0x87, 0x77, 0x77, 0x77, 0xfa, 0x0,
    0x0, 0x6f, 0xff, 0xff, 0xff, 0xff, 0xfa, 0x0,
    0x0, 0x0, 0x0, 0x9, 0xe0, 0x0, 0x0, 0x0,
    0x0, 0xa, 0xd0, 0x9, 0xe0, 0x0, 0x0, 0x0,
    0x0, 0xd, 0xb0, 0x9, 0xff, 0xff, 0xff, 0x40,
    0x0, 0x2f, 0xd0, 0x9, 0xf7, 0x77, 0x77, 0x10,
    0x0, 0x7f, 0xf8, 0x9, 0xe0, 0x0, 0x0, 0x0,
    0x1, 0xfa, 0x6f, 0xbb, 0xe0, 0x0, 0x0, 0x0,
    0xc, 0xf2, 0x6, 0xff, 0xf9, 0x87, 0x77, 0x73,
    0x2d, 0x40, 0x0, 0x17, 0xbe, 0xff, 0xff, 0xf2,
    0x0, 0x0, 0x0, 0x0, 0x0, 0x0, 0x0, 0x0,

    /* U+8F7D "载" */
    0x0, 0x0, 0x0, 0x0, 0x0, 0x0, 0x0, 0x0,
    0x0, 0x0, 0x7f, 0x0, 0x6, 0xf2, 0x51, 0x0,
    0x1, 0x33, 0x9f, 0x33, 0x25, 0xf2, 0xdc, 0x0,
    0x5, 0xff, 0xff, 0xff, 0xa5, 0xf2, 0x2f, 0x80,
    0x0, 0x0, 0x7f, 0x0, 0x4, 0xf2, 0x5, 0x20,
    0x3f, 0xff, 0xff, 0xff, 0xff, 0xff, 0xff, 0xf3,
    0x3, 0x38, 0xd5, 0x33, 0x36, 0xf6, 0x33, 0x30,
    0x3, 0x3b, 0xf4, 0x33, 0x32, 0xf4, 0xb, 0x50,
    0xe, 0xff, 0xff, 0xff, 0xf4, 0xf6, 0x3f, 0x40,
    0x0, 0x9d, 0xd, 0x80, 0x0, 0xf8, 0x9e, 0x0,
    0x4, 0xf9, 0x4e, 0xb4, 0x40, 0xcb, 0xf8, 0x0,
    0x6, 0xff, 0xff, 0xff, 0xe0, 0x9f, 0xe1, 0x0,
    0x0, 0x0, 0xd, 0x80, 0x10, 0x6f, 0x70, 0x40,
    0xa, 0xbc, 0xdf, 0xff, 0xf5, 0xdf, 0x80, 0xc6,
    0x8, 0x76, 0x4e, 0x90, 0x3d, 0xc8, 0xf9, 0xf3,
    0x0, 0x0, 0xd, 0x80, 0x9b, 0x0, 0x9e, 0xa0,
    0x0, 0x0, 0x0, 0x0, 0x0, 0x0, 0x0, 0x0,

    /* U+8F83 "较" */
    0x0, 0x5, 0x30, 0x0, 0x0, 0x52, 0x0, 0x0,
    0x0, 0xf, 0x80, 0x0, 0x0, 0xeb, 0x0, 0x0,
    0x1a, 0xbf, 0xca, 0x74, 0x44, 0xad, 0x54, 0x40,
    0x1c, 0xef, 0xcc, 0x8e, 0xff, 0xff, 0xff, 0xf2,
    0x0, 0xab, 0x62, 0x1, 0x4d, 0x31, 0x67, 0x10,
    0x0, 0xf5, 0xe6, 0x0, 0xbc, 0x0, 0x6f, 0x30,
    0x6, 0xe0, 0xe6, 0x7, 0xf3, 0x0, 0xb, 0xd0,
    0xd, 0xff, 0xff, 0xbe, 0xea, 0x0, 0x98, 0xf5,
    0x5, 0x66, 0xfa, 0x43, 0x3f, 0x52, 0xf6, 0x20,
    0x0, 0x0, 0xe6, 0x0, 0xb, 0xc9, 0xf1, 0x0,
    0x1, 0x35, 0xfd, 0x90, 0x3, 0xff, 0x80, 0x0,
    0x1f, 0xff, 0xfd, 0x60, 0x1, 0xef, 0x40, 0x0,
    0x5, 0x30, 0xe6, 0x0, 0x1d, 0xed, 0xf5, 0x0,
    0x0, 0x0, 0xe6, 0x6, 0xfd, 0x20, 0xcf, 0xc2,
    0x0, 0x0, 0xe6, 0xd, 0x80, 0x0, 0x6, 0xc0,
    0x0, 0x0, 0x0, 0x0, 0x0, 0x0, 0x0, 0x0,

    /* U+8FD1 "近" */
    0x1, 0x50, 0x0, 0x0, 0x12, 0x46, 0x9c, 0x30,
    0x8, 0xf5, 0x0, 0x7f, 0xff, 0xff, 0xc8, 0x50,
    0x0, 0xbf, 0x20, 0x7f, 0x42, 0x0, 0x0, 0x0,
    0x0, 0x1e, 0x60, 0x7f, 0x10, 0x0, 0x0, 0x0,
    0x0, 0x1, 0x0, 0x7f, 0x10, 0x0, 0x0, 0x0,
    0x0, 0x0, 0x0, 0x8f, 0xee, 0xee, 0xee, 0xe4,
    0x18, 0x88, 0x20, 0x9f, 0xbb, 0xcf, 0xdb, 0xb3,
    0x3f, 0xff, 0x40, 0xae, 0x0, 0xf, 0x60, 0x0,
    0x0, 0x2f, 0x40, 0xbc, 0x0, 0xf, 0x60, 0x0,
    0x0, 0x2f, 0x40, 0xfa, 0x0, 0xf, 0x60, 0x0,
    0x0, 0x2f, 0x44, 0xf6, 0x0, 0xf, 0x60, 0x0,
    0x0, 0x3f, 0x4c, 0xf1, 0x0, 0xf, 0x60, 0x0,
    0x2, 0xcf, 0xb5, 0x60, 0x0, 0xa, 0x40, 0x0,
    0x2e, 0xe7, 0xdf, 0xc8, 0x76, 0x66, 0x78, 0x94,
    0x1e, 0x20, 0x5, 0xbe, 0xff, 0xff, 0xff, 0xe2,
    0x0, 0x0, 0x0, 0x0, 0x0, 0x0, 0x0, 0x0,

    /* U+8FD4 "返" */
    0x0, 0x0, 0x0, 0x0, 0x0, 0x0, 0x3, 0x0,
    0x8, 0x90, 0x0, 0x67, 0x89, 0xbd, 0xff, 0x80,
    0x7, 0xf8, 0x0, 0xff, 0xdc, 0xa9, 0x63, 0x0,
    0x0, 0x9f, 0x30, 0xf8, 0x0, 0x0, 0x0, 0x0,
    0x0, 0x3, 0x0, 0xfb, 0x66, 0x66, 0x66, 0x10,
    0x0, 0x0, 0x0, 0xff, 0xff, 0xff, 0xff, 0x30,
    0x27, 0x77, 0x1, 0xf6, 0x0, 0x0, 0xbd, 0x0,
    0x5f, 0xff, 0x12, 0xf6, 0xe9, 0x4, 0xf7, 0x0,
    0x0, 0x6f, 0x14, 0xf3, 0x5f, 0xcd, 0xd0, 0x0,
    0x0, 0x6f, 0x18, 0xf0, 0x4, 0xff, 0x50, 0x0,
    0x0, 0x6f, 0x1e, 0xb0, 0x2d, 0xfe, 0xe3, 0x0,
    0x0, 0x6f, 0x8f, 0x5a, 0xfe, 0x31, 0xdf, 0x40,
    0x2, 0xcf, 0x66, 0x8, 0x70, 0x0, 0x19, 0x0,
    0x4f, 0xda, 0xfe, 0x97, 0x65, 0x66, 0x78, 0x92,
    0x3e, 0x10, 0x28, 0xcf, 0xff, 0xff, 0xff, 0xe1,
    0x1, 0x0, 0x0, 0x0, 0x1, 0x0, 0x0, 0x0,

    /* U+8FD8 "还" */
    0x3, 0x90, 0x0, 0x0, 0x0, 0x0, 0x0, 0x0,
    0x6, 0xfb, 0xc, 0xff, 0xff, 0xff, 0xff, 0xe0,
    0x0, 0x8f, 0x86, 0x88, 0x8b, 0xfb, 0x88, 0x70,
    0x0, 0xa, 0x30, 0x0, 0xd, 0xf1, 0x0, 0x0,
    0x0, 0x0, 0x0, 0x0, 0x8f, 0xa0, 0x0, 0x0,
    0x1, 0x11, 0x0, 0x3, 0xff, 0x93, 0x10, 0x0,
    0x6f, 0xff, 0x10, 0x2e, 0xff, 0xae, 0xd1, 0x0,
    0x25, 0xaf, 0x12, 0xef, 0x5e, 0x92, 0xed, 0x10,
    0x0, 0x6f, 0x5f, 0xf5, 0xe, 0x90, 0x2e, 0xd1,
    0x0, 0x6f, 0x2a, 0x20, 0xe, 0x90, 0x3, 0x70,
    0x0, 0x6f, 0x10, 0x0, 0xe, 0x90, 0x0, 0x0,
    0x0, 0x8f, 0x20, 0x0, 0xe, 0x90, 0x0, 0x0,
    0x8, 0xff, 0xd4, 0x0, 0x5, 0x30, 0x0, 0x0,
    0x7f, 0xc7, 0xef, 0xd9, 0x76, 0x77, 0x88, 0x95,
    0x4e, 0x10, 0x17, 0xcf, 0xff, 0xff, 0xff, 0xf4,
    0x1, 0x0, 0x0, 0x0, 0x1, 0x10, 0x0, 0x0,

    /* U+8FD9 "这" */
    0x0, 0x0, 0x0, 0x0, 0x37, 0x0, 0x0, 0x0,
    0x7, 0x60, 0x0, 0x0, 0x7f, 0x40, 0x0, 0x0,
    0xa, 0xf6, 0x1, 0x11, 0x2f, 0xb1, 0x11, 0x10,
    0x0, 0xbf, 0x6f, 0xff, 0xff, 0xff, 0xff, 0xf2,
    0x0, 0x13, 0x14, 0x44, 0x44, 0x4b, 0xf5, 0x40,
    0x0, 0x0, 0x5, 0xc2, 0x0, 0xe, 0xa0, 0x0,
    0x17, 0x77, 0x12, 0xdf, 0x50, 0x6f, 0x40, 0x0,
    0x3f, 0xff, 0x20, 0xa, 0xf9, 0xeb, 0x0, 0x0,
    0x0, 0x4f, 0x20, 0x0, 0x6f, 0xf4, 0x0, 0x0,
    0x0, 0x4f, 0x20, 0x2, 0xdf, 0xef, 0x50, 0x0,
    0x0, 0x4f, 0x21, 0x8f, 0xe3, 0x1c, 0xf8, 0x0,
    0x0, 0x4f, 0x4f, 0xfa, 0x10, 0x0, 0xaf, 0x50,
    0x1, 0xbf, 0x97, 0x20, 0x0, 0x0, 0x5, 0x0,
    0x3e, 0xf9, 0xef, 0xc8, 0x77, 0x77, 0x89, 0xa4,
    0x1e, 0x40, 0x7, 0xcf, 0xff, 0xff, 0xff, 0xf1,
    0x1, 0x0, 0x0, 0x0, 0x1, 0x10, 0x0, 0x0,

    /* U+8FDE "连" */
    0x0, 0x30, 0x0, 0x0, 0x74, 0x0, 0x0, 0x0,
    0x7, 0xf4, 0x0, 0x1, 0xf9, 0x0, 0x0, 0x0,
    0x0, 0xbe, 0x1c, 0xff, 0xff, 0xff, 0xff, 0xd0,
    0x0, 0x1e, 0x54, 0x5f, 0xc5, 0x55, 0x55, 0x40,
    0x0, 0x0, 0x0, 0x5f, 0x41, 0xf7, 0x0, 0x0,
    0x13, 0x33, 0x0, 0xdd, 0x23, 0xf8, 0x22, 0x0,
    0x5f, 0xff, 0x14, 0xff, 0xff, 0xff, 0xff, 0x60,
    0x2, 0x7f, 0x10, 0x54, 0x34, 0xf9, 0x33, 0x10,
    0x0, 0x5f, 0x10, 0x0, 0x1, 0xf7, 0x0, 0x0,
    0x0, 0x5f, 0x1d, 0xee, 0xee, 0xff, 0xee, 0xe1,
    0x0, 0x5f, 0x17, 0x88, 0x89, 0xfc, 0x88, 0x80,
    0x0, 0x5f, 0x10, 0x0, 0x1, 0xf7, 0x0, 0x0,
    0x4, 0xef, 0xb2, 0x0, 0x1, 0xf7, 0x0, 0x0,
    0x4f, 0xc5, 0xdf, 0xc8, 0x77, 0x98, 0x89, 0xa6,
    0x2e, 0x10, 0x6, 0xcf, 0xff, 0xff, 0xff, 0xf4,
    0x1, 0x0, 0x0, 0x0, 0x1, 0x10, 0x0, 0x0,

    /* U+9000 "退" */
    0x0, 0x0, 0x0, 0x0, 0x0, 0x0, 0x0, 0x0,
    0x7, 0xb0, 0x0, 0xef, 0xff, 0xff, 0xfe, 0x0,
    0x4, 0xfa, 0x0, 0xeb, 0x33, 0x33, 0xae, 0x0,
    0x0, 0x7f, 0x50, 0xea, 0x22, 0x22, 0xae, 0x0,
    0x0, 0x7, 0x10, 0xef, 0xff, 0xff, 0xfe, 0x0,
    0x0, 0x0, 0x0, 0xea, 0x0, 0x0, 0x9e, 0x0,
    0x3f, 0xff, 0x30, 0xef, 0xff, 0xff, 0xfe, 0x0,
    0x16, 0x8f, 0x30, 0xea, 0x26, 0x42, 0x2b, 0xa0,
    0x0, 0x3f, 0x30, 0xe9, 0xb, 0xf7, 0xde, 0x50,
    0x0, 0x3f, 0x30, 0xe9, 0x0, 0x7f, 0xf1, 0x0,
    0x0, 0x3f, 0x31, 0xfc, 0x9d, 0x34, 0xfc, 0x0,
    0x0, 0x3f, 0x36, 0xff, 0xb7, 0x10, 0x3e, 0x90,
    0x1, 0xbf, 0xc3, 0x50, 0x0, 0x0, 0x2, 0x0,
    0x1d, 0xe4, 0x9f, 0xc7, 0x65, 0x55, 0x68, 0xa6,
    0x2e, 0x20, 0x3, 0x9d, 0xff, 0xff, 0xff, 0xe4,
    0x0, 0x0, 0x0, 0x0, 0x0, 0x0, 0x0, 0x0,

    /* U+9001 "送" */
    0x0, 0x0, 0x0, 0x1, 0x0, 0x0, 0x20, 0x0,
    0x7, 0xd1, 0x0, 0x4f, 0x40, 0x0, 0xeb, 0x0,
    0x2, 0xec, 0x0, 0xc, 0xd0, 0x7, 0xf3, 0x0,
    0x0, 0x5f, 0x62, 0x6a, 0xd7, 0x6e, 0xd6, 0x40,
    0x0, 0x5, 0x5, 0xff, 0xff, 0xff, 0xff, 0x90,
    0x0, 0x0, 0x0, 0x0, 0xc, 0xb0, 0x0, 0x0,
    0x4f, 0xff, 0x12, 0x22, 0x2d, 0xc2, 0x22, 0x20,
    0x14, 0x8f, 0x1e, 0xff, 0xff, 0xff, 0xff, 0xf2,
    0x0, 0x5f, 0x13, 0x33, 0x5f, 0xf6, 0x33, 0x30,
    0x0, 0x5f, 0x10, 0x0, 0xaf, 0xce, 0x30, 0x0,
    0x0, 0x5f, 0x10, 0x8, 0xf8, 0xb, 0xf4, 0x0,
    0x0, 0x5f, 0x14, 0xcf, 0x90, 0x0, 0xbf, 0x40,
    0x4, 0xdf, 0x86, 0xd4, 0x0, 0x0, 0x9, 0x10,
    0x5f, 0xc7, 0xff, 0xb8, 0x76, 0x67, 0x78, 0x95,
    0x4d, 0x0, 0x17, 0xcf, 0xff, 0xff, 0xff, 0xe3,
    0x1, 0x0, 0x0, 0x0, 0x1, 0x10, 0x0, 0x0,

    /* U+9002 "适" */
    0x0, 0x0, 0x0, 0x0, 0x0, 0x0, 0x22, 0x0,
    0x9, 0x70, 0x1, 0x57, 0x8a, 0xcf, 0xfd, 0x0,
    0x7, 0xf7, 0x3, 0xec, 0xbd, 0xf6, 0x20, 0x0,
    0x0, 0x7f, 0x20, 0x0, 0x8, 0xf0, 0x0, 0x0,
    0x0, 0x1, 0x1e, 0xee, 0xef, 0xfe, 0xee, 0xe2,
    0x0, 0x0, 0x6, 0x66, 0x6b, 0xf6, 0x66, 0x60,
    0x6d, 0xdd, 0x10, 0x0, 0x8, 0xf0, 0x0, 0x0,
    0x5d, 0xef, 0x10, 0x45, 0x5b, 0xf5, 0x55, 0x0,
    0x0, 0x5f, 0x10, 0xef, 0xee, 0xee, 0xff, 0x10,
    0x0, 0x5f, 0x10, 0xe8, 0x0, 0x0, 0x6f, 0x10,
    0x0, 0x5f, 0x10, 0xe8, 0x0, 0x0, 0x6f, 0x10,
    0x0, 0x5f, 0x10, 0xef, 0xff, 0xff, 0xff, 0x10,
    0x1, 0xaf, 0x91, 0x33, 0x33, 0x33, 0x33, 0x0,
    0x1d, 0xe6, 0xcf, 0xa6, 0x54, 0x55, 0x68, 0x92,
    0x2e, 0x20, 0x5, 0xae, 0xff, 0xff, 0xff, 0xd0,
    0x0, 0x0, 0x0, 0x0, 0x0, 0x0, 0x0, 0x0,

    /* U+9009 "选" */
    0x1, 0x10, 0x0, 0x3, 0x6, 0xf1, 0x0, 0x0,
    0xd, 0xc1, 0x0, 0x5f, 0x36, 0xf1, 0x0, 0x0,
    0x4, 0xfb, 0x0, 0xbf, 0x59, 0xf6, 0x55, 0x30,
    0x0, 0x6f, 0x43, 0xff, 0xff, 0xff, 0xff, 0x90,
    0x0, 0x4, 0xb, 0xe1, 0x6, 0xf1, 0x0, 0x0,
    0x0, 0x0, 0x1, 0x30, 0x6, 0xf1, 0x0, 0x0,
    0x15, 0x55, 0xd, 0xee, 0xef, 0xff, 0xee, 0xe3,
    0x2f, 0xff, 0x25, 0x58, 0xf9, 0x8f, 0x85, 0x51,
    0x0, 0x5f, 0x20, 0x6, 0xf2, 0x3f, 0x40, 0x0,
    0x0, 0x4f, 0x20, 0xd, 0xd0, 0x3f, 0x40, 0x71,
    0x0, 0x4f, 0x21, 0xbf, 0x50, 0x3f, 0x40, 0xf5,
    0x0, 0x4f, 0x3e, 0xf7, 0x0, 0x1f, 0xff, 0xf2,
    0x0, 0x7f, 0xb8, 0x20, 0x0, 0x4, 0x77, 0x40,
    0xa, 0xfb, 0xcf, 0xc7, 0x65, 0x56, 0x67, 0x83,
    0x1e, 0x70, 0x5, 0xae, 0xff, 0xff, 0xff, 0xf3,
    0x1, 0x0, 0x0, 0x0, 0x0, 0x10, 0x0, 0x0,

    /* U+901A "通" */
    0x0, 0x0, 0x0, 0x0, 0x0, 0x0, 0x0, 0x0,
    0x8, 0x70, 0x2, 0xff, 0xff, 0xff, 0xff, 0x80,
    0x8, 0xf9, 0x0, 0x24, 0x93, 0x28, 0xfc, 0x10,
    0x0, 0x7f, 0x70, 0x5, 0xdf, 0xcf, 0x60, 0x0,
    0x0, 0x6, 0x11, 0x88, 0x8d, 0xff, 0xa8, 0x70,
    0x0, 0x0, 0x3, 0xfb, 0x9c, 0xf9, 0x9d, 0xe0,
    0x27, 0x77, 0x13, 0xf5, 0x28, 0xe2, 0x29, 0xe0,
    0x5f, 0xff, 0x33, 0xfe, 0xef, 0xfe, 0xef, 0xe0,
    0x0, 0x3f, 0x33, 0xf3, 0x6, 0xe0, 0x8, 0xe0,
    0x0, 0x3f, 0x33, 0xff, 0xff, 0xff, 0xff, 0xe0,
    0x0, 0x3f, 0x33, 0xf5, 0x28, 0xe2, 0x29, 0xe0,
    0x0, 0x3f, 0x33, 0xf3, 0x6, 0xe1, 0x3a, 0xe0,
    0x0, 0x8f, 0x83, 0xf3, 0x6, 0xd1, 0xfe, 0x80,
    0x1c, 0xd5, 0xcd, 0x85, 0x43, 0x34, 0x46, 0x75,
    0x2e, 0x20, 0x5, 0xbe, 0xff, 0xff, 0xff, 0xf6,
    0x1, 0x0, 0x0, 0x0, 0x1, 0x10, 0x0, 0x0,

    /* U+9053 "道" */
    0x0, 0x0, 0x0, 0x4, 0x0, 0x0, 0x20, 0x0,
    0x5, 0x40, 0x0, 0x4f, 0x60, 0x7, 0xf2, 0x0,
    0xa, 0xf4, 0x4, 0x4d, 0xb4, 0x4f, 0xb4, 0x40,
    0x0, 0xbe, 0x2f, 0xff, 0xff, 0xff, 0xff, 0xf3,
    0x0, 0x16, 0x0, 0x0, 0x2f, 0x60, 0x0, 0x0,
    0x0, 0x0, 0x0, 0xef, 0xee, 0xee, 0xfe, 0x0,
    0x3f, 0xff, 0x40, 0xe8, 0x0, 0x0, 0x8e, 0x0,
    0x17, 0x8f, 0x40, 0xef, 0xff, 0xff, 0xfe, 0x0,
    0x0, 0x2f, 0x40, 0xe7, 0x0, 0x0, 0x8e, 0x0,
    0x0, 0x2f, 0x40, 0xef, 0xee, 0xee, 0xfe, 0x0,
    0x0, 0x2f, 0x40, 0xe8, 0x11, 0x11, 0x9e, 0x0,
    0x0, 0x2f, 0x40, 0xea, 0x44, 0x44, 0xbe, 0x0,
    0x0, 0x5f, 0x70, 0xbc, 0xcc, 0xcc, 0xcb, 0x0,
    0x1b, 0xe5, 0xad, 0x96, 0x54, 0x45, 0x67, 0xa4,
    0x2e, 0x20, 0x3, 0x9d, 0xff, 0xff, 0xff, 0xe2,
    0x0, 0x0, 0x0, 0x0, 0x0, 0x0, 0x0, 0x0,

    /* U+90AE "邮" */
    0x0, 0xf, 0x70, 0x0, 0x0, 0x0, 0x0, 0x0,
    0x0, 0xf7, 0x0, 0x4, 0xff, 0xff, 0xc0, 0x0,
    0x1f, 0x70, 0x0, 0x4f, 0x76, 0xec, 0xe, 0xff,
    0xff, 0xff, 0x64, 0xf0, 0x1f, 0x60, 0xe8, 0x3f,
    0x83, 0xf6, 0x4f, 0x7, 0xf0, 0xe, 0x60, 0xe5,
    0xf, 0x64, 0xf0, 0xd9, 0x0, 0xe6, 0xe, 0x50,
    0xf6, 0x4f, 0x3f, 0x50, 0xe, 0xfe, 0xff, 0xef,
    0x64, 0xf0, 0x9e, 0x0, 0xea, 0x6f, 0x96, 0xf6,
    0x4f, 0x0, 0xe7, 0xe, 0x60, 0xe5, 0xf, 0x64,
    0xf0, 0xa, 0xb0, 0xe6, 0xe, 0x50, 0xf6, 0x4f,
    0x0, 0x8e, 0xe, 0x60, 0xf6, 0xf, 0x64, 0xf4,
    0x4d, 0xc0, 0xef, 0xff, 0xff, 0xf6, 0x4f, 0x8f,
    0xe4, 0xe, 0x83, 0x33, 0x3f, 0x64, 0xf1, 0x10,
    0x0, 0x52, 0x0, 0x0, 0x10, 0x4f, 0x0, 0x0,
    0x0,

    /* U+914D "配" */
    0x1, 0x11, 0x11, 0x11, 0x0, 0x0, 0x0, 0x0,
    0x2f, 0xff, 0xff, 0xff, 0x4f, 0xff, 0xff, 0xe0,
    0x3, 0x3f, 0x6f, 0x33, 0x27, 0x77, 0x7c, 0xe0,
    0x0, 0xf, 0x2f, 0x0, 0x0, 0x0, 0x8, 0xe0,
    0xc, 0xff, 0xff, 0xfa, 0x0, 0x0, 0x8, 0xe0,
    0xd, 0x8d, 0x8b, 0xab, 0x0, 0x0, 0x8, 0xe0,
    0xd, 0x5b, 0x48, 0x8b, 0x2d, 0xdd, 0xdf, 0xe0,
    0xd, 0x5c, 0x38, 0x8b, 0x3f, 0x97, 0x7c, 0xe0,
    0xd, 0xb9, 0x1e, 0xeb, 0x3f, 0x40, 0x3, 0x60,
    0xd, 0x81, 0x0, 0x8b, 0x3f, 0x40, 0x0, 0x0,
    0xd, 0x84, 0x44, 0xab, 0x3f, 0x40, 0x0, 0x0,
    0xd, 0xdc, 0xcc, 0xeb, 0x3f, 0x40, 0x0, 0x61,
    0xd, 0x50, 0x0, 0x8b, 0x3f, 0x40, 0x0, 0xf7,
    0xd, 0xff, 0xff, 0xfb, 0x2f, 0xb6, 0x68, 0xf4,
    0xd, 0x73, 0x33, 0x8a, 0xa, 0xff, 0xff, 0xb0,
    0x1, 0x0, 0x0, 0x0, 0x0, 0x0, 0x0, 0x0,

    /* U+91CD "重" */
    0x0, 0x0, 0x0, 0x1, 0x23, 0x57, 0x91, 0x0,
    0x0, 0xbe, 0xff, 0xff, 0xff, 0xec, 0xa4, 0x0,
    0x0, 0x35, 0x43, 0x3d, 0xb0, 0x0, 0x0, 0x0,
    0x1e, 0xee, 0xee, 0xef, 0xfe, 0xee, 0xee, 0xe2,
    0x5, 0x55, 0x55, 0x5e, 0xc5, 0x55, 0x55, 0x50,
    0x0, 0x6d, 0xdd, 0xdf, 0xfd, 0xdd, 0xd8, 0x0,
    0x0, 0x7f, 0x22, 0x2d, 0xb2, 0x22, 0xe9, 0x0,
    0x0, 0x7f, 0xdd, 0xdf, 0xfd, 0xdd, 0xf9, 0x0,
    0x0, 0x7f, 0x11, 0x1d, 0xb1, 0x11, 0xe9, 0x0,
    0x0, 0x7f, 0xdd, 0xdf, 0xfd, 0xdd, 0xf9, 0x0,
    0x0, 0x12, 0x22, 0x2d, 0xb2, 0x22, 0x21, 0x0,
    0x0, 0xee, 0xee, 0xef, 0xfe, 0xee, 0xee, 0x20,
    0x0, 0x44, 0x44, 0x4e, 0xc4, 0x44, 0x44, 0x0,
    0x4, 0x44, 0x44, 0x4d, 0xc4, 0x44, 0x44, 0x41,
    0x3f, 0xff, 0xff, 0xff, 0xff, 0xff, 0xff, 0xf3,

    /* U+91CF "量" */
    0x0, 0x3f, 0xed, 0xdd, 0xdd, 0xde, 0xf2, 0x0,
    0x0, 0x3f, 0xba, 0xaa, 0xaa, 0xac, 0xf2, 0x0,
    0x0, 0x3f, 0x51, 0x11, 0x11, 0x16, 0xf2, 0x0,
    0x0, 0x3f, 0xff, 0xff, 0xff, 0xff, 0xf2, 0x0,
    0x4, 0x44, 0x44, 0x44, 0x44, 0x44, 0x44, 0x41,
    0x2d, 0xdd, 0xdd, 0xdd, 0xdd, 0xdd, 0xdd, 0xd3,
    0x0, 0x48, 0x88, 0x88, 0x88, 0x88, 0x85, 0x0,
    0x0, 0x7f, 0x44, 0x4d, 0xc4, 0x44, 0xe9, 0x0,
    0x0, 0x7f, 0xdd, 0xdf, 0xfd, 0xdd, 0xf9, 0x0,
    0x0, 0x7f, 0x77, 0x7d, 0xd7, 0x77, 0xf9, 0x0,
    0x0, 0x25, 0x55, 0x5d, 0xd5, 0x55, 0x53, 0x0,
    0x0, 0xdf, 0xff, 0xff, 0xff, 0xff, 0xfe, 0x0,
    0x1, 0x22, 0x22, 0x2c, 0xc2, 0x22, 0x22, 0x10,
    0x4f, 0xff, 0xff, 0xff, 0xff, 0xff, 0xff, 0xf4,

    /* U+949F "钟" */
    0x0, 0x5b, 0x0, 0x0, 0x0, 0x9e, 0x0, 0x0,
    0x0, 0xdc, 0x0, 0x0, 0x0, 0x9e, 0x0, 0x0,
    0x4, 0xff, 0xff, 0xa0, 0x0, 0x9e, 0x0, 0x0,
    0x1e, 0xd6, 0x66, 0x45, 0x55, 0xbf, 0x55, 0x50,
    0x5f, 0x20, 0x0, 0xd, 0xff, 0xff, 0xff, 0xf1,
    0x7, 0xff, 0xff, 0x5d, 0x92, 0xae, 0x27, 0xf1,
    0x1, 0x6e, 0xc6, 0x2d, 0x80, 0x9e, 0x5, 0xf1,
    0x0, 0xd, 0x90, 0xd, 0x80, 0x9e, 0x5, 0xf1,
    0x9, 0x9f, 0xd9, 0x6d, 0xa4, 0xbf, 0x48, 0xf1,
    0xb, 0xbf, 0xeb, 0x8d, 0xff, 0xff, 0xff, 0xf1,
    0x0, 0xd, 0x90, 0xd, 0x92, 0xae, 0x27, 0xf1,
    0x0, 0xd, 0x90, 0x12, 0x10, 0x9e, 0x0, 0x0,
    0x0, 0xe, 0xcb, 0xc0, 0x0, 0x9e, 0x0, 0x0,
    0x0, 0x5f, 0xf9, 0x20, 0x0, 0x9e, 0x0, 0x0,
    0x0, 0x49, 0x10, 0x0, 0x0, 0x9e, 0x0, 0x0,

    /* U+94A5 "钥" */
    0x0, 0x38, 0x10, 0x0, 0x0, 0x0, 0x0, 0x0,
    0xa, 0xe0, 0x0, 0xd, 0xff, 0xff, 0xf9, 0x3,
    0xff, 0xff, 0xf1, 0xdc, 0x55, 0x5f, 0x91, 0xed,
    0x66, 0x66, 0xd, 0x90, 0x0, 0xe9, 0x6f, 0x30,
    0x0, 0x0, 0xd9, 0x0, 0xe, 0x90, 0x9e, 0xee,
    0xeb, 0xd, 0xff, 0xff, 0xf9, 0x1, 0x7f, 0xc7,
    0x60, 0xdc, 0x55, 0x5f, 0x90, 0x0, 0xe8, 0x0,
    0xe, 0x90, 0x0, 0xe9, 0xa, 0xaf, 0xda, 0xa0,
    0xeb, 0x33, 0x3f, 0x91, 0xbb, 0xfd, 0xbb, 0xf,
    0xff, 0xff, 0xf9, 0x0, 0xe, 0x80, 0x1, 0xf8,
    0x22, 0x2e, 0x90, 0x0, 0xe8, 0x1, 0x3f, 0x40,
    0x0, 0xe9, 0x0, 0xf, 0xcc, 0xb8, 0xf1, 0x0,
    0xe, 0x90, 0x7, 0xff, 0x94, 0xfb, 0x0, 0x67,
    0xf8, 0x0, 0x5a, 0x20, 0x6f, 0x20, 0xa, 0xfd,
    0x20, 0x0, 0x0, 0x0, 0x10, 0x0, 0x0, 0x0,

    /* U+9519 "错" */
    0x0, 0x6a, 0x0, 0x0, 0x6e, 0x2, 0xf3, 0x0,
    0x0, 0xdc, 0x0, 0x0, 0x6e, 0x2, 0xf3, 0x0,
    0x4, 0xfc, 0x77, 0x34, 0x9f, 0x46, 0xf7, 0x40,
    0xd, 0xff, 0xff, 0x6f, 0xff, 0xff, 0xff, 0xf0,
    0x5f, 0x40, 0x0, 0x0, 0x6e, 0x2, 0xf3, 0x0,
    0x9, 0xcc, 0xcc, 0x44, 0x9f, 0x46, 0xf7, 0x41,
    0x2, 0x7f, 0xb7, 0x6f, 0xff, 0xff, 0xff, 0xf6,
    0x0, 0xf, 0x70, 0x0, 0x0, 0x0, 0x0, 0x0,
    0x6, 0x6f, 0xa6, 0x34, 0xaa, 0xaa, 0xaa, 0x40,
    0xf, 0xff, 0xff, 0x85, 0xfa, 0x99, 0xaf, 0x60,
    0x0, 0xf, 0x70, 0x5, 0xf3, 0x22, 0x3f, 0x60,
    0x0, 0xf, 0x70, 0x5, 0xff, 0xff, 0xff, 0x60,
    0x0, 0xf, 0xac, 0x55, 0xf0, 0x0, 0xf, 0x60,
    0x0, 0x3f, 0xfb, 0x25, 0xf5, 0x55, 0x5f, 0x60,
    0x0, 0x6a, 0x30, 0x5, 0xfe, 0xee, 0xee, 0x50,

    /* U+957F "长" */
    0x0, 0x3, 0xf5, 0x0, 0x0, 0x1, 0x81, 0x0,
    0x0, 0x3, 0xf5, 0x0, 0x0, 0x2d, 0xf3, 0x0,
    0x0, 0x3, 0xf5, 0x0, 0x5, 0xee, 0x30, 0x0,
    0x0, 0x3, 0xf5, 0x3, 0xcf, 0xd2, 0x0, 0x0,
    0x0, 0x3, 0xf5, 0x5f, 0xf8, 0x0, 0x0, 0x0,
    0x0, 0x3, 0xf5, 0x8, 0x20, 0x0, 0x0, 0x0,
    0x17, 0x79, 0xfa, 0x77, 0x77, 0x77, 0x77, 0x71,
    0x2f, 0xff, 0xff, 0xff, 0xff, 0xff, 0xff, 0xf2,
    0x0, 0x3, 0xf6, 0x2, 0xf8, 0x0, 0x0, 0x0,
    0x0, 0x3, 0xf5, 0x0, 0x9f, 0x10, 0x0, 0x0,
    0x0, 0x3, 0xf5, 0x0, 0x1e, 0xd1, 0x0, 0x0,
    0x0, 0x3, 0xf5, 0x0, 0x4, 0xfc, 0x20, 0x0,
    0x0, 0x3, 0xf7, 0x59, 0xd1, 0x5f, 0xf7, 0x10,
    0x0, 0x9, 0xff, 0xfe, 0xa1, 0x3, 0xdf, 0xf3,
    0x0, 0x9, 0xc7, 0x30, 0x0, 0x0, 0x4, 0x80,
    0x0, 0x0, 0x0, 0x0, 0x0, 0x0, 0x0, 0x0,

    /* U+95F4 "间" */
    0x7, 0x10, 0x0, 0x0, 0x0, 0x0, 0x0, 0x1e,
    0xd0, 0x5f, 0xff, 0xff, 0xff, 0xfe, 0x2, 0xf8,
    0x26, 0x66, 0x66, 0x66, 0xce, 0x12, 0x30, 0x0,
    0x0, 0x0, 0x0, 0xae, 0xae, 0x0, 0x0, 0x0,
    0x0, 0x0, 0xae, 0xae, 0x1, 0xff, 0xff, 0xff,
    0x30, 0xae, 0xae, 0x1, 0xf7, 0x44, 0x6f, 0x30,
    0xae, 0xae, 0x1, 0xf4, 0x0, 0x2f, 0x30, 0xae,
    0xae, 0x1, 0xff, 0xff, 0xff, 0x30, 0xae, 0xae,
    0x1, 0xf7, 0x44, 0x6f, 0x30, 0xae, 0xae, 0x1,
    0xf4, 0x0, 0x2f, 0x30, 0xae, 0xae, 0x1, 0xff,
    0xff, 0xff, 0x30, 0xae, 0xae, 0x0, 0x44, 0x44,
    0x44, 0x0, 0xae, 0xae, 0x0, 0x0, 0x0, 0x0,
    0x25, 0xce, 0xae, 0x0, 0x0, 0x0, 0x0, 0x1f,
    0xe7,

    /* U+9664 "除" */
    0x0, 0x0, 0x0, 0x0, 0x19, 0x20, 0x0, 0xe,
    0xff, 0xf7, 0x0, 0x9, 0xf5, 0x0, 0x0, 0xea,
    0x6f, 0x60, 0x6, 0xfb, 0xf4, 0x0, 0xe, 0x63,
    0xf1, 0x6, 0xf6, 0xb, 0xf4, 0x0, 0xe6, 0x7b,
    0x8, 0xf8, 0x0, 0xc, 0xf9, 0xe, 0x6b, 0x66,
    0xfc, 0x66, 0x66, 0x7d, 0xe1, 0xe6, 0xb8, 0x2,
    0xde, 0xff, 0xee, 0x61, 0xe, 0x62, 0xf2, 0x0,
    0x4, 0xf2, 0x0, 0x0, 0xe6, 0xd, 0x89, 0x99,
    0xbf, 0xa9, 0x99, 0xe, 0x60, 0xea, 0xaa, 0xac,
    0xfb, 0xaa, 0xa0, 0xe9, 0xef, 0x40, 0x82, 0x4f,
    0x38, 0x40, 0xe, 0x66, 0x30, 0x7e, 0x14, 0xf2,
    0x8e, 0x20, 0xe6, 0x0, 0x3f, 0x60, 0x4f, 0x20,
    0xcc, 0xe, 0x60, 0x7, 0xa1, 0x58, 0xf2, 0x3,
    0xb1, 0xe6, 0x0, 0x0, 0x1f, 0xfb, 0x0, 0x0,
    0x0, 0x0, 0x0, 0x0, 0x0, 0x0, 0x0, 0x0,

    /* U+9700 "需" */
    0x0, 0xef, 0xff, 0xff, 0xff, 0xff, 0xfd, 0x0,
    0x0, 0x22, 0x22, 0x2c, 0xb2, 0x22, 0x22, 0x0,
    0xe, 0xff, 0xff, 0xff, 0xff, 0xff, 0xff, 0xe0,
    0xe, 0x82, 0x22, 0x2c, 0xb2, 0x22, 0x29, 0xe0,
    0xe, 0x7d, 0xff, 0x7c, 0xa9, 0xff, 0xc7, 0xe0,
    0x2, 0x28, 0x88, 0x4c, 0xa5, 0x88, 0x83, 0x20,
    0x0, 0x15, 0x55, 0x38, 0x73, 0x66, 0x61, 0x0,
    0xf, 0xff, 0xff, 0xff, 0xff, 0xff, 0xff, 0xf1,
    0x3, 0x33, 0x33, 0x4f, 0xa3, 0x33, 0x33, 0x30,
    0x0, 0x45, 0x55, 0x6f, 0x95, 0x55, 0x55, 0x10,
    0x0, 0xcf, 0xde, 0xfd, 0xdf, 0xed, 0xef, 0x30,
    0x0, 0xc9, 0x5, 0xf0, 0xd, 0x80, 0x4f, 0x30,
    0x0, 0xc9, 0x5, 0xf0, 0xd, 0x82, 0x7f, 0x30,
    0x0, 0xc9, 0x4, 0xe0, 0xc, 0x77, 0xfd, 0x0,
    0x0, 0x0, 0x0, 0x0, 0x0, 0x0, 0x0, 0x0,

    /* U+9760 "靠" */
    0x0, 0xa, 0x90, 0xb, 0xc0, 0x0, 0x0, 0x0,
    0x0, 0x5f, 0xff, 0xff, 0xff, 0xff, 0xfd, 0x0,
    0x0, 0xea, 0x0, 0xb, 0xc0, 0x0, 0x0, 0x0,
    0xf, 0xff, 0xff, 0xff, 0xff, 0xff, 0xff, 0xf0,
    0x3, 0x33, 0x33, 0x33, 0x33, 0x33, 0x33, 0x30,
    0x0, 0x5f, 0xff, 0xff, 0xff, 0xff, 0xfa, 0x0,
    0x0, 0x5f, 0x10, 0x0, 0x0, 0x0, 0xea, 0x0,
    0x0, 0x5f, 0xff, 0xff, 0xff, 0xff, 0xfa, 0x0,
    0x0, 0x0, 0x7, 0xf0, 0xf, 0x80, 0x0, 0x0,
    0xd, 0xff, 0xff, 0xf0, 0xf, 0xff, 0xff, 0xd0,
    0x1, 0x11, 0x18, 0xf0, 0xf, 0x81, 0x11, 0x10,
    0x8, 0xff, 0xff, 0xf0, 0xf, 0xff, 0xff, 0x80,
    0x1, 0x11, 0x18, 0xf0, 0xf, 0x81, 0x11, 0x10,
    0x3e, 0xee, 0xef, 0xf0, 0xf, 0xff, 0xff, 0xf5,
    0x0, 0x0, 0x7, 0xf0, 0xf, 0x70, 0x0, 0x0,

    /* U+989C "颜" */
    0x0, 0x0, 0x0, 0x0, 0x0, 0x0, 0x0, 0x0,
    0x0, 0x3, 0xd0, 0x0, 0x0, 0x0, 0x0, 0x0,
    0x0, 0x1, 0xf4, 0x0, 0xcf, 0xff, 0xff, 0xf6,
    0xe, 0xff, 0xff, 0xfe, 0x22, 0x2f, 0x62, 0x21,
    0x4, 0xa9, 0x45, 0xc6, 0x0, 0x3f, 0x0, 0x0,
    0x0, 0x9c, 0x5, 0xe0, 0x49, 0xce, 0x99, 0x90,
    0x3, 0x8e, 0x5c, 0xb5, 0x7e, 0x99, 0x9b, 0xe0,
    0xa, 0xfe, 0xee, 0xed, 0x7b, 0xb, 0x24, 0xe0,
    0xa, 0xa0, 0x8, 0xd2, 0x7b, 0xf, 0x24, 0xe0,
    0xa, 0xc9, 0xec, 0x30, 0x7b, 0xf, 0x24, 0xe0,
    0xa, 0xa7, 0x33, 0xd5, 0x7b, 0xf, 0x14, 0xe0,
    0xb, 0x93, 0xaf, 0x80, 0x7b, 0x2f, 0x4, 0xe0,
    0xc, 0xcf, 0xa3, 0x87, 0x69, 0x6d, 0x3, 0xb0,
    0xf, 0x61, 0x1b, 0xf4, 0x1, 0xd8, 0x95, 0x0,
    0x3f, 0x7b, 0xfc, 0x20, 0x3c, 0xd0, 0x5f, 0x90,
    0x6e, 0x4b, 0x40, 0xc, 0xfa, 0x10, 0x3, 0xe6,
    0x1, 0x0, 0x0, 0x3, 0x10, 0x0, 0x0, 0x20,

    /* U+FF0C "，" */
    0x9, 0xc2, 0x1f, 0xf8, 0x6, 0xea, 0x0, 0xf6,
    0x3d, 0xc0, 0x58, 0x0,

    /* U+FF1F "？" */
    0x0, 0x0, 0x10, 0x0, 0x3, 0xcf, 0xfd, 0x40,
    0x3f, 0xd7, 0x9f, 0xf1, 0x5, 0x0, 0x8, 0xf5,
    0x0, 0x0, 0x8, 0xf3, 0x0, 0x0, 0x3f, 0xc0,
    0x0, 0x2, 0xed, 0x10, 0x0, 0xc, 0xe1, 0x0,
    0x0, 0xf, 0xa0, 0x0, 0x0, 0x0, 0x0, 0x0,
    0x0, 0x2, 0x10, 0x0, 0x0, 0x3f, 0xd0, 0x0,
    0x0, 0x2f, 0xb0, 0x0, 0x0, 0x0, 0x0, 0x0
};


/*---------------------
 *  GLYPH DESCRIPTION
 *--------------------*/

static const lv_font_fmt_txt_glyph_dsc_t glyph_dsc[] = {
    {.bitmap_index = 0, .adv_w = 0, .box_w = 0, .box_h = 0, .ofs_x = 0, .ofs_y = 0} /* id = 0 reserved */,
    {.bitmap_index = 0, .adv_w = 71, .box_w = 0, .box_h = 0, .ofs_x = 0, .ofs_y = 0},
    {.bitmap_index = 0, .adv_w = 71, .box_w = 4, .box_h = 12, .ofs_x = 0, .ofs_y = 0},
    {.bitmap_index = 24, .adv_w = 106, .box_w = 6, .box_h = 5, .ofs_x = 0, .ofs_y = 7},
    {.bitmap_index = 39, .adv_w = 182, .box_w = 12, .box_h = 12, .ofs_x = 0, .ofs_y = 0},
    {.bitmap_index = 111, .adv_w = 161, .box_w = 10, .box_h = 16, .ofs_x = 0, .ofs_y = -2},
    {.bitmap_index = 191, .adv_w = 220, .box_w = 14, .box_h = 12, .ofs_x = 0, .ofs_y = 0},
    {.bitmap_index = 275, .adv_w = 181, .box_w = 12, .box_h = 13, .ofs_x = 0, .ofs_y = -1},
    {.bitmap_index = 353, .adv_w = 56, .box_w = 3, .box_h = 5, .ofs_x = 0, .ofs_y = 7},
    {.bitmap_index = 361, .adv_w = 89, .box_w = 5, .box_h = 15, .ofs_x = 1, .ofs_y = -3},
    {.bitmap_index = 399, .adv_w = 89, .box_w = 5, .box_h = 15, .ofs_x = 0, .ofs_y = -3},
    {.bitmap_index = 437, .adv_w = 106, .box_w = 7, .box_h = 7, .ofs_x = 0, .ofs_y = 5},
    {.bitmap_index = 462, .adv_w = 151, .box_w = 8, .box_h = 8, .ofs_x = 1, .ofs_y = 2},
    {.bitmap_index = 494, .adv_w = 62, .box_w = 4, .box_h = 6, .ofs_x = 0, .ofs_y = -3},
    {.bitmap_index = 506, .adv_w = 99, .box_w = 6, .box_h = 2, .ofs_x = 0, .ofs_y = 4},
    {.bitmap_index = 512, .adv_w = 62, .box_w = 4, .box_h = 3, .ofs_x = 0, .ofs_y = 0},
    {.bitmap_index = 518, .adv_w = 95, .box_w = 8, .box_h = 16, .ofs_x = -1, .ofs_y = -2},
    {.bitmap_index = 582, .adv_w = 172, .box_w = 11, .box_h = 12, .ofs_x = 0, .ofs_y = 0},
    {.bitmap_index = 648, .adv_w = 98, .box_w = 5, .box_h = 12, .ofs_x = 0, .ofs_y = 0},
    {.bitmap_index = 678, .adv_w = 149, .box_w = 9, .box_h = 12, .ofs_x = 0, .ofs_y = 0},
    {.bitmap_index = 732, .adv_w = 149, .box_w = 9, .box_h = 12, .ofs_x = 0, .ofs_y = 0},
    {.bitmap_index = 786, .adv_w = 174, .box_w = 11, .box_h = 12, .ofs_x = 0, .ofs_y = 0},
    {.bitmap_index = 852, .adv_w = 150, .box_w = 9, .box_h = 12, .ofs_x = 0, .ofs_y = 0},
    {.bitmap_index = 906, .adv_w = 161, .box_w = 10, .box_h = 12, .ofs_x = 0, .ofs_y = 0},
    {.bitmap_index = 966, .adv_w = 156, .box_w = 10, .box_h = 12, .ofs_x = 0, .ofs_y = 0},
    {.bitmap_index = 1026, .adv_w = 167, .box_w = 10, .box_h = 12, .ofs_x = 0, .ofs_y = 0},
    {.bitmap_index = 1086, .adv_w = 161, .box_w = 10, .box_h = 12, .ofs_x = 0, .ofs_y = 0},
    {.bitmap_index = 1146, .adv_w = 62, .box_w = 4, .box_h = 9, .ofs_x = 0, .ofs_y = 0},
    {.bitmap_index = 1164, .adv_w = 62, .box_w = 4, .box_h = 12, .ofs_x = 0, .ofs_y = -3},
    {.bitmap_index = 1188, .adv_w = 151, .box_w = 8, .box_h = 9, .ofs_x = 1, .ofs_y = 1},
    {.bitmap_index = 1224, .adv_w = 151, .box_w = 8, .box_h = 6, .ofs_x = 1, .ofs_y = 3},
    {.bitmap_index = 1248, .adv_w = 151, .box_w = 8, .box_h = 9, .ofs_x = 1, .ofs_y = 1},
    {.bitmap_index = 1284, .adv_w = 149, .box_w = 9, .box_h = 12, .ofs_x = 0, .ofs_y = 0},
    {.bitmap_index = 1338, .adv_w = 265, .box_w = 16, .box_h = 15, .ofs_x = 0, .ofs_y = -3},
    {.bitmap_index = 1458, .adv_w = 192, .box_w = 14, .box_h = 12, .ofs_x = -1, .ofs_y = 0},
    {.bitmap_index = 1542, .adv_w = 195, .box_w = 11, .box_h = 12, .ofs_x = 1, .ofs_y = 0},
    {.bitmap_index = 1608, .adv_w = 184, .box_w = 12, .box_h = 12, .ofs_x = 0, .ofs_y = 0},
    {.bitmap_index = 1680, .adv_w = 211, .box_w = 12, .box_h = 12, .ofs_x = 1, .ofs_y = 0},
    {.bitmap_index = 1752, .adv_w = 172, .box_w = 9, .box_h = 12, .ofs_x = 1, .ofs_y = 0},
    {.bitmap_index = 1806, .adv_w = 163, .box_w = 9, .box_h = 12, .ofs_x = 1, .ofs_y = 0},
    {.bitmap_index = 1860, .adv_w = 198, .box_w = 12, .box_h = 12, .ofs_x = 0, .ofs_y = 0},
    {.bitmap_index = 1932, .adv_w = 207, .box_w = 11, .box_h = 12, .ofs_x = 1, .ofs_y = 0},
    {.bitmap_index = 1998, .adv_w = 82, .box_w = 3, .box_h = 12, .ofs_x = 1, .ofs_y = 0},
    {.bitmap_index = 2016, .adv_w = 135, .box_w = 9, .box_h = 12, .ofs_x = -1, .ofs_y = 0},
    {.bitmap_index = 2070, .adv_w = 187, .box_w = 11, .box_h = 12, .ofs_x = 1, .ofs_y = 0},
    {.bitmap_index = 2136, .adv_w = 153, .box_w = 9, .box_h = 12, .ofs_x = 1, .ofs_y = 0},
    {.bitmap_index = 2190, .adv_w = 244, .box_w = 13, .box_h = 12, .ofs_x = 1, .ofs_y = 0},
    {.bitmap_index = 2268, .adv_w = 207, .box_w = 11, .box_h = 12, .ofs_x = 1, .ofs_y = 0},
    {.bitmap_index = 2334, .adv_w = 216, .box_w = 13, .box_h = 12, .ofs_x = 0, .ofs_y = 0},
    {.bitmap_index = 2412, .adv_w = 186, .box_w = 10, .box_h = 12, .ofs_x = 1, .ofs_y = 0},
    {.bitmap_index = 2472, .adv_w = 216, .box_w = 14, .box_h = 15, .ofs_x = 0, .ofs_y = -3},
    {.bitmap_index = 2577, .adv_w = 187, .box_w = 11, .box_h = 12, .ofs_x = 1, .ofs_y = 0},
    {.bitmap_index = 2643, .adv_w = 161, .box_w = 10, .box_h = 12, .ofs_x = 0, .ofs_y = 0},
    {.bitmap_index = 2703, .adv_w = 154, .box_w = 10, .box_h = 12, .ofs_x = 0, .ofs_y = 0},
    {.bitmap_index = 2763, .adv_w = 202, .box_w = 11, .box_h = 12, .ofs_x = 1, .ofs_y = 0},
    {.bitmap_index = 2829, .adv_w = 187, .box_w = 13, .box_h = 12, .ofs_x = -1, .ofs_y = 0},
    {.bitmap_index = 2907, .adv_w = 293, .box_w = 18, .box_h = 12, .ofs_x = 0, .ofs_y = 0},
    {.bitmap_index = 3015, .adv_w = 177, .box_w = 11, .box_h = 12, .ofs_x = 0, .ofs_y = 0},
    {.bitmap_index = 3081, .adv_w = 169, .box_w = 12, .box_h = 12, .ofs_x = -1, .ofs_y = 0},
    {.bitmap_index = 3153, .adv_w = 170, .box_w = 11, .box_h = 12, .ofs_x = 0, .ofs_y = 0},
    {.bitmap_index = 3219, .adv_w = 90, .box_w = 5, .box_h = 15, .ofs_x = 1, .ofs_y = -3},
    {.bitmap_index = 3257, .adv_w = 95, .box_w = 8, .box_h = 16, .ofs_x = -1, .ofs_y = -2},
    {.bitmap_index = 3321, .adv_w = 90, .box_w = 5, .box_h = 15, .ofs_x = 0, .ofs_y = -3},
    {.bitmap_index = 3359, .adv_w = 151, .box_w = 8, .box_h = 7, .ofs_x = 1, .ofs_y = 2},
    {.bitmap_index = 3387, .adv_w = 128, .box_w = 8, .box_h = 3, .ofs_x = 0, .ofs_y = -2},
    {.bitmap_index = 3399, .adv_w = 154, .box_w = 6, .box_h = 3, .ofs_x = 1, .ofs_y = 10},
    {.bitmap_index = 3408, .adv_w = 155, .box_w = 9, .box_h = 9, .ofs_x = 0, .ofs_y = 0},
    {.bitmap_index = 3449, .adv_w = 176, .box_w = 10, .box_h = 12, .ofs_x = 1, .ofs_y = 0},
    {.bitmap_index = 3509, .adv_w = 149, .box_w = 9, .box_h = 9, .ofs_x = 0, .ofs_y = 0},
    {.bitmap_index = 3550, .adv_w = 176, .box_w = 10, .box_h = 12, .ofs_x = 0, .ofs_y = 0},
    {.bitmap_index = 3610, .adv_w = 159, .box_w = 10, .box_h = 9, .ofs_x = 0, .ofs_y = 0},
    {.bitmap_index = 3655, .adv_w = 94, .box_w = 7, .box_h = 12, .ofs_x = 0, .ofs_y = 0},
    {.bitmap_index = 3697, .adv_w = 178, .box_w = 10, .box_h = 12, .ofs_x = 0, .ofs_y = -3},
    {.bitmap_index = 3757, .adv_w = 175, .box_w = 9, .box_h = 12, .ofs_x = 1, .ofs_y = 0},
    {.bitmap_index = 3811, .adv_w = 74, .box_w = 3, .box_h = 13, .ofs_x = 1, .ofs_y = 0},
    {.bitmap_index = 3831, .adv_w = 76, .box_w = 6, .box_h = 16, .ofs_x = -2, .ofs_y = -3},
    {.bitmap_index = 3879, .adv_w = 163, .box_w = 10, .box_h = 12, .ofs_x = 1, .ofs_y = 0},
    {.bitmap_index = 3939, .adv_w = 74, .box_w = 3, .box_h = 12, .ofs_x = 1, .ofs_y = 0},
    {.bitmap_index = 3957, .adv_w = 270, .box_w = 15, .box_h = 9, .ofs_x = 1, .ofs_y = 0},
    {.bitmap_index = 4025, .adv_w = 175, .box_w = 9, .box_h = 9, .ofs_x = 1, .ofs_y = 0},
    {.bitmap_index = 4066, .adv_w = 165, .box_w = 10, .box_h = 9, .ofs_x = 0, .ofs_y = 0},
    {.bitmap_index = 4111, .adv_w = 176, .box_w = 10, .box_h = 12, .ofs_x = 1, .ofs_y = -3},
    {.bitmap_index = 4171, .adv_w = 176, .box_w = 10, .box_h = 12, .ofs_x = 0, .ofs_y = -3},
    {.bitmap_index = 4231, .adv_w = 108, .box_w = 6, .box_h = 9, .ofs_x = 1, .ofs_y = 0},
    {.bitmap_index = 4258, .adv_w = 132, .box_w = 8, .box_h = 9, .ofs_x = 0, .ofs_y = 0},
    {.bitmap_index = 4294, .adv_w = 109, .box_w = 7, .box_h = 11, .ofs_x = 0, .ofs_y = 0},
    {.bitmap_index = 4333, .adv_w = 174, .box_w = 9, .box_h = 9, .ofs_x = 1, .ofs_y = 0},
    {.bitmap_index = 4374, .adv_w = 148, .box_w = 11, .box_h = 9, .ofs_x = -1, .ofs_y = 0},
    {.bitmap_index = 4424, .adv_w = 235, .box_w = 15, .box_h = 9, .ofs_x = 0, .ofs_y = 0},
    {.bitmap_index = 4492, .adv_w = 147, .box_w = 10, .box_h = 9, .ofs_x = 0, .ofs_y = 0},
    {.bitmap_index = 4537, .adv_w = 148, .box_w = 11, .box_h = 12, .ofs_x = -1, .ofs_y = -3},
    {.bitmap_index = 4603, .adv_w = 136, .box_w = 8, .box_h = 9, .ofs_x = 0, .ofs_y = 0},
    {.bitmap_index = 4639, .adv_w = 95, .box_w = 6, .box_h = 15, .ofs_x = 0, .ofs_y = -3},
    {.bitmap_index = 4684, .adv_w = 78, .box_w = 3, .box_h = 15, .ofs_x = 1, .ofs_y = -3},
    {.bitmap_index = 4707, .adv_w = 95, .box_w = 6, .box_h = 15, .ofs_x = 0, .ofs_y = -3},
    {.bitmap_index = 4752, .adv_w = 151, .box_w = 9, .box_h = 3, .ofs_x = 0, .ofs_y = 4},
    {.bitmap_index = 4766, .adv_w = 71, .box_w = 4, .box_h = 12, .ofs_x = 0, .ofs_y = -3},
    {.bitmap_index = 4790, .adv_w = 149, .box_w = 9, .box_h = 13, .ofs_x = 0, .ofs_y = -2},
    {.bitmap_index = 4849, .adv_w = 168, .box_w = 11, .box_h = 12, .ofs_x = 0, .ofs_y = 0},
    {.bitmap_index = 4915, .adv_w = 179, .box_w = 11, .box_h = 12, .ofs_x = 0, .ofs_y = -1},
    {.bitmap_index = 4981, .adv_w = 185, .box_w = 13, .box_h = 12, .ofs_x = -1, .ofs_y = 0},
    {.bitmap_index = 5059, .adv_w = 78, .box_w = 3, .box_h = 15, .ofs_x = 1, .ofs_y = -3},
    {.bitmap_index = 5082, .adv_w = 131, .box_w = 8, .box_h = 14, .ofs_x = 0, .ofs_y = -2},
    {.bitmap_index = 5138, .adv_w = 154, .box_w = 6, .box_h = 3, .ofs_x = 2, .ofs_y = 10},
    {.bitmap_index = 5147, .adv_w = 203, .box_w = 12, .box_h = 12, .ofs_x = 0, .ofs_y = 0},
    {.bitmap_index = 5219, .adv_w = 104, .box_w = 6, .box_h = 5, .ofs_x = 0, .ofs_y = 7},
    {.bitmap_index = 5234, .adv_w = 137, .box_w = 9, .box_h = 7, .ofs_x = 0, .ofs_y = 1},
    {.bitmap_index = 5266, .adv_w = 151, .box_w = 8, .box_h = 5, .ofs_x = 1, .ofs_y = 2},
    {.bitmap_index = 5286, .adv_w = 203, .box_w = 12, .box_h = 12, .ofs_x = 0, .ofs_y = 0},
    {.bitmap_index = 5358, .adv_w = 154, .box_w = 6, .box_h = 3, .ofs_x = 2, .ofs_y = 10},
    {.bitmap_index = 5367, .adv_w = 107, .box_w = 7, .box_h = 6, .ofs_x = 0, .ofs_y = 5},
    {.bitmap_index = 5388, .adv_w = 151, .box_w = 8, .box_h = 11, .ofs_x = 1, .ofs_y = 0},
    {.bitmap_index = 5432, .adv_w = 110, .box_w = 7, .box_h = 7, .ofs_x = 0, .ofs_y = 5},
    {.bitmap_index = 5457, .adv_w = 110, .box_w = 7, .box_h = 7, .ofs_x = 0, .ofs_y = 5},
    {.bitmap_index = 5482, .adv_w = 154, .box_w = 5, .box_h = 3, .ofs_x = 3, .ofs_y = 10},
    {.bitmap_index = 5490, .adv_w = 176, .box_w = 9, .box_h = 12, .ofs_x = 1, .ofs_y = -3},
    {.bitmap_index = 5544, .adv_w = 170, .box_w = 10, .box_h = 15, .ofs_x = 0, .ofs_y = -3},
    {.bitmap_index = 5619, .adv_w = 73, .box_w = 4, .box_h = 3, .ofs_x = 0, .ofs_y = 3},
    {.bitmap_index = 5625, .adv_w = 154, .box_w = 5, .box_h = 5, .ofs_x = 2, .ofs_y = -5},
    {.bitmap_index = 5638, .adv_w = 110, .box_w = 5, .box_h = 7, .ofs_x = 1, .ofs_y = 5},
    {.bitmap_index = 5656, .adv_w = 108, .box_w = 7, .box_h = 6, .ofs_x = 0, .ofs_y = 6},
    {.bitmap_index = 5677, .adv_w = 137, .box_w = 8, .box_h = 7, .ofs_x = 0, .ofs_y = 1},
    {.bitmap_index = 5705, .adv_w = 266, .box_w = 16, .box_h = 12, .ofs_x = 1, .ofs_y = 0},
    {.bitmap_index = 5801, .adv_w = 266, .box_w = 15, .box_h = 12, .ofs_x = 1, .ofs_y = -1},
    {.bitmap_index = 5891, .adv_w = 266, .box_w = 17, .box_h = 12, .ofs_x = 0, .ofs_y = 0},
    {.bitmap_index = 5993, .adv_w = 149, .box_w = 10, .box_h = 12, .ofs_x = 0, .ofs_y = -3},
    {.bitmap_index = 6053, .adv_w = 192, .box_w = 14, .box_h = 15, .ofs_x = -1, .ofs_y = 0},
    {.bitmap_index = 6158, .adv_w = 192, .box_w = 14, .box_h = 15, .ofs_x = -1, .ofs_y = 0},
    {.bitmap_index = 6263, .adv_w = 192, .box_w = 14, .box_h = 15, .ofs_x = -1, .ofs_y = 0},
    {.bitmap_index = 6368, .adv_w = 192, .box_w = 14, .box_h = 16, .ofs_x = -1, .ofs_y = 0},
    {.bitmap_index = 6480, .adv_w = 192, .box_w = 14, .box_h = 15, .ofs_x = -1, .ofs_y = 0},
    {.bitmap_index = 6585, .adv_w = 192, .box_w = 14, .box_h = 16, .ofs_x = -1, .ofs_y = 0},
    {.bitmap_index = 6697, .adv_w = 272, .box_w = 18, .box_h = 12, .ofs_x = -1, .ofs_y = 0},
    {.bitmap_index = 6805, .adv_w = 184, .box_w = 12, .box_h = 16, .ofs_x = 0, .ofs_y = -4},
    {.bitmap_index = 6901, .adv_w = 172, .box_w = 9, .box_h = 15, .ofs_x = 1, .ofs_y = 0},
    {.bitmap_index = 6969, .adv_w = 172, .box_w = 9, .box_h = 15, .ofs_x = 1, .ofs_y = 0},
    {.bitmap_index = 7037, .adv_w = 172, .box_w = 9, .box_h = 15, .ofs_x = 1, .ofs_y = 0},
    {.bitmap_index = 7105, .adv_w = 172, .box_w = 9, .box_h = 15, .ofs_x = 1, .ofs_y = 0},
    {.bitmap_index = 7173, .adv_w = 82, .box_w = 5, .box_h = 15, .ofs_x = -1, .ofs_y = 0},
    {.bitmap_index = 7211, .adv_w = 82, .box_w = 5, .box_h = 15, .ofs_x = 1, .ofs_y = 0},
    {.bitmap_index = 7249, .adv_w = 82, .box_w = 7, .box_h = 15, .ofs_x = -1, .ofs_y = 0},
    {.bitmap_index = 7302, .adv_w = 82, .box_w = 6, .box_h = 15, .ofs_x = 0, .ofs_y = 0},
    {.bitmap_index = 7347, .adv_w = 214, .box_w = 13, .box_h = 12, .ofs_x = 0, .ofs_y = 0},
    {.bitmap_index = 7425, .adv_w = 207, .box_w = 11, .box_h = 16, .ofs_x = 1, .ofs_y = 0},
    {.bitmap_index = 7513, .adv_w = 216, .box_w = 13, .box_h = 15, .ofs_x = 0, .ofs_y = 0},
    {.bitmap_index = 7611, .adv_w = 216, .box_w = 13, .box_h = 15, .ofs_x = 0, .ofs_y = 0},
    {.bitmap_index = 7709, .adv_w = 216, .box_w = 13, .box_h = 15, .ofs_x = 0, .ofs_y = 0},
    {.bitmap_index = 7807, .adv_w = 216, .box_w = 13, .box_h = 16, .ofs_x = 0, .ofs_y = 0},
    {.bitmap_index = 7911, .adv_w = 216, .box_w = 13, .box_h = 15, .ofs_x = 0, .ofs_y = 0},
    {.bitmap_index = 8009, .adv_w = 151, .box_w = 7, .box_h = 8, .ofs_x = 1, .ofs_y = 2},
    {.bitmap_index = 8037, .adv_w = 216, .box_w = 13, .box_h = 14, .ofs_x = 0, .ofs_y = -1},
    {.bitmap_index = 8128, .adv_w = 202, .box_w = 11, .box_h = 15, .ofs_x = 1, .ofs_y = 0},
    {.bitmap_index = 8211, .adv_w = 202, .box_w = 11, .box_h = 15, .ofs_x = 1, .ofs_y = 0},
    {.bitmap_index = 8294, .adv_w = 202, .box_w = 11, .box_h = 15, .ofs_x = 1, .ofs_y = 0},
    {.bitmap_index = 8377, .adv_w = 202, .box_w = 11, .box_h = 15, .ofs_x = 1, .ofs_y = 0},
    {.bitmap_index = 8460, .adv_w = 169, .box_w = 12, .box_h = 15, .ofs_x = -1, .ofs_y = 0},
    {.bitmap_index = 8550, .adv_w = 186, .box_w = 10, .box_h = 12, .ofs_x = 1, .ofs_y = 0},
    {.bitmap_index = 8610, .adv_w = 175, .box_w = 10, .box_h = 12, .ofs_x = 1, .ofs_y = 0},
    {.bitmap_index = 8670, .adv_w = 155, .box_w = 9, .box_h = 12, .ofs_x = 0, .ofs_y = 0},
    {.bitmap_index = 8724, .adv_w = 155, .box_w = 9, .box_h = 12, .ofs_x = 0, .ofs_y = 0},
    {.bitmap_index = 8778, .adv_w = 155, .box_w = 9, .box_h = 12, .ofs_x = 0, .ofs_y = 0},
    {.bitmap_index = 8832, .adv_w = 155, .box_w = 9, .box_h = 12, .ofs_x = 0, .ofs_y = 0},
    {.bitmap_index = 8886, .adv_w = 155, .box_w = 9, .box_h = 12, .ofs_x = 0, .ofs_y = 0},
    {.bitmap_index = 8940, .adv_w = 155, .box_w = 9, .box_h = 14, .ofs_x = 0, .ofs_y = 0},
    {.bitmap_index = 9003, .adv_w = 254, .box_w = 16, .box_h = 9, .ofs_x = 0, .ofs_y = 0},
    {.bitmap_index = 9075, .adv_w = 149, .box_w = 9, .box_h = 14, .ofs_x = 0, .ofs_y = -5},
    {.bitmap_index = 9138, .adv_w = 159, .box_w = 10, .box_h = 12, .ofs_x = 0, .ofs_y = 0},
    {.bitmap_index = 9198, .adv_w = 159, .box_w = 10, .box_h = 12, .ofs_x = 0, .ofs_y = 0},
    {.bitmap_index = 9258, .adv_w = 159, .box_w = 10, .box_h = 12, .ofs_x = 0, .ofs_y = 0},
    {.bitmap_index = 9318, .adv_w = 159, .box_w = 10, .box_h = 12, .ofs_x = 0, .ofs_y = 0},
    {.bitmap_index = 9378, .adv_w = 74, .box_w = 5, .box_h = 12, .ofs_x = -1, .ofs_y = 0},
    {.bitmap_index = 9408, .adv_w = 74, .box_w = 6, .box_h = 12, .ofs_x = 0, .ofs_y = 0},
    {.bitmap_index = 9444, .adv_w = 74, .box_w = 6, .box_h = 12, .ofs_x = -1, .ofs_y = 0},
    {.bitmap_index = 9480, .adv_w = 74, .box_w = 5, .box_h = 12, .ofs_x = 0, .ofs_y = 0},
    {.bitmap_index = 9510, .adv_w = 155, .box_w = 9, .box_h = 13, .ofs_x = 0, .ofs_y = 0},
    {.bitmap_index = 9569, .adv_w = 175, .box_w = 9, .box_h = 12, .ofs_x = 1, .ofs_y = 0},
    {.bitmap_index = 9623, .adv_w = 165, .box_w = 10, .box_h = 12, .ofs_x = 0, .ofs_y = 0},
    {.bitmap_index = 9683, .adv_w = 165, .box_w = 10, .box_h = 12, .ofs_x = 0, .ofs_y = 0},
    {.bitmap_index = 9743, .adv_w = 165, .box_w = 10, .box_h = 12, .ofs_x = 0, .ofs_y = 0},
    {.bitmap_index = 9803, .adv_w = 165, .box_w = 10, .box_h = 12, .ofs_x = 0, .ofs_y = 0},
    {.bitmap_index = 9863, .adv_w = 165, .box_w = 10, .box_h = 12, .ofs_x = 0, .ofs_y = 0},
    {.bitmap_index = 9923, .adv_w = 151, .box_w = 8, .box_h = 9, .ofs_x = 1, .ofs_y = 1},
    {.bitmap_index = 9959, .adv_w = 165, .box_w = 10, .box_h = 11, .ofs_x = 0, .ofs_y = -1},
    {.bitmap_index = 10014, .adv_w = 174, .box_w = 9, .box_h = 12, .ofs_x = 1, .ofs_y = 0},
    {.bitmap_index = 10068, .adv_w = 174, .box_w = 9, .box_h = 12, .ofs_x = 1, .ofs_y = 0},
    {.bitmap_index = 10122, .adv_w = 174, .box_w = 9, .box_h = 12, .ofs_x = 1, .ofs_y = 0},
    {.bitmap_index = 10176, .adv_w = 174, .box_w = 9, .box_h = 12, .ofs_x = 1, .ofs_y = 0},
    {.bitmap_index = 10230, .adv_w = 148, .box_w = 11, .box_h = 15, .ofs_x = -1, .ofs_y = -3},
    {.bitmap_index = 10313, .adv_w = 176, .box_w = 10, .box_h = 15, .ofs_x = 1, .ofs_y = -3},
    {.bitmap_index = 10388, .adv_w = 148, .box_w = 11, .box_h = 15, .ofs_x = -1, .ofs_y = -3},
    {.bitmap_index = 10471, .adv_w = 192, .box_w = 14, .box_h = 15, .ofs_x = -1, .ofs_y = 0},
    {.bitmap_index = 10576, .adv_w = 155, .box_w = 9, .box_h = 12, .ofs_x = 0, .ofs_y = 0},
    {.bitmap_index = 10630, .adv_w = 192, .box_w = 14, .box_h = 15, .ofs_x = -1, .ofs_y = 0},
    {.bitmap_index = 10735, .adv_w = 155, .box_w = 9, .box_h = 12, .ofs_x = 0, .ofs_y = 0},
    {.bitmap_index = 10789, .adv_w = 192, .box_w = 14, .box_h = 17, .ofs_x = -1, .ofs_y = -5},
    {.bitmap_index = 10908, .adv_w = 155, .box_w = 9, .box_h = 14, .ofs_x = 0, .ofs_y = -5},
    {.bitmap_index = 10971, .adv_w = 184, .box_w = 12, .box_h = 15, .ofs_x = 0, .ofs_y = 0},
    {.bitmap_index = 11061, .adv_w = 149, .box_w = 9, .box_h = 12, .ofs_x = 0, .ofs_y = 0},
    {.bitmap_index = 11115, .adv_w = 184, .box_w = 12, .box_h = 15, .ofs_x = 0, .ofs_y = 0},
    {.bitmap_index = 11205, .adv_w = 149, .box_w = 9, .box_h = 12, .ofs_x = 0, .ofs_y = 0},
    {.bitmap_index = 11259, .adv_w = 184, .box_w = 12, .box_h = 16, .ofs_x = 0, .ofs_y = 0},
    {.bitmap_index = 11355, .adv_w = 149, .box_w = 9, .box_h = 13, .ofs_x = 0, .ofs_y = 0},
    {.bitmap_index = 11414, .adv_w = 184, .box_w = 12, .box_h = 15, .ofs_x = 0, .ofs_y = 0},
    {.bitmap_index = 11504, .adv_w = 149, .box_w = 9, .box_h = 12, .ofs_x = 0, .ofs_y = 0},
    {.bitmap_index = 11558, .adv_w = 211, .box_w = 12, .box_h = 15, .ofs_x = 1, .ofs_y = 0},
    {.bitmap_index = 11648, .adv_w = 176, .box_w = 13, .box_h = 13, .ofs_x = 0, .ofs_y = 0},
    {.bitmap_index = 11733, .adv_w = 214, .box_w = 13, .box_h = 12, .ofs_x = 0, .ofs_y = 0},
    {.bitmap_index = 11811, .adv_w = 176, .box_w = 11, .box_h = 12, .ofs_x = 0, .ofs_y = 0},
    {.bitmap_index = 11877, .adv_w = 172, .box_w = 9, .box_h = 15, .ofs_x = 1, .ofs_y = 0},
    {.bitmap_index = 11945, .adv_w = 159, .box_w = 10, .box_h = 12, .ofs_x = 0, .ofs_y = 0},
    {.bitmap_index = 12005, .adv_w = 172, .box_w = 9, .box_h = 15, .ofs_x = 1, .ofs_y = 0},
    {.bitmap_index = 12073, .adv_w = 159, .box_w = 10, .box_h = 12, .ofs_x = 0, .ofs_y = 0},
    {.bitmap_index = 12133, .adv_w = 172, .box_w = 9, .box_h = 15, .ofs_x = 1, .ofs_y = 0},
    {.bitmap_index = 12201, .adv_w = 159, .box_w = 10, .box_h = 13, .ofs_x = 0, .ofs_y = 0},
    {.bitmap_index = 12266, .adv_w = 172, .box_w = 10, .box_h = 17, .ofs_x = 1, .ofs_y = -5},
    {.bitmap_index = 12351, .adv_w = 159, .box_w = 10, .box_h = 14, .ofs_x = 0, .ofs_y = -5},
    {.bitmap_index = 12421, .adv_w = 172, .box_w = 9, .box_h = 15, .ofs_x = 1, .ofs_y = 0},
    {.bitmap_index = 12489, .adv_w = 159, .box_w = 10, .box_h = 12, .ofs_x = 0, .ofs_y = 0},
    {.bitmap_index = 12549, .adv_w = 198, .box_w = 12, .box_h = 15, .ofs_x = 0, .ofs_y = 0},
    {.bitmap_index = 12639, .adv_w = 178, .box_w = 10, .box_h = 15, .ofs_x = 0, .ofs_y = -3},
    {.bitmap_index = 12714, .adv_w = 198, .box_w = 12, .box_h = 15, .ofs_x = 0, .ofs_y = 0},
    {.bitmap_index = 12804, .adv_w = 178, .box_w = 10, .box_h = 15, .ofs_x = 0, .ofs_y = -3},
    {.bitmap_index = 12879, .adv_w = 198, .box_w = 12, .box_h = 16, .ofs_x = 0, .ofs_y = 0},
    {.bitmap_index = 12975, .adv_w = 178, .box_w = 10, .box_h = 16, .ofs_x = 0, .ofs_y = -3},
    {.bitmap_index = 13055, .adv_w = 198, .box_w = 12, .box_h = 17, .ofs_x = 0, .ofs_y = -5},
    {.bitmap_index = 13157, .adv_w = 178, .box_w = 10, .box_h = 17, .ofs_x = 0, .ofs_y = -3},
    {.bitmap_index = 13242, .adv_w = 207, .box_w = 11, .box_h = 15, .ofs_x = 1, .ofs_y = 0},
    {.bitmap_index = 13325, .adv_w = 175, .box_w = 11, .box_h = 16, .ofs_x = -1, .ofs_y = 0},
    {.bitmap_index = 13413, .adv_w = 213, .box_w = 14, .box_h = 12, .ofs_x = 0, .ofs_y = 0},
    {.bitmap_index = 13497, .adv_w = 179, .box_w = 10, .box_h = 12, .ofs_x = 0, .ofs_y = 0},
    {.bitmap_index = 13557, .adv_w = 82, .box_w = 7, .box_h = 16, .ofs_x = -1, .ofs_y = 0},
    {.bitmap_index = 13613, .adv_w = 74, .box_w = 6, .box_h = 12, .ofs_x = -1, .ofs_y = 0},
    {.bitmap_index = 13649, .adv_w = 82, .box_w = 5, .box_h = 15, .ofs_x = 0, .ofs_y = 0},
    {.bitmap_index = 13687, .adv_w = 74, .box_w = 5, .box_h = 12, .ofs_x = 0, .ofs_y = 0},
    {.bitmap_index = 13717, .adv_w = 82, .box_w = 7, .box_h = 15, .ofs_x = -1, .ofs_y = 0},
    {.bitmap_index = 13770, .adv_w = 74, .box_w = 6, .box_h = 12, .ofs_x = -1, .ofs_y = 0},
    {.bitmap_index = 13806, .adv_w = 82, .box_w = 4, .box_h = 17, .ofs_x = 1, .ofs_y = -5},
    {.bitmap_index = 13840, .adv_w = 74, .box_w = 4, .box_h = 18, .ofs_x = 0, .ofs_y = -5},
    {.bitmap_index = 13876, .adv_w = 82, .box_w = 3, .box_h = 15, .ofs_x = 1, .ofs_y = 0},
    {.bitmap_index = 13899, .adv_w = 74, .box_w = 3, .box_h = 9, .ofs_x = 1, .ofs_y = 0},
    {.bitmap_index = 13913, .adv_w = 185, .box_w = 10, .box_h = 12, .ofs_x = 1, .ofs_y = 0},
    {.bitmap_index = 13973, .adv_w = 150, .box_w = 8, .box_h = 16, .ofs_x = 1, .ofs_y = -3},
    {.bitmap_index = 14037, .adv_w = 135, .box_w = 9, .box_h = 15, .ofs_x = -1, .ofs_y = 0},
    {.bitmap_index = 14105, .adv_w = 76, .box_w = 8, .box_h = 15, .ofs_x = -2, .ofs_y = -3},
    {.bitmap_index = 14165, .adv_w = 187, .box_w = 11, .box_h = 17, .ofs_x = 1, .ofs_y = -5},
    {.bitmap_index = 14259, .adv_w = 163, .box_w = 10, .box_h = 17, .ofs_x = 1, .ofs_y = -5},
    {.bitmap_index = 14344, .adv_w = 163, .box_w = 10, .box_h = 9, .ofs_x = 1, .ofs_y = 0},
    {.bitmap_index = 14389, .adv_w = 153, .box_w = 9, .box_h = 15, .ofs_x = 1, .ofs_y = 0},
    {.bitmap_index = 14457, .adv_w = 74, .box_w = 6, .box_h = 16, .ofs_x = 0, .ofs_y = 0},
    {.bitmap_index = 14505, .adv_w = 153, .box_w = 9, .box_h = 17, .ofs_x = 1, .ofs_y = -5},
    {.bitmap_index = 14582, .adv_w = 74, .box_w = 3, .box_h = 17, .ofs_x = 1, .ofs_y = -5},
    {.bitmap_index = 14608, .adv_w = 153, .box_w = 9, .box_h = 12, .ofs_x = 1, .ofs_y = 0},
    {.bitmap_index = 14662, .adv_w = 74, .box_w = 6, .box_h = 13, .ofs_x = 1, .ofs_y = 0},
    {.bitmap_index = 14701, .adv_w = 153, .box_w = 9, .box_h = 12, .ofs_x = 1, .ofs_y = 0},
    {.bitmap_index = 14755, .adv_w = 108, .box_w = 6, .box_h = 12, .ofs_x = 1, .ofs_y = 0},
    {.bitmap_index = 14791, .adv_w = 156, .box_w = 11, .box_h = 12, .ofs_x = -1, .ofs_y = 0},
    {.bitmap_index = 14857, .adv_w = 79, .box_w = 7, .box_h = 12, .ofs_x = -1, .ofs_y = 0},
    {.bitmap_index = 14899, .adv_w = 207, .box_w = 11, .box_h = 15, .ofs_x = 1, .ofs_y = 0},
    {.bitmap_index = 14982, .adv_w = 175, .box_w = 9, .box_h = 12, .ofs_x = 1, .ofs_y = 0},
    {.bitmap_index = 15036, .adv_w = 207, .box_w = 11, .box_h = 17, .ofs_x = 1, .ofs_y = -5},
    {.bitmap_index = 15130, .adv_w = 175, .box_w = 9, .box_h = 14, .ofs_x = 1, .ofs_y = -5},
    {.bitmap_index = 15193, .adv_w = 207, .box_w = 11, .box_h = 15, .ofs_x = 1, .ofs_y = 0},
    {.bitmap_index = 15276, .adv_w = 175, .box_w = 9, .box_h = 12, .ofs_x = 1, .ofs_y = 0},
    {.bitmap_index = 15330, .adv_w = 193, .box_w = 12, .box_h = 12, .ofs_x = -1, .ofs_y = 0},
    {.bitmap_index = 15402, .adv_w = 207, .box_w = 11, .box_h = 15, .ofs_x = 1, .ofs_y = -3},
    {.bitmap_index = 15485, .adv_w = 175, .box_w = 9, .box_h = 12, .ofs_x = 1, .ofs_y = -3},
    {.bitmap_index = 15539, .adv_w = 216, .box_w = 13, .box_h = 16, .ofs_x = 0, .ofs_y = 0},
    {.bitmap_index = 15643, .adv_w = 165, .box_w = 10, .box_h = 12, .ofs_x = 0, .ofs_y = 0},
    {.bitmap_index = 15703, .adv_w = 216, .box_w = 13, .box_h = 15, .ofs_x = 0, .ofs_y = 0},
    {.bitmap_index = 15801, .adv_w = 165, .box_w = 10, .box_h = 12, .ofs_x = 0, .ofs_y = 0},
    {.bitmap_index = 15861, .adv_w = 216, .box_w = 13, .box_h = 15, .ofs_x = 0, .ofs_y = 0},
    {.bitmap_index = 15959, .adv_w = 165, .box_w = 10, .box_h = 12, .ofs_x = 0, .ofs_y = 0},
    {.bitmap_index = 16019, .adv_w = 290, .box_w = 18, .box_h = 12, .ofs_x = 0, .ofs_y = 0},
    {.bitmap_index = 16127, .adv_w = 273, .box_w = 17, .box_h = 9, .ofs_x = 0, .ofs_y = 0},
    {.bitmap_index = 16204, .adv_w = 187, .box_w = 11, .box_h = 15, .ofs_x = 1, .ofs_y = 0},
    {.bitmap_index = 16287, .adv_w = 108, .box_w = 6, .box_h = 12, .ofs_x = 1, .ofs_y = 0},
    {.bitmap_index = 16323, .adv_w = 187, .box_w = 11, .box_h = 17, .ofs_x = 1, .ofs_y = -5},
    {.bitmap_index = 16417, .adv_w = 108, .box_w = 6, .box_h = 14, .ofs_x = 1, .ofs_y = -5},
    {.bitmap_index = 16459, .adv_w = 187, .box_w = 11, .box_h = 15, .ofs_x = 1, .ofs_y = 0},
    {.bitmap_index = 16542, .adv_w = 108, .box_w = 7, .box_h = 12, .ofs_x = 0, .ofs_y = 0},
    {.bitmap_index = 16584, .adv_w = 161, .box_w = 10, .box_h = 15, .ofs_x = 0, .ofs_y = 0},
    {.bitmap_index = 16659, .adv_w = 132, .box_w = 8, .box_h = 12, .ofs_x = 0, .ofs_y = 0},
    {.bitmap_index = 16707, .adv_w = 161, .box_w = 10, .box_h = 15, .ofs_x = 0, .ofs_y = 0},
    {.bitmap_index = 16782, .adv_w = 132, .box_w = 8, .box_h = 12, .ofs_x = 0, .ofs_y = 0},
    {.bitmap_index = 16830, .adv_w = 161, .box_w = 10, .box_h = 16, .ofs_x = 0, .ofs_y = -4},
    {.bitmap_index = 16910, .adv_w = 132, .box_w = 8, .box_h = 14, .ofs_x = 0, .ofs_y = -5},
    {.bitmap_index = 16966, .adv_w = 161, .box_w = 10, .box_h = 15, .ofs_x = 0, .ofs_y = 0},
    {.bitmap_index = 17041, .adv_w = 132, .box_w = 8, .box_h = 12, .ofs_x = 0, .ofs_y = 0},
    {.bitmap_index = 17089, .adv_w = 154, .box_w = 10, .box_h = 17, .ofs_x = 0, .ofs_y = -5},
    {.bitmap_index = 17174, .adv_w = 109, .box_w = 7, .box_h = 16, .ofs_x = 0, .ofs_y = -5},
    {.bitmap_index = 17230, .adv_w = 154, .box_w = 10, .box_h = 15, .ofs_x = 0, .ofs_y = 0},
    {.bitmap_index = 17305, .adv_w = 109, .box_w = 7, .box_h = 13, .ofs_x = 0, .ofs_y = 0},
    {.bitmap_index = 17351, .adv_w = 154, .box_w = 10, .box_h = 12, .ofs_x = 0, .ofs_y = 0},
    {.bitmap_index = 17411, .adv_w = 109, .box_w = 7, .box_h = 11, .ofs_x = 0, .ofs_y = 0},
    {.bitmap_index = 17450, .adv_w = 202, .box_w = 11, .box_h = 16, .ofs_x = 1, .ofs_y = 0},
    {.bitmap_index = 17538, .adv_w = 174, .box_w = 9, .box_h = 12, .ofs_x = 1, .ofs_y = 0},
    {.bitmap_index = 17592, .adv_w = 202, .box_w = 11, .box_h = 16, .ofs_x = 1, .ofs_y = 0},
    {.bitmap_index = 17680, .adv_w = 174, .box_w = 9, .box_h = 12, .ofs_x = 1, .ofs_y = 0},
    {.bitmap_index = 17734, .adv_w = 202, .box_w = 11, .box_h = 15, .ofs_x = 1, .ofs_y = 0},
    {.bitmap_index = 17817, .adv_w = 174, .box_w = 9, .box_h = 12, .ofs_x = 1, .ofs_y = 0},
    {.bitmap_index = 17871, .adv_w = 202, .box_w = 11, .box_h = 16, .ofs_x = 1, .ofs_y = 0},
    {.bitmap_index = 17959, .adv_w = 174, .box_w = 9, .box_h = 14, .ofs_x = 1, .ofs_y = 0},
    {.bitmap_index = 18022, .adv_w = 202, .box_w = 11, .box_h = 15, .ofs_x = 1, .ofs_y = 0},
    {.bitmap_index = 18105, .adv_w = 174, .box_w = 9, .box_h = 12, .ofs_x = 1, .ofs_y = 0},
    {.bitmap_index = 18159, .adv_w = 202, .box_w = 11, .box_h = 16, .ofs_x = 1, .ofs_y = -4},
    {.bitmap_index = 18247, .adv_w = 174, .box_w = 9, .box_h = 14, .ofs_x = 1, .ofs_y = -5},
    {.bitmap_index = 18310, .adv_w = 293, .box_w = 18, .box_h = 15, .ofs_x = 0, .ofs_y = 0},
    {.bitmap_index = 18445, .adv_w = 235, .box_w = 15, .box_h = 12, .ofs_x = 0, .ofs_y = 0},
    {.bitmap_index = 18535, .adv_w = 169, .box_w = 12, .box_h = 15, .ofs_x = -1, .ofs_y = 0},
    {.bitmap_index = 18625, .adv_w = 148, .box_w = 11, .box_h = 15, .ofs_x = -1, .ofs_y = -3},
    {.bitmap_index = 18708, .adv_w = 169, .box_w = 12, .box_h = 15, .ofs_x = -1, .ofs_y = 0},
    {.bitmap_index = 18798, .adv_w = 170, .box_w = 11, .box_h = 15, .ofs_x = 0, .ofs_y = 0},
    {.bitmap_index = 18881, .adv_w = 136, .box_w = 8, .box_h = 12, .ofs_x = 0, .ofs_y = 0},
    {.bitmap_index = 18929, .adv_w = 170, .box_w = 11, .box_h = 15, .ofs_x = 0, .ofs_y = 0},
    {.bitmap_index = 19012, .adv_w = 136, .box_w = 8, .box_h = 13, .ofs_x = 0, .ofs_y = 0},
    {.bitmap_index = 19064, .adv_w = 170, .box_w = 11, .box_h = 15, .ofs_x = 0, .ofs_y = 0},
    {.bitmap_index = 19147, .adv_w = 136, .box_w = 8, .box_h = 12, .ofs_x = 0, .ofs_y = 0},
    {.bitmap_index = 19195, .adv_w = 84, .box_w = 7, .box_h = 12, .ofs_x = 0, .ofs_y = 0},
    {.bitmap_index = 19237, .adv_w = 86, .box_w = 5, .box_h = 4, .ofs_x = 0, .ofs_y = 3},
    {.bitmap_index = 19247, .adv_w = 256, .box_w = 6, .box_h = 5, .ofs_x = 0, .ofs_y = -1},
    {.bitmap_index = 19262, .adv_w = 256, .box_w = 6, .box_h = 5, .ofs_x = 0, .ofs_y = -1},
    {.bitmap_index = 19277, .adv_w = 256, .box_w = 16, .box_h = 3, .ofs_x = 0, .ofs_y = 5},
    {.bitmap_index = 19301, .adv_w = 256, .box_w = 16, .box_h = 15, .ofs_x = 0, .ofs_y = -1},
    {.bitmap_index = 19421, .adv_w = 256, .box_w = 16, .box_h = 14, .ofs_x = 0, .ofs_y = -1},
    {.bitmap_index = 19533, .adv_w = 256, .box_w = 16, .box_h = 14, .ofs_x = 0, .ofs_y = -1},
    {.bitmap_index = 19645, .adv_w = 256, .box_w = 14, .box_h = 15, .ofs_x = 1, .ofs_y = -1},
    {.bitmap_index = 19750, .adv_w = 256, .box_w = 15, .box_h = 16, .ofs_x = 0, .ofs_y = -2},
    {.bitmap_index = 19870, .adv_w = 256, .box_w = 16, .box_h = 16, .ofs_x = 0, .ofs_y = -2},
    {.bitmap_index = 19998, .adv_w = 256, .box_w = 16, .box_h = 12, .ofs_x = 0, .ofs_y = 0},
    {.bitmap_index = 20094, .adv_w = 256, .box_w = 15, .box_h = 16, .ofs_x = 0, .ofs_y = -2},
    {.bitmap_index = 20214, .adv_w = 256, .box_w = 16, .box_h = 16, .ofs_x = 0, .ofs_y = -2},
    {.bitmap_index = 20342, .adv_w = 256, .box_w = 16, .box_h = 17, .ofs_x = 0, .ofs_y = -2},
    {.bitmap_index = 20478, .adv_w = 256, .box_w = 16, .box_h = 16, .ofs_x = 0, .ofs_y = -2},
    {.bitmap_index = 20606, .adv_w = 256, .box_w = 16, .box_h = 16, .ofs_x = 0, .ofs_y = -2},
    {.bitmap_index = 20734, .adv_w = 256, .box_w = 16, .box_h = 16, .ofs_x = 0, .ofs_y = -1},
    {.bitmap_index = 20862, .adv_w = 256, .box_w = 16, .box_h = 16, .ofs_x = 0, .ofs_y = -2},
    {.bitmap_index = 20990, .adv_w = 256, .box_w = 16, .box_h = 15, .ofs_x = 0, .ofs_y = -1},
    {.bitmap_index = 21110, .adv_w = 256, .box_w = 16, .box_h = 15, .ofs_x = 0, .ofs_y = -1},
    {.bitmap_index = 21230, .adv_w = 256, .box_w = 16, .box_h = 16, .ofs_x = 0, .ofs_y = -2},
    {.bitmap_index = 21358, .adv_w = 256, .box_w = 16, .box_h = 15, .ofs_x = 0, .ofs_y = -1},
    {.bitmap_index = 21478, .adv_w = 256, .box_w = 16, .box_h = 16, .ofs_x = 0, .ofs_y = -1},
    {.bitmap_index = 21606, .adv_w = 256, .box_w = 16, .box_h = 15, .ofs_x = 0, .ofs_y = -1},
    {.bitmap_index = 21726, .adv_w = 256, .box_w = 16, .box_h = 16, .ofs_x = 0, .ofs_y = -2},
    {.bitmap_index = 21854, .adv_w = 256, .box_w = 16, .box_h = 16, .ofs_x = 0, .ofs_y = -1},
    {.bitmap_index = 21982, .adv_w = 256, .box_w = 16, .box_h = 16, .ofs_x = 0, .ofs_y = -2},
    {.bitmap_index = 22110, .adv_w = 256, .box_w = 16, .box_h = 16, .ofs_x = 0, .ofs_y = -2},
    {.bitmap_index = 22238, .adv_w = 256, .box_w = 16, .box_h = 16, .ofs_x = 0, .ofs_y = -2},
    {.bitmap_index = 22366, .adv_w = 256, .box_w = 16, .box_h = 16, .ofs_x = 0, .ofs_y = -2},
    {.bitmap_index = 22494, .adv_w = 256, .box_w = 14, .box_h = 15, .ofs_x = 1, .ofs_y = -2},
    {.bitmap_index = 22599, .adv_w = 256, .box_w = 16, .box_h = 15, .ofs_x = 0, .ofs_y = -1},
    {.bitmap_index = 22719, .adv_w = 256, .box_w = 14, .box_h = 15, .ofs_x = 1, .ofs_y = -1},
    {.bitmap_index = 22824, .adv_w = 256, .box_w = 16, .box_h = 15, .ofs_x = 0, .ofs_y = -1},
    {.bitmap_index = 22944, .adv_w = 256, .box_w = 16, .box_h = 16, .ofs_x = 0, .ofs_y = -2},
    {.bitmap_index = 23072, .adv_w = 256, .box_w = 15, .box_h = 16, .ofs_x = 0, .ofs_y = -2},
    {.bitmap_index = 23192, .adv_w = 256, .box_w = 15, .box_h = 16, .ofs_x = 0, .ofs_y = -2},
    {.bitmap_index = 23312, .adv_w = 256, .box_w = 15, .box_h = 16, .ofs_x = 0, .ofs_y = -2},
    {.bitmap_index = 23432, .adv_w = 256, .box_w = 16, .box_h = 16, .ofs_x = 0, .ofs_y = -2},
    {.bitmap_index = 23560, .adv_w = 256, .box_w = 15, .box_h = 16, .ofs_x = 0, .ofs_y = -2},
    {.bitmap_index = 23680, .adv_w = 256, .box_w = 15, .box_h = 14, .ofs_x = 1, .ofs_y = -1},
    {.bitmap_index = 23785, .adv_w = 256, .box_w = 16, .box_h = 16, .ofs_x = 0, .ofs_y = -2},
    {.bitmap_index = 23913, .adv_w = 256, .box_w = 16, .box_h = 15, .ofs_x = 0, .ofs_y = -1},
    {.bitmap_index = 24033, .adv_w = 256, .box_w = 15, .box_h = 15, .ofs_x = 0, .ofs_y = -1},
    {.bitmap_index = 24146, .adv_w = 256, .box_w = 15, .box_h = 14, .ofs_x = 0, .ofs_y = -1},
    {.bitmap_index = 24251, .adv_w = 256, .box_w = 15, .box_h = 15, .ofs_x = 0, .ofs_y = -2},
    {.bitmap_index = 24364, .adv_w = 256, .box_w = 16, .box_h = 15, .ofs_x = 0, .ofs_y = -2},
    {.bitmap_index = 24484, .adv_w = 256, .box_w = 16, .box_h = 16, .ofs_x = 0, .ofs_y = -2},
    {.bitmap_index = 24612, .adv_w = 256, .box_w = 16, .box_h = 15, .ofs_x = 0, .ofs_y = -2},
    {.bitmap_index = 24732, .adv_w = 256, .box_w = 16, .box_h = 15, .ofs_x = 0, .ofs_y = -2},
    {.bitmap_index = 24852, .adv_w = 256, .box_w = 15, .box_h = 15, .ofs_x = 0, .ofs_y = -2},
    {.bitmap_index = 24965, .adv_w = 256, .box_w = 14, .box_h = 16, .ofs_x = 0, .ofs_y = -2},
    {.bitmap_index = 25077, .adv_w = 256, .box_w = 16, .box_h = 16, .ofs_x = 0, .ofs_y = -2},
    {.bitmap_index = 25205, .adv_w = 256, .box_w = 14, .box_h = 16, .ofs_x = 1, .ofs_y = -2},
    {.bitmap_index = 25317, .adv_w = 256, .box_w = 15, .box_h = 16, .ofs_x = 0, .ofs_y = -2},
    {.bitmap_index = 25437, .adv_w = 256, .box_w = 15, .box_h = 15, .ofs_x = 0, .ofs_y = -1},
    {.bitmap_index = 25550, .adv_w = 256, .box_w = 14, .box_h = 14, .ofs_x = 1, .ofs_y = -1},
    {.bitmap_index = 25648, .adv_w = 256, .box_w = 15, .box_h = 16, .ofs_x = 1, .ofs_y = -2},
    {.bitmap_index = 25768, .adv_w = 256, .box_w = 15, .box_h = 16, .ofs_x = 1, .ofs_y = -2},
    {.bitmap_index = 25888, .adv_w = 256, .box_w = 16, .box_h = 14, .ofs_x = 0, .ofs_y = -1},
    {.bitmap_index = 26000, .adv_w = 256, .box_w = 14, .box_h = 14, .ofs_x = 1, .ofs_y = -1},
    {.bitmap_index = 26098, .adv_w = 256, .box_w = 16, .box_h = 15, .ofs_x = 0, .ofs_y = -1},
    {.bitmap_index = 26218, .adv_w = 256, .box_w = 16, .box_h = 15, .ofs_x = 0, .ofs_y = -1},
    {.bitmap_index = 26338, .adv_w = 256, .box_w = 16, .box_h = 15, .ofs_x = 0, .ofs_y = -1},
    {.bitmap_index = 26458, .adv_w = 256, .box_w = 16, .box_h = 15, .ofs_x = 0, .ofs_y = -1},
    {.bitmap_index = 26578, .adv_w = 256, .box_w = 16, .box_h = 16, .ofs_x = 0, .ofs_y = -1},
    {.bitmap_index = 26706, .adv_w = 256, .box_w = 16, .box_h = 15, .ofs_x = 0, .ofs_y = -1},
    {.bitmap_index = 26826, .adv_w = 256, .box_w = 16, .box_h = 16, .ofs_x = 0, .ofs_y = -2},
    {.bitmap_index = 26954, .adv_w = 256, .box_w = 16, .box_h = 15, .ofs_x = 0, .ofs_y = -1},
    {.bitmap_index = 27074, .adv_w = 256, .box_w = 16, .box_h = 16, .ofs_x = 0, .ofs_y = -2},
    {.bitmap_index = 27202, .adv_w = 256, .box_w = 16, .box_h = 16, .ofs_x = 0, .ofs_y = -2},
    {.bitmap_index = 27330, .adv_w = 256, .box_w = 16, .box_h = 17, .ofs_x = 0, .ofs_y = -2},
    {.bitmap_index = 27466, .adv_w = 256, .box_w = 15, .box_h = 16, .ofs_x = 1, .ofs_y = -2},
    {.bitmap_index = 27586, .adv_w = 256, .box_w = 16, .box_h = 16, .ofs_x = 0, .ofs_y = -2},
    {.bitmap_index = 27714, .adv_w = 256, .box_w = 16, .box_h = 15, .ofs_x = 0, .ofs_y = -1},
    {.bitmap_index = 27834, .adv_w = 256, .box_w = 16, .box_h = 14, .ofs_x = 0, .ofs_y = -1},
    {.bitmap_index = 27946, .adv_w = 256, .box_w = 16, .box_h = 15, .ofs_x = 0, .ofs_y = -1},
    {.bitmap_index = 28066, .adv_w = 256, .box_w = 16, .box_h = 16, .ofs_x = 0, .ofs_y = -2},
    {.bitmap_index = 28194, .adv_w = 256, .box_w = 15, .box_h = 16, .ofs_x = 0, .ofs_y = -2},
    {.bitmap_index = 28314, .adv_w = 256, .box_w = 16, .box_h = 17, .ofs_x = 0, .ofs_y = -2},
    {.bitmap_index = 28450, .adv_w = 256, .box_w = 15, .box_h = 15, .ofs_x = 0, .ofs_y = -2},
    {.bitmap_index = 28563, .adv_w = 256, .box_w = 16, .box_h = 15, .ofs_x = 0, .ofs_y = -2},
    {.bitmap_index = 28683, .adv_w = 256, .box_w = 15, .box_h = 14, .ofs_x = 1, .ofs_y = -1},
    {.bitmap_index = 28788, .adv_w = 256, .box_w = 16, .box_h = 15, .ofs_x = 0, .ofs_y = -1},
    {.bitmap_index = 28908, .adv_w = 256, .box_w = 16, .box_h = 14, .ofs_x = 0, .ofs_y = -1},
    {.bitmap_index = 29020, .adv_w = 256, .box_w = 16, .box_h = 16, .ofs_x = 0, .ofs_y = -2},
    {.bitmap_index = 29148, .adv_w = 256, .box_w = 16, .box_h = 15, .ofs_x = 0, .ofs_y = -1},
    {.bitmap_index = 29268, .adv_w = 256, .box_w = 16, .box_h = 16, .ofs_x = 0, .ofs_y = -2},
    {.bitmap_index = 29396, .adv_w = 256, .box_w = 16, .box_h = 15, .ofs_x = 0, .ofs_y = -2},
    {.bitmap_index = 29516, .adv_w = 256, .box_w = 16, .box_h = 16, .ofs_x = 0, .ofs_y = -1},
    {.bitmap_index = 29644, .adv_w = 256, .box_w = 15, .box_h = 15, .ofs_x = 0, .ofs_y = -2},
    {.bitmap_index = 29757, .adv_w = 256, .box_w = 16, .box_h = 15, .ofs_x = 0, .ofs_y = -1},
    {.bitmap_index = 29877, .adv_w = 256, .box_w = 16, .box_h = 15, .ofs_x = 0, .ofs_y = -1},
    {.bitmap_index = 29997, .adv_w = 256, .box_w = 16, .box_h = 16, .ofs_x = 0, .ofs_y = -2},
    {.bitmap_index = 30125, .adv_w = 256, .box_w = 16, .box_h = 15, .ofs_x = 0, .ofs_y = -1},
    {.bitmap_index = 30245, .adv_w = 256, .box_w = 16, .box_h = 17, .ofs_x = 0, .ofs_y = -2},
    {.bitmap_index = 30381, .adv_w = 256, .box_w = 16, .box_h = 15, .ofs_x = 0, .ofs_y = -1},
    {.bitmap_index = 30501, .adv_w = 256, .box_w = 16, .box_h = 16, .ofs_x = 0, .ofs_y = -2},
    {.bitmap_index = 30629, .adv_w = 256, .box_w = 16, .box_h = 17, .ofs_x = 0, .ofs_y = -2},
    {.bitmap_index = 30765, .adv_w = 256, .box_w = 16, .box_h = 16, .ofs_x = 0, .ofs_y = -2},
    {.bitmap_index = 30893, .adv_w = 256, .box_w = 14, .box_h = 16, .ofs_x = 0, .ofs_y = -2},
    {.bitmap_index = 31005, .adv_w = 256, .box_w = 16, .box_h = 16, .ofs_x = 0, .ofs_y = -2},
    {.bitmap_index = 31133, .adv_w = 256, .box_w = 15, .box_h = 16, .ofs_x = 0, .ofs_y = -2},
    {.bitmap_index = 31253, .adv_w = 256, .box_w = 16, .box_h = 16, .ofs_x = 0, .ofs_y = -2},
    {.bitmap_index = 31381, .adv_w = 256, .box_w = 16, .box_h = 16, .ofs_x = 0, .ofs_y = -2},
    {.bitmap_index = 31509, .adv_w = 256, .box_w = 16, .box_h = 16, .ofs_x = 0, .ofs_y = -1},
    {.bitmap_index = 31637, .adv_w = 256, .box_w = 16, .box_h = 17, .ofs_x = 0, .ofs_y = -2},
    {.bitmap_index = 31773, .adv_w = 256, .box_w = 16, .box_h = 17, .ofs_x = 0, .ofs_y = -2},
    {.bitmap_index = 31909, .adv_w = 256, .box_w = 16, .box_h = 16, .ofs_x = 0, .ofs_y = -2},
    {.bitmap_index = 32037, .adv_w = 256, .box_w = 16, .box_h = 16, .ofs_x = 0, .ofs_y = -2},
    {.bitmap_index = 32165, .adv_w = 256, .box_w = 16, .box_h = 16, .ofs_x = 0, .ofs_y = -2},
    {.bitmap_index = 32293, .adv_w = 256, .box_w = 16, .box_h = 15, .ofs_x = 0, .ofs_y = -1},
    {.bitmap_index = 32413, .adv_w = 256, .box_w = 16, .box_h = 16, .ofs_x = 0, .ofs_y = -2},
    {.bitmap_index = 32541, .adv_w = 256, .box_w = 16, .box_h = 16, .ofs_x = 0, .ofs_y = -2},
    {.bitmap_index = 32669, .adv_w = 256, .box_w = 16, .box_h = 16, .ofs_x = 0, .ofs_y = -2},
    {.bitmap_index = 32797, .adv_w = 256, .box_w = 16, .box_h = 16, .ofs_x = 0, .ofs_y = -2},
    {.bitmap_index = 32925, .adv_w = 256, .box_w = 16, .box_h = 16, .ofs_x = 0, .ofs_y = -2},
    {.bitmap_index = 33053, .adv_w = 256, .box_w = 16, .box_h = 17, .ofs_x = 0, .ofs_y = -2},
    {.bitmap_index = 33189, .adv_w = 256, .box_w = 15, .box_h = 17, .ofs_x = 1, .ofs_y = -2},
    {.bitmap_index = 33317, .adv_w = 256, .box_w = 16, .box_h = 15, .ofs_x = 0, .ofs_y = -1},
    {.bitmap_index = 33437, .adv_w = 256, .box_w = 16, .box_h = 16, .ofs_x = 0, .ofs_y = -2},
    {.bitmap_index = 33565, .adv_w = 256, .box_w = 16, .box_h = 15, .ofs_x = 0, .ofs_y = -2},
    {.bitmap_index = 33685, .adv_w = 256, .box_w = 15, .box_h = 16, .ofs_x = 1, .ofs_y = -2},
    {.bitmap_index = 33805, .adv_w = 256, .box_w = 16, .box_h = 15, .ofs_x = 0, .ofs_y = -2},
    {.bitmap_index = 33925, .adv_w = 256, .box_w = 16, .box_h = 16, .ofs_x = 0, .ofs_y = -1},
    {.bitmap_index = 34053, .adv_w = 256, .box_w = 16, .box_h = 15, .ofs_x = 0, .ofs_y = -2},
    {.bitmap_index = 34173, .adv_w = 256, .box_w = 16, .box_h = 14, .ofs_x = 0, .ofs_y = -1},
    {.bitmap_index = 34285, .adv_w = 256, .box_w = 16, .box_h = 15, .ofs_x = 0, .ofs_y = -1},
    {.bitmap_index = 34405, .adv_w = 256, .box_w = 16, .box_h = 15, .ofs_x = 0, .ofs_y = -1},
    {.bitmap_index = 34525, .adv_w = 256, .box_w = 16, .box_h = 15, .ofs_x = 0, .ofs_y = -1},
    {.bitmap_index = 34645, .adv_w = 256, .box_w = 16, .box_h = 15, .ofs_x = 0, .ofs_y = -1},
    {.bitmap_index = 34765, .adv_w = 256, .box_w = 16, .box_h = 16, .ofs_x = 0, .ofs_y = -2},
    {.bitmap_index = 34893, .adv_w = 256, .box_w = 16, .box_h = 16, .ofs_x = 0, .ofs_y = -2},
    {.bitmap_index = 35021, .adv_w = 256, .box_w = 16, .box_h = 15, .ofs_x = 0, .ofs_y = -1},
    {.bitmap_index = 35141, .adv_w = 256, .box_w = 16, .box_h = 15, .ofs_x = 0, .ofs_y = -1},
    {.bitmap_index = 35261, .adv_w = 256, .box_w = 16, .box_h = 16, .ofs_x = 0, .ofs_y = -2},
    {.bitmap_index = 35389, .adv_w = 256, .box_w = 16, .box_h = 16, .ofs_x = 0, .ofs_y = -1},
    {.bitmap_index = 35517, .adv_w = 256, .box_w = 16, .box_h = 15, .ofs_x = 0, .ofs_y = -1},
    {.bitmap_index = 35637, .adv_w = 256, .box_w = 16, .box_h = 16, .ofs_x = 0, .ofs_y = -2},
    {.bitmap_index = 35765, .adv_w = 256, .box_w = 16, .box_h = 16, .ofs_x = 0, .ofs_y = -2},
    {.bitmap_index = 35893, .adv_w = 256, .box_w = 16, .box_h = 14, .ofs_x = 0, .ofs_y = -1},
    {.bitmap_index = 36005, .adv_w = 256, .box_w = 16, .box_h = 16, .ofs_x = 0, .ofs_y = -2},
    {.bitmap_index = 36133, .adv_w = 256, .box_w = 16, .box_h = 15, .ofs_x = 0, .ofs_y = -1},
    {.bitmap_index = 36253, .adv_w = 256, .box_w = 16, .box_h = 16, .ofs_x = 0, .ofs_y = -2},
    {.bitmap_index = 36381, .adv_w = 256, .box_w = 16, .box_h = 16, .ofs_x = 0, .ofs_y = -2},
    {.bitmap_index = 36509, .adv_w = 256, .box_w = 16, .box_h = 17, .ofs_x = 0, .ofs_y = -2},
    {.bitmap_index = 36645, .adv_w = 256, .box_w = 16, .box_h = 15, .ofs_x = 0, .ofs_y = -1},
    {.bitmap_index = 36765, .adv_w = 256, .box_w = 16, .box_h = 15, .ofs_x = 0, .ofs_y = -1},
    {.bitmap_index = 36885, .adv_w = 256, .box_w = 16, .box_h = 15, .ofs_x = 0, .ofs_y = -1},
    {.bitmap_index = 37005, .adv_w = 256, .box_w = 16, .box_h = 16, .ofs_x = 0, .ofs_y = -2},
    {.bitmap_index = 37133, .adv_w = 256, .box_w = 16, .box_h = 15, .ofs_x = 0, .ofs_y = -1},
    {.bitmap_index = 37253, .adv_w = 256, .box_w = 16, .box_h = 15, .ofs_x = 0, .ofs_y = -1},
    {.bitmap_index = 37373, .adv_w = 256, .box_w = 16, .box_h = 16, .ofs_x = 0, .ofs_y = -2},
    {.bitmap_index = 37501, .adv_w = 256, .box_w = 16, .box_h = 17, .ofs_x = 0, .ofs_y = -2},
    {.bitmap_index = 37637, .adv_w = 256, .box_w = 16, .box_h = 17, .ofs_x = 0, .ofs_y = -2},
    {.bitmap_index = 37773, .adv_w = 256, .box_w = 16, .box_h = 17, .ofs_x = 0, .ofs_y = -2},
    {.bitmap_index = 37909, .adv_w = 256, .box_w = 16, .box_h = 16, .ofs_x = 0, .ofs_y = -2},
    {.bitmap_index = 38037, .adv_w = 256, .box_w = 16, .box_h = 17, .ofs_x = 0, .ofs_y = -2},
    {.bitmap_index = 38173, .adv_w = 256, .box_w = 16, .box_h = 17, .ofs_x = 0, .ofs_y = -2},
    {.bitmap_index = 38309, .adv_w = 256, .box_w = 15, .box_h = 15, .ofs_x = 0, .ofs_y = -2},
    {.bitmap_index = 38422, .adv_w = 256, .box_w = 15, .box_h = 15, .ofs_x = 1, .ofs_y = -1},
    {.bitmap_index = 38535, .adv_w = 256, .box_w = 14, .box_h = 15, .ofs_x = 1, .ofs_y = -1},
    {.bitmap_index = 38640, .adv_w = 256, .box_w = 16, .box_h = 15, .ofs_x = 0, .ofs_y = -1},
    {.bitmap_index = 38760, .adv_w = 256, .box_w = 14, .box_h = 16, .ofs_x = 1, .ofs_y = -2},
    {.bitmap_index = 38872, .adv_w = 256, .box_w = 16, .box_h = 15, .ofs_x = 0, .ofs_y = -1},
    {.bitmap_index = 38992, .adv_w = 256, .box_w = 16, .box_h = 15, .ofs_x = 0, .ofs_y = -1},
    {.bitmap_index = 39112, .adv_w = 256, .box_w = 16, .box_h = 15, .ofs_x = 0, .ofs_y = -1},
    {.bitmap_index = 39232, .adv_w = 256, .box_w = 15, .box_h = 14, .ofs_x = 1, .ofs_y = -1},
    {.bitmap_index = 39337, .adv_w = 256, .box_w = 16, .box_h = 16, .ofs_x = 0, .ofs_y = -2},
    {.bitmap_index = 39465, .adv_w = 256, .box_w = 15, .box_h = 16, .ofs_x = 0, .ofs_y = -2},
    {.bitmap_index = 39585, .adv_w = 256, .box_w = 16, .box_h = 16, .ofs_x = 0, .ofs_y = -2},
    {.bitmap_index = 39713, .adv_w = 256, .box_w = 16, .box_h = 16, .ofs_x = 0, .ofs_y = -2},
    {.bitmap_index = 39841, .adv_w = 256, .box_w = 16, .box_h = 15, .ofs_x = 0, .ofs_y = -1},
    {.bitmap_index = 39961, .adv_w = 256, .box_w = 16, .box_h = 15, .ofs_x = 0, .ofs_y = -1},
    {.bitmap_index = 40081, .adv_w = 256, .box_w = 14, .box_h = 15, .ofs_x = 1, .ofs_y = -1},
    {.bitmap_index = 40186, .adv_w = 256, .box_w = 16, .box_h = 15, .ofs_x = 0, .ofs_y = -1},
    {.bitmap_index = 40306, .adv_w = 256, .box_w = 16, .box_h = 16, .ofs_x = 0, .ofs_y = -2},
    {.bitmap_index = 40434, .adv_w = 256, .box_w = 16, .box_h = 15, .ofs_x = 0, .ofs_y = -1},
    {.bitmap_index = 40554, .adv_w = 256, .box_w = 16, .box_h = 16, .ofs_x = 0, .ofs_y = -2},
    {.bitmap_index = 40682, .adv_w = 256, .box_w = 16, .box_h = 16, .ofs_x = 0, .ofs_y = -2},
    {.bitmap_index = 40810, .adv_w = 256, .box_w = 16, .box_h = 16, .ofs_x = 0, .ofs_y = -2},
    {.bitmap_index = 40938, .adv_w = 256, .box_w = 16, .box_h = 15, .ofs_x = 0, .ofs_y = -1},
    {.bitmap_index = 41058, .adv_w = 256, .box_w = 16, .box_h = 16, .ofs_x = 0, .ofs_y = -1},
    {.bitmap_index = 41186, .adv_w = 256, .box_w = 16, .box_h = 15, .ofs_x = 0, .ofs_y = -1},
    {.bitmap_index = 41306, .adv_w = 256, .box_w = 16, .box_h = 16, .ofs_x = 0, .ofs_y = -1},
    {.bitmap_index = 41434, .adv_w = 256, .box_w = 16, .box_h = 15, .ofs_x = 0, .ofs_y = -1},
    {.bitmap_index = 41554, .adv_w = 256, .box_w = 16, .box_h = 16, .ofs_x = 0, .ofs_y = -2},
    {.bitmap_index = 41682, .adv_w = 256, .box_w = 16, .box_h = 15, .ofs_x = 0, .ofs_y = -1},
    {.bitmap_index = 41802, .adv_w = 256, .box_w = 14, .box_h = 14, .ofs_x = 1, .ofs_y = -1},
    {.bitmap_index = 41900, .adv_w = 256, .box_w = 16, .box_h = 14, .ofs_x = 0, .ofs_y = -1},
    {.bitmap_index = 42012, .adv_w = 256, .box_w = 16, .box_h = 15, .ofs_x = 0, .ofs_y = -1},
    {.bitmap_index = 42132, .adv_w = 256, .box_w = 16, .box_h = 16, .ofs_x = 0, .ofs_y = -1},
    {.bitmap_index = 42260, .adv_w = 256, .box_w = 12, .box_h = 15, .ofs_x = 2, .ofs_y = -1},
    {.bitmap_index = 42350, .adv_w = 256, .box_w = 16, .box_h = 16, .ofs_x = 0, .ofs_y = -2},
    {.bitmap_index = 42478, .adv_w = 256, .box_w = 15, .box_h = 16, .ofs_x = 1, .ofs_y = -2},
    {.bitmap_index = 42598, .adv_w = 256, .box_w = 16, .box_h = 15, .ofs_x = 0, .ofs_y = -1},
    {.bitmap_index = 42718, .adv_w = 256, .box_w = 16, .box_h = 16, .ofs_x = 0, .ofs_y = -2},
    {.bitmap_index = 42846, .adv_w = 256, .box_w = 16, .box_h = 15, .ofs_x = 0, .ofs_y = -2},
    {.bitmap_index = 42966, .adv_w = 256, .box_w = 16, .box_h = 15, .ofs_x = 0, .ofs_y = -1},
    {.bitmap_index = 43086, .adv_w = 256, .box_w = 16, .box_h = 16, .ofs_x = 0, .ofs_y = -2},
    {.bitmap_index = 43214, .adv_w = 256, .box_w = 16, .box_h = 16, .ofs_x = 0, .ofs_y = -2},
    {.bitmap_index = 43342, .adv_w = 256, .box_w = 16, .box_h = 16, .ofs_x = 0, .ofs_y = -2},
    {.bitmap_index = 43470, .adv_w = 256, .box_w = 16, .box_h = 16, .ofs_x = 0, .ofs_y = -2},
    {.bitmap_index = 43598, .adv_w = 256, .box_w = 16, .box_h = 16, .ofs_x = 0, .ofs_y = -2},
    {.bitmap_index = 43726, .adv_w = 256, .box_w = 16, .box_h = 16, .ofs_x = 0, .ofs_y = -2},
    {.bitmap_index = 43854, .adv_w = 256, .box_w = 16, .box_h = 16, .ofs_x = 0, .ofs_y = -2},
    {.bitmap_index = 43982, .adv_w = 256, .box_w = 16, .box_h = 15, .ofs_x = 0, .ofs_y = -1},
    {.bitmap_index = 44102, .adv_w = 256, .box_w = 16, .box_h = 16, .ofs_x = 0, .ofs_y = -2},
    {.bitmap_index = 44230, .adv_w = 256, .box_w = 16, .box_h = 16, .ofs_x = 0, .ofs_y = -2},
    {.bitmap_index = 44358, .adv_w = 256, .box_w = 16, .box_h = 16, .ofs_x = 0, .ofs_y = -2},
    {.bitmap_index = 44486, .adv_w = 256, .box_w = 16, .box_h = 16, .ofs_x = 0, .ofs_y = -2},
    {.bitmap_index = 44614, .adv_w = 256, .box_w = 16, .box_h = 15, .ofs_x = 0, .ofs_y = -2},
    {.bitmap_index = 44734, .adv_w = 256, .box_w = 16, .box_h = 17, .ofs_x = 0, .ofs_y = -2},
    {.bitmap_index = 44870, .adv_w = 256, .box_w = 16, .box_h = 16, .ofs_x = 0, .ofs_y = -2},
    {.bitmap_index = 44998, .adv_w = 256, .box_w = 16, .box_h = 16, .ofs_x = 0, .ofs_y = -2},
    {.bitmap_index = 45126, .adv_w = 256, .box_w = 16, .box_h = 16, .ofs_x = 0, .ofs_y = -2},
    {.bitmap_index = 45254, .adv_w = 256, .box_w = 16, .box_h = 16, .ofs_x = 0, .ofs_y = -2},
    {.bitmap_index = 45382, .adv_w = 256, .box_w = 16, .box_h = 16, .ofs_x = 0, .ofs_y = -2},
    {.bitmap_index = 45510, .adv_w = 256, .box_w = 16, .box_h = 16, .ofs_x = 0, .ofs_y = -2},
    {.bitmap_index = 45638, .adv_w = 256, .box_w = 16, .box_h = 16, .ofs_x = 0, .ofs_y = -2},
    {.bitmap_index = 45766, .adv_w = 256, .box_w = 16, .box_h = 16, .ofs_x = 0, .ofs_y = -2},
    {.bitmap_index = 45894, .adv_w = 256, .box_w = 16, .box_h = 16, .ofs_x = 0, .ofs_y = -2},
    {.bitmap_index = 46022, .adv_w = 256, .box_w = 16, .box_h = 16, .ofs_x = 0, .ofs_y = -2},
    {.bitmap_index = 46150, .adv_w = 256, .box_w = 16, .box_h = 16, .ofs_x = 0, .ofs_y = -2},
    {.bitmap_index = 46278, .adv_w = 256, .box_w = 16, .box_h = 16, .ofs_x = 0, .ofs_y = -2},
    {.bitmap_index = 46406, .adv_w = 256, .box_w = 15, .box_h = 15, .ofs_x = 1, .ofs_y = -1},
    {.bitmap_index = 46519, .adv_w = 256, .box_w = 16, .box_h = 16, .ofs_x = 0, .ofs_y = -2},
    {.bitmap_index = 46647, .adv_w = 256, .box_w = 16, .box_h = 15, .ofs_x = 0, .ofs_y = -1},
    {.bitmap_index = 46767, .adv_w = 256, .box_w = 16, .box_h = 14, .ofs_x = 0, .ofs_y = -1},
    {.bitmap_index = 46879, .adv_w = 256, .box_w = 16, .box_h = 15, .ofs_x = 0, .ofs_y = -1},
    {.bitmap_index = 46999, .adv_w = 256, .box_w = 15, .box_h = 16, .ofs_x = 0, .ofs_y = -2},
    {.bitmap_index = 47119, .adv_w = 256, .box_w = 16, .box_h = 15, .ofs_x = 0, .ofs_y = -1},
    {.bitmap_index = 47239, .adv_w = 256, .box_w = 16, .box_h = 16, .ofs_x = 0, .ofs_y = -2},
    {.bitmap_index = 47367, .adv_w = 256, .box_w = 14, .box_h = 15, .ofs_x = 1, .ofs_y = -1},
    {.bitmap_index = 47472, .adv_w = 256, .box_w = 15, .box_h = 16, .ofs_x = 1, .ofs_y = -2},
    {.bitmap_index = 47592, .adv_w = 256, .box_w = 16, .box_h = 15, .ofs_x = 0, .ofs_y = -2},
    {.bitmap_index = 47712, .adv_w = 256, .box_w = 16, .box_h = 15, .ofs_x = 0, .ofs_y = -1},
    {.bitmap_index = 47832, .adv_w = 256, .box_w = 16, .box_h = 17, .ofs_x = 0, .ofs_y = -2},
    {.bitmap_index = 47968, .adv_w = 256, .box_w = 4, .box_h = 6, .ofs_x = 2, .ofs_y = -2},
    {.bitmap_index = 47980, .adv_w = 256, .box_w = 8, .box_h = 14, .ofs_x = 0, .ofs_y = -1}
};

/*---------------------
 *  CHARACTER MAPPING
 *--------------------*/

static const uint16_t unicode_list_3[] = {
    0x0, 0xfdf, 0xfe0, 0x2dde, 0x2de8, 0x2de9, 0x2deb, 0x2e0b,
    0x2e18, 0x2e26, 0x2e6a, 0x2e85, 0x2e8c, 0x2e9e, 0x2ea3, 0x2eac,
    0x2eef, 0x2f0e, 0x2f2b, 0x2f2d, 0x2f37, 0x2f51, 0x2f5d, 0x2fbb,
    0x2fbf, 0x301a, 0x3123, 0x3126, 0x3143, 0x314a, 0x3177, 0x31a4,
    0x31d8, 0x31d9, 0x31e4, 0x320e, 0x3247, 0x327e, 0x3286, 0x32dd,
    0x3317, 0x332d, 0x333f, 0x334e, 0x3351, 0x3360, 0x3369, 0x33af,
    0x33b4, 0x33cd, 0x33d5, 0x33eb, 0x33ec, 0x33ef, 0x340d, 0x346a,
    0x349f, 0x3595, 0x3612, 0x3646, 0x36bc, 0x3706, 0x370e, 0x371e,
    0x3769, 0x37bd, 0x38e5, 0x38eb, 0x38f4, 0x38fd, 0x390f, 0x395b,
    0x3b67, 0x3b78, 0x3ba4, 0x3bda, 0x3be4, 0x3bed, 0x3bfb, 0x3c0f,
    0x3c1e, 0x3c2d, 0x3dd0, 0x3e33, 0x3e50, 0x3e54, 0x3e68, 0x3e84,
    0x3ede, 0x3eed, 0x3f0f, 0x3f33, 0x3f62, 0x3f63, 0x3fdf, 0x4040,
    0x4086, 0x41ef, 0x41f4, 0x4211, 0x4215, 0x4231, 0x4249, 0x425c,
    0x42c7, 0x42df, 0x42e7, 0x4340, 0x434c, 0x4383, 0x4386, 0x43ad,
    0x450d, 0x451c, 0x4537, 0x454e, 0x4565, 0x4577, 0x458b, 0x458e,
    0x4597, 0x45be, 0x45d4, 0x460d, 0x4660, 0x46d2, 0x46de, 0x46e7,
    0x4708, 0x470a, 0x4718, 0x475d, 0x475f, 0x47c3, 0x47e5, 0x4817,
    0x489e, 0x49db, 0x49ff, 0x4aff, 0x4b41, 0x4b42, 0x4c3e, 0x4c7f,
    0x4cb3, 0x4d29, 0x4d66, 0x4dd9, 0x4de3, 0x4e07, 0x4e6e, 0x4ebf,
    0x5097, 0x50b6, 0x50cb, 0x5114, 0x5226, 0x522a, 0x5294, 0x5506,
    0x5513, 0x5537, 0x5659, 0x5662, 0x56b6, 0x56d2, 0x56e9, 0x56fe,
    0x57df, 0x584c, 0x5999, 0x59ab, 0x59e9, 0x59eb, 0x5a58, 0x5b0a,
    0x5b27, 0x5b5c, 0x5b75, 0x5b8f, 0x5c59, 0x5e9d, 0x5eaf, 0x5eba,
    0x5ec5, 0x5ec8, 0x5ecb, 0x5ed2, 0x5f2f, 0x5f4c, 0x5fe3, 0x60db,
    0x61c8, 0x620a, 0x624d, 0x6250, 0x68a3, 0x69a0, 0x69de, 0x6b82,
    0x6b8c, 0x6b9c, 0x6b9f, 0x6bb3, 0x6bcb, 0x6bcd, 0x6bd5, 0x6bd9,
    0x6cfd, 0x6d03, 0x6d04, 0x6d91, 0x6f5b, 0x6f61, 0x6faf, 0x6fb2,
    0x6fb6, 0x6fb7, 0x6fbc, 0x6fde, 0x6fdf, 0x6fe0, 0x6fe7, 0x6ff8,
    0x7031, 0x708c, 0x712b, 0x71ab, 0x71ad, 0x747d, 0x7483, 0x74f7,
    0x755d, 0x75d2, 0x7642, 0x76de, 0x773e, 0x787a, 0xdeea, 0xdefd
};

/*Collect the unicode lists and glyph_id offsets*/
static const lv_font_fmt_txt_cmap_t cmaps[] =
{
    {
        .range_start = 32, .range_length = 95, .glyph_id_start = 1,
        .unicode_list = NULL, .glyph_id_ofs_list = NULL, .list_length = 0, .type = LV_FONT_FMT_TXT_CMAP_FORMAT0_TINY
    },
    {
        .range_start = 161, .range_length = 12, .glyph_id_start = 96,
        .unicode_list = NULL, .glyph_id_ofs_list = NULL, .list_length = 0, .type = LV_FONT_FMT_TXT_CMAP_FORMAT0_TINY
    },
    {
        .range_start = 174, .range_length = 210, .glyph_id_start = 108,
        .unicode_list = NULL, .glyph_id_ofs_list = NULL, .list_length = 0, .type = LV_FONT_FMT_TXT_CMAP_FORMAT0_TINY
    },
    {
        .range_start = 8226, .range_length = 57086, .glyph_id_start = 318,
        .unicode_list = unicode_list_3, .glyph_id_ofs_list = NULL, .list_length = 240, .type = LV_FONT_FMT_TXT_CMAP_SPARSE_TINY
    }
};

/*-----------------
 *    KERNING
 *----------------*/


/*Map glyph_ids to kern left classes*/
static const uint8_t kern_left_class_mapping[] =
{
    0, 0, 1, 2, 0, 3, 4, 5,
    2, 6, 0, 7, 8, 9, 8, 9,
    10, 11, 0, 12, 13, 14, 15, 16,
    17, 18, 11, 19, 19, 0, 0, 0,
    20, 21, 0, 0, 0, 0, 0, 0,
    0, 0, 0, 0, 0, 0, 0, 0,
    0, 0, 0, 0, 0, 0, 0, 0,
    0, 0, 0, 0, 22, 23, 0, 0,
    24, 0, 0, 0, 0, 0, 0, 0,
    0, 0, 0, 0, 0, 0, 0, 0,
    0, 0, 0, 0, 0, 0, 0, 0,
    0, 0, 0, 0, 22, 0, 0, 8,
    25, 26, 27, 28, 29, 0, 30, 0,
    21, 0, 31, 0, 21, 0, 32, 8,
    0, 0, 0, 33, 0, 8, 0, 0,
    0, 8, 0, 0, 0, 34, 0, 0,
    0, 0, 0, 0, 0, 0, 0, 0,
    0, 0, 0, 0, 0, 0, 0, 0,
    0, 0, 0, 0, 0, 0, 0, 0,
    0, 0, 0, 0, 0, 0, 0, 0,
    0, 0, 0, 0, 0, 0, 0, 0,
    0, 0, 0, 0, 0, 0, 0, 0,
    0, 0, 0, 0, 0, 8, 0, 0,
    0, 0, 0, 0, 0, 0, 0, 0,
    0, 0, 0, 0, 0, 0, 0, 0,
    0, 0, 0, 0, 0, 0, 0, 0,
    0, 0, 0, 0, 0, 0, 0, 0,
    0, 0, 0, 0, 0, 0, 0, 0,
    0, 0, 0, 0, 0, 0, 0, 0,
    0, 0, 0, 0, 0, 0, 0, 0,
    0, 0, 0, 0, 0, 0, 0, 0,
    0, 0, 0, 0, 0, 0, 0, 0,
    0, 0, 0, 0, 0, 0, 0, 0,
    0, 0, 0, 0, 0, 0, 0, 0,
    0, 0, 0, 0, 0, 0, 0, 0,
    0, 0, 0, 0, 0, 0, 0, 0,
    0, 0, 0, 0, 0, 0, 0, 0,
    0, 0, 0, 0, 0, 0, 0, 0,
    0, 0, 0, 0, 0, 0, 0, 0,
    0, 0, 0, 0, 0, 0, 8, 0,
    0, 0, 0, 0, 0, 0, 0, 0,
    0, 0, 0, 0, 0, 0, 0, 0,
    0, 0, 0, 0, 0, 0, 0, 0,
    0, 0, 0, 0, 0, 0, 0, 0,
    0, 0, 0, 0, 0, 0, 0, 0,
    0, 0, 0, 0, 0, 0, 0, 0,
    0, 0, 0, 0, 0, 0, 0, 0,
    0, 0, 0, 0, 0, 0, 0, 0,
    0, 0, 0, 0, 0, 0, 0, 0,
    0, 0, 0, 0, 0, 0, 0, 0,
    0, 0, 0, 0, 0, 0, 0, 0,
    0, 0, 0, 0, 0, 0, 0, 0,
    0, 0, 0, 0, 0, 0, 0, 0,
    0, 0, 0, 0, 0, 0, 0, 0,
    0, 0, 0, 0, 0, 0, 0, 0,
    0, 0, 0, 0, 0, 0, 0, 0,
    0, 0, 0, 0, 0, 0, 0, 0,
    0, 0, 0, 0, 0, 0, 0, 0,
    0, 0, 0, 0, 0, 0, 0, 0,
    0, 0, 0, 0, 0, 0, 0, 0,
    0, 0, 0, 0, 0, 0, 0, 0,
    0, 0, 0, 0, 0, 0, 0, 0,
    0, 0, 0, 0, 0, 0, 0, 0,
    0, 0, 0, 0, 0, 0, 0, 0,
    0, 0, 0, 0, 0, 0, 0, 0,
    0, 0, 0, 0, 0, 0, 0, 0,
    0, 0, 0, 0, 0, 0, 0, 0,
    0, 0, 0, 0, 0, 0, 0, 0,
    0, 0, 0, 0, 0, 0, 0, 0,
    0, 0, 0, 0, 0, 0
};

/*Map glyph_ids to kern right classes*/
static const uint8_t kern_right_class_mapping[] =
{
    0, 0, 1, 2, 0, 3, 4, 5,
    2, 0, 6, 7, 8, 9, 8, 9,
    10, 11, 12, 13, 14, 15, 16, 11,
    17, 18, 19, 20, 20, 0, 0, 0,
    21, 22, 0, 0, 0, 0, 0, 0,
    0, 0, 0, 0, 0, 0, 0, 0,
    0, 0, 0, 0, 0, 0, 0, 0,
    0, 0, 0, 0, 23, 24, 25, 0,
    26, 0, 0, 0, 0, 0, 0, 0,
    0, 0, 0, 0, 0, 0, 0, 0,
    0, 0, 0, 0, 0, 0, 0, 0,
    0, 0, 0, 0, 0, 0, 25, 8,
    27, 28, 29, 30, 31, 0, 32, 0,
    22, 0, 8, 8, 22, 0, 33, 8,
    0, 0, 0, 34, 35, 8, 0, 0,
    0, 36, 0, 0, 0, 37, 0, 0,
    0, 0, 0, 0, 0, 0, 0, 0,
    0, 0, 0, 0, 0, 0, 0, 0,
    0, 0, 0, 0, 0, 0, 0, 0,
    0, 0, 0, 0, 0, 0, 0, 0,
    0, 0, 0, 0, 0, 0, 0, 0,
    0, 0, 0, 0, 0, 0, 0, 0,
    0, 0, 0, 0, 0, 8, 0, 0,
    0, 0, 0, 0, 0, 0, 0, 0,
    0, 0, 0, 0, 0, 0, 0, 0,
    0, 0, 0, 0, 0, 0, 0, 0,
    0, 0, 0, 0, 0, 0, 0, 0,
    0, 0, 0, 0, 0, 0, 0, 0,
    0, 0, 0, 0, 0, 0, 0, 0,
    0, 0, 0, 0, 0, 0, 0, 0,
    0, 0, 0, 0, 0, 0, 0, 0,
    0, 0, 0, 0, 0, 0, 0, 0,
    0, 0, 0, 0, 0, 0, 0, 0,
    0, 0, 0, 0, 0, 0, 0, 0,
    0, 0, 0, 0, 0, 0, 0, 0,
    0, 0, 0, 0, 0, 0, 0, 0,
    0, 0, 0, 0, 0, 0, 0, 0,
    0, 0, 0, 0, 0, 0, 0, 0,
    0, 0, 0, 0, 0, 0, 0, 0,
    0, 0, 0, 0, 0, 0, 8, 0,
    0, 0, 0, 0, 0, 0, 0, 0,
    0, 0, 0, 0, 0, 0, 0, 0,
    0, 0, 0, 0, 0, 0, 0, 0,
    0, 0, 0, 0, 0, 0, 0, 0,
    0, 0, 0, 0, 0, 0, 0, 0,
    0, 0, 0, 0, 0, 0, 0, 0,
    0, 0, 0, 0, 0, 0, 0, 0,
    0, 0, 0, 0, 0, 0, 0, 0,
    0, 0, 0, 0, 0, 0, 0, 0,
    0, 0, 0, 0, 0, 0, 0, 0,
    0, 0, 0, 0, 0, 0, 0, 0,
    0, 0, 0, 0, 0, 0, 0, 0,
    0, 0, 0, 0, 0, 0, 0, 0,
    0, 0, 0, 0, 0, 0, 0, 0,
    0, 0, 0, 0, 0, 0, 0, 0,
    0, 0, 0, 0, 0, 0, 0, 0,
    0, 0, 0, 0, 0, 0, 0, 0,
    0, 0, 0, 0, 0, 0, 0, 0,
    0, 0, 0, 0, 0, 0, 0, 0,
    0, 0, 0, 0, 0, 0, 0, 0,
    0, 0, 0, 0, 0, 0, 0, 0,
    0, 0, 0, 0, 0, 0, 0, 0,
    0, 0, 0, 0, 0, 0, 0, 0,
    0, 0, 0, 0, 0, 0, 0, 0,
    0, 0, 0, 0, 0, 0, 0, 0,
    0, 0, 0, 0, 0, 0, 0, 0,
    0, 0, 0, 0, 0, 0, 0, 0,
    0, 0, 0, 0, 0, 0, 0, 0,
    0, 0, 0, 0, 0, 0, 0, 0,
    0, 0, 0, 0, 0, 0
};

/*Kern values between classes*/
static const int8_t kern_class_values[] =
{
    0, 0, 0, 0, 0, 0, 2, 0,
    0, 0, 0, 3, 0, 0, 0, 0,
    1, 0, 0, 0, 0, 0, 0, 0,
    0, 0, 0, 0, 0, 0, 4, 0,
    0, 0, 0, 0, 0, 0, 12, 0,
    6, -5, 0, 5, 0, -14, -15, 1,
    12, 5, 4, -10, 1, 12, 0, 10,
    3, 8, -4, 0, 15, 3, -1, 0,
    -4, 0, -5, 5, 0, 5, 0, 10,
    0, -9, 0, -8, 0, 0, 0, 0,
    -5, 4, 5, 0, 0, -3, 0, -1,
    3, 0, -3, 0, -3, -1, -5, 0,
    0, -3, 0, -5, 0, 0, 0, 0,
    0, 0, -4, 0, 0, 0, -3, 0,
    -6, 0, -31, 0, -5, -13, 5, 8,
    0, 0, -5, 3, 3, 8, 5, -4,
    5, 0, 0, -14, 0, 0, -9, 0,
    0, 0, 6, 0, 0, 0, 0, -6,
    0, 0, 0, 0, -3, -12, 0, -10,
    -1, 0, -8, 0, 0, 9, 0, -8,
    -3, 0, 0, 0, -4, 0, 0, -2,
    -18, 0, 0, -20, -3, 8, -3, 0,
    0, 0, 0, 0, -12, 0, -13, 0,
    0, 0, 0, 0, 0, 0, 0, 0,
    0, 0, 9, 0, 3, 0, 0, -5,
    0, 0, 0, 0, 0, 0, 0, 0,
    10, 3, 0, 0, 0, 0, 0, 5,
    0, 0, 0, 0, 0, 0, 2, 5,
    3, 8, -3, 0, 5, -3, -9, -35,
    1, 6, 5, 0, -3, 0, 8, 0,
    8, 0, 8, 0, 0, 0, 0, -3,
    0, -4, 0, 1, 0, 0, 8, 0,
    9, 4, -20, 0, 0, -4, -9, 0,
    0, -3, 0, -2, 0, 1, -5, -4,
    -5, 1, 0, -3, 0, 0, 0, -10,
    1, 0, -17, 0, 0, 0, 3, 0,
    1, -6, 3, 0, 0, -22, -3, 0,
    0, -14, 3, -17, 0, 0, -9, -2,
    0, 24, -3, -4, 3, 3, -1, 0,
    -4, 3, 0, 0, -14, -5, 0, -24,
    0, 3, 0, -3, 0, -3, -8, 0,
    -17, 0, -35, 0, 3, 0, 15, -5,
    0, -9, 9, 0, -18, -24, -18, -5,
    8, 0, 0, -17, 0, 3, -6, 0,
    -4, 0, -5, 0, 5, 8, -31, -17,
    -17, -3, 0, 10, -5, 12, -17, 0,
    -12, -19, 0, 1, 0, 0, 0, 0,
    1, 1, -3, -5, 0, 0, 0, -3,
    0, 0, -1, 0, 0, 0, -5, 0,
    0, -5, 0, -5, 0, 0, 0, 0,
    -3, 0, 0, 0, 0, 0, -8, 0,
    0, 0, 3, -1, 0, 0, -1, 3,
    3, 0, 0, 0, 0, -4, 0, 0,
    0, 0, 0, 0, 0, 0, -1, 0,
    8, 0, -3, 0, 0, 0, 0, 0,
    0, 0, 0, 0, 0, -3, 0, -3,
    0, 0, 0, 0, 0, 0, 0, 0,
    -1, -1, 0, -3, -3, 0, 0, 0,
    0, 0, 0, 0, 0, 0, 0, 0,
    0, 0, 0, 0, -4, 0, 0, 0,
    0, 0, -8, -1, -8, 5, 0, -5,
    3, 5, 6, 0, -6, 0, -3, 0,
    0, -12, 3, -1, 2, -14, 3, 0,
    -13, 0, 5, 0, 4, 3, 3, -3,
    6, -8, 0, -5, 0, 3, 0, 0,
    0, -3, 0, 0, -3, 0, 0, 0,
    0, 0, -1, -1, 0, -1, -3, 0,
    0, 0, 0, 0, 0, -3, 0, 0,
    0, 0, 0, 0, 0, 0, -3, 0,
    0, 0, 0, 0, -1, 0, -5, 3,
    0, -3, 1, 3, 3, 0, 0, 0,
    0, 0, 0, -1, 0, 0, 0, 0,
    0, 0, 0, 0, 0, 0, 2, 0,
    3, 0, 5, -4, 0, 0, 0, 0,
    0, 8, -1, 0, -8, 0, 6, -13,
    -13, -10, -5, 3, 0, -2, -17, -5,
    0, -5, 0, -5, 4, -5, 0, 3,
    1, -8, -6, -13, -3, -5, 4, -3,
    2, -6, 6, -4, -15, 0, 0, 0,
    -3, 0, 0, 1, 0, 3, 0, 0,
    0, 0, 0, 0, 0, 0, 0, 0,
    0, -3, 0, 0, -8, 0, 0, 0,
    0, 0, 0, -3, 3, 0, 0, 0,
    0, -5, 0, 3, 0, 0, 0, 0,
    0, 0, 0, 13, 0, 0, 0, 0,
    0, 0, 1, 0, 0, 0, -3, 0,
    0, -5, 0, 3, 0, 0, 0, 0,
    -10, 0, 0, 0, 0, 0, 0, -1,
    0, 0, 0, -4, 0, 3, 0, -13,
    -8, 0, 0, 0, -4, -13, 0, 0,
    -3, 3, 0, -10, 0, -3, 0, 0,
    -4, -1, -3, 0, 0, -4, 0, 3,
    0, 0, 3, -27, 0, -4, 0, 0,
    0, 3, 0, 1, -5, -5, 0, -3,
    -3, -3, 0, 0, 0, 0, 0, 0,
    -8, 0, 0, -5, 3, -8, 0, 0,
    0, 0, 0, 0, 3, 0, 0, 0,
    -5, 0, 3, 0, 0, 0, 3, 0,
    -2, 0, 10, 0, 5, 0, 0, -4,
    0, 5, 0, 0, 0, 3, 0, 0,
    8, 0, 8, 0, 0, 0, 0, 5,
    0, 0, 0, 0, 0, 0, 0, -15,
    0, -3, 4, 8, -35, 0, 24, 3,
    -5, -5, 3, 3, -1, 0, -13, 0,
    0, 13, -15, -5, 0, -18, 10, 36,
    10, 0, 0, 0, 0, 8, -15, 0,
    -8, 2, 8, 0, -1, 5, -6, 0,
    0, -3, 0, 3, 32, -5, -2, 8,
    6, -6, 3, 0, 0, 3, 3, -4,
    -8, 0, -33, 8, 0, 4, -6, 4,
    -1, -3, 6, 0, 0, -16, 3, 0,
    0, 0, 0, 0, 0, 0, 0, 0,
    0, 10, 0, -5, 0, 0, 0, 0,
    0, 0, 0, 0, 0, 0, 0, -14,
    0, 4, 0, 0, 0, 0, -5, 0,
    0, 0, 0, 0, 0, 0, 0, 0,
    0, -5, -6, 4, -4, 5, 0, -1,
    -6, -1, -4, -4, 0, -3, -1, -1,
    2, -4, 0, -1, -12, -2, 0, 0,
    -2, 0, 0, 0, -2, 4, 0, 0,
    0, -1, 0, 0, -3, 0, -9, 0,
    5, -8, 0, 3, -9, 4, -3, -3,
    -8, -4, 1, -8, -5, -8, 0, -3,
    0, 4, 0, 4, -6, -8, 0, 0,
    0, -3, 0, -5, 3, -4, -5, 0,
    0, 0, 0, 0, 0, 1, 1, -3,
    0, 0, 0, -2, 0, 0, 0, -3,
    0, 0, 0, 0, 0, 0, 0, 0,
    -1, 0, 0, 0, 0, 0, 0, 0,
    0, 0, 0, -1, 4, 5, 0, 0,
    0, 5, 0, -6, -8, -8, -3, 8,
    0, 3, -3, 0, 6, -3, 0, -10,
    0, 0, 0, 13, 5, -3, -5, 0,
    0, 0, 0, 0, 0, 0, 0, 0,
    -10, 0, 0, 0, 0, 0, 0, 0,
    5, 0, 5, 0, 0, 0, 0, 4,
    0, 1, 3, 0, 0, 0, 0, 0,
    0, 0, 1, 0, 1, 0, 0, 0,
    0, 0, 1, 0, 0, 0, 0, 0,
    0, 0, 0, 0, 4, -3, 0, 2,
    0, 0, 0, 0, 1, 1, 0, 0,
    0, 0, -3, 0, 0, -14, 0, 3,
    0, 0, 0, 0, 0, 0, 0, 0,
    0, 0, 1, 0, 5, 5, 6, 0,
    0, 8, 0, -17, -14, 0, 12, 8,
    4, -10, 1, 10, 0, 9, 0, 5,
    3, 0, 14, 0, 0, 0, -4, 0,
    0, 0, 0, 0, 0, 0, 0, -15,
    0, 0, -3, 0, 0, 0, 0, 0,
    0, 0, 0, -1, 0, 0, 0, 0,
    0, 0, 0, 0, 5, 0, 0, -17,
    0, 0, 0, 0, 0, 0, 0, 0,
    0, 0, 0, 0, 0, 0, -10, 0,
    -15, -4, 0, -22, -10, 0, 10, -13,
    -12, 0, 0, -12, 0, -12, -12, 0,
    0, -35, -14, 0, -23, 3, 13, 0,
    -10, 3, -4, -13, 0, -15, -3, -23,
    -3, -5
};


/*Collect the kern class' data in one place*/
static const lv_font_fmt_txt_kern_classes_t kern_classes =
{
    .class_pair_values   = kern_class_values,
    .left_class_mapping  = kern_left_class_mapping,
    .right_class_mapping = kern_right_class_mapping,
    .left_class_cnt      = 34,
    .right_class_cnt     = 37,
};

/*--------------------
 *  ALL CUSTOM DATA
 *--------------------*/

#if LVGL_VERSION_MAJOR == 8
/*Store all the custom data of the font*/
static  lv_font_fmt_txt_glyph_cache_t cache;
#endif

#if LVGL_VERSION_MAJOR >= 8
static const lv_font_fmt_txt_dsc_t font_dsc = {
#else
static lv_font_fmt_txt_dsc_t font_dsc = {
#endif
    .glyph_bitmap = glyph_bitmap,
    .glyph_dsc = glyph_dsc,
    .cmaps = cmaps,
    .kern_dsc = &kern_classes,
    .kern_scale = 16,
    .cmap_num = 4,
    .bpp = 4,
    .kern_classes = 1,
    .bitmap_format = 0,
#if LVGL_VERSION_MAJOR == 8
    .cache = &cache
#endif
};



/*-----------------
 *  PUBLIC FONT
 *----------------*/

/*Initialize a public general font descriptor*/
#if LVGL_VERSION_MAJOR >= 8
const lv_font_t font_ui_bold_16 = {
#else
lv_font_t font_ui_bold_16 = {
#endif
    .get_glyph_dsc = lv_font_get_glyph_dsc_fmt_txt,    /*Function pointer to get glyph's data*/
    .get_glyph_bitmap = lv_font_get_bitmap_fmt_txt,    /*Function pointer to get glyph's bitmap*/
    .line_height = 21,          /*The maximum line height required by the font*/
    .base_line = 5,             /*Baseline measured from the bottom of the line*/
#if !(LVGL_VERSION_MAJOR == 6 && LVGL_VERSION_MINOR == 0)
    .subpx = LV_FONT_SUBPX_NONE,
#endif
#if LV_VERSION_CHECK(7, 4, 0) || LVGL_VERSION_MAJOR >= 8
    .underline_position = -2,
    .underline_thickness = 1,
#endif
    .dsc = &font_dsc,          /*The custom font data. Will be accessed by `get_glyph_bitmap/dsc` */
#if LV_VERSION_CHECK(8, 2, 0) || LVGL_VERSION_MAJOR >= 9
    .fallback = NULL,
#endif
    .user_data = NULL,
};



#endif /*#if FONT_UI_BOLD_16*/

